BioProject&ID,Run&ID,Organ,Treatment,Experiment,Description
PRJNA274853,SRR1793815,Stem,J902$24hpi,Sclerotinia&Sclerotiorum&infection&(J902&and&J964&at&24%&48%&96&h),B.&napus&Transcriptome&after&S.&sclerotiorum&infection.&The&experiment&consisted&of&24&samples&containing&susceptible&(J902)&and&resistant&(J964)&genotypes&and&was&sampled&at&24%&48%&and&96&h&after&treatment&with&three&biological&replications.
PRJNA274853,SRR1793826,Stem,J902$24hpi,Sclerotinia&Sclerotiorum&infection&(J902&and&J964&at&24%&48%&96&h),B.&napus&Transcriptome&after&S.&sclerotiorum&infection.&The&experiment&consisted&of&24&samples&containing&susceptible&(J902)&and&resistant&(J964)&genotypes&and&was&sampled&at&24%&48%&and&96&h&after&treatment&with&three&biological&replications.
PRJNA274853,SRR1793831,Stem,J902$24hpi,Sclerotinia&Sclerotiorum&infection&(J902&and&J964&at&24%&48%&96&h),B.&napus&Transcriptome&after&S.&sclerotiorum&infection.&The&experiment&consisted&of&24&samples&containing&susceptible&(J902)&and&resistant&(J964)&genotypes&and&was&sampled&at&24%&48%&and&96&h&after&treatment&with&three&biological&replications.
PRJNA274853,SRR1793832,Stem,J902$48hpi,Sclerotinia&Sclerotiorum&infection&(J902&and&J964&at&24%&48%&96&h),B.&napus&Transcriptome&after&S.&sclerotiorum&infection.&The&experiment&consisted&of&24&samples&containing&susceptible&(J902)&and&resistant&(J964)&genotypes&and&was&sampled&at&24%&48%&and&96&h&after&treatment&with&three&biological&replications.
PRJNA274853,SRR1793833,Stem,J902$48hpi,Sclerotinia&Sclerotiorum&infection&(J902&and&J964&at&24%&48%&96&h),B.&napus&Transcriptome&after&S.&sclerotiorum&infection.&The&experiment&consisted&of&24&samples&containing&susceptible&(J902)&and&resistant&(J964)&genotypes&and&was&sampled&at&24%&48%&and&96&h&after&treatment&with&three&biological&replications.
PRJNA274853,SRR1793834,Stem,J902$48hpi,Sclerotinia&Sclerotiorum&infection&(J902&and&J964&at&24%&48%&96&h),B.&napus&Transcriptome&after&S.&sclerotiorum&infection.&The&experiment&consisted&of&24&samples&containing&susceptible&(J902)&and&resistant&(J964)&genotypes&and&was&sampled&at&24%&48%&and&96&h&after&treatment&with&three&biological&replications.
PRJNA274853,SRR1793847,Stem,J902$96hpi,Sclerotinia&Sclerotiorum&infection&(J902&and&J964&at&24%&48%&96&h),B.&napus&Transcriptome&after&S.&sclerotiorum&infection.&The&experiment&consisted&of&24&samples&containing&susceptible&(J902)&and&resistant&(J964)&genotypes&and&was&sampled&at&24%&48%&and&96&h&after&treatment&with&three&biological&replications.
PRJNA274853,SRR1793856,Stem,J902$96hpi,Sclerotinia&Sclerotiorum&infection&(J902&and&J964&at&24%&48%&96&h),B.&napus&Transcriptome&after&S.&sclerotiorum&infection.&The&experiment&consisted&of&24&samples&containing&susceptible&(J902)&and&resistant&(J964)&genotypes&and&was&sampled&at&24%&48%&and&96&h&after&treatment&with&three&biological&replications.
PRJNA274853,SRR1793857,Stem,J902$96hpi,Sclerotinia&Sclerotiorum&infection&(J902&and&J964&at&24%&48%&96&h),B.&napus&Transcriptome&after&S.&sclerotiorum&infection.&The&experiment&consisted&of&24&samples&containing&susceptible&(J902)&and&resistant&(J964)&genotypes&and&was&sampled&at&24%&48%&and&96&h&after&treatment&with&three&biological&replications.
PRJNA274853,SRR1793858,Stem,J902$Normal,Sclerotinia&Sclerotiorum&infection&(J902&and&J964&at&24%&48%&96&h),B.&napus&Transcriptome&after&S.&sclerotiorum&infection.&The&experiment&consisted&of&24&samples&containing&susceptible&(J902)&and&resistant&(J964)&genotypes&and&was&sampled&at&24%&48%&and&96&h&after&treatment&with&three&biological&replications.
PRJNA274853,SRR1793859,Stem,J902$Normal,Sclerotinia&Sclerotiorum&infection&(J902&and&J964&at&24%&48%&96&h),B.&napus&Transcriptome&after&S.&sclerotiorum&infection.&The&experiment&consisted&of&24&samples&containing&susceptible&(J902)&and&resistant&(J964)&genotypes&and&was&sampled&at&24%&48%&and&96&h&after&treatment&with&three&biological&replications.
PRJNA274853,SRR1793860,Stem,J902$Normal,Sclerotinia&Sclerotiorum&infection&(J902&and&J964&at&24%&48%&96&h),B.&napus&Transcriptome&after&S.&sclerotiorum&infection.&The&experiment&consisted&of&24&samples&containing&susceptible&(J902)&and&resistant&(J964)&genotypes&and&was&sampled&at&24%&48%&and&96&h&after&treatment&with&three&biological&replications.
PRJNA274853,SRR1793863,Stem,J964$24hpi,Sclerotinia&Sclerotiorum&infection&(J902&and&J964&at&24%&48%&96&h),B.&napus&Transcriptome&after&S.&sclerotiorum&infection.&The&experiment&consisted&of&24&samples&containing&susceptible&(J902)&and&resistant&(J964)&genotypes&and&was&sampled&at&24%&48%&and&96&h&after&treatment&with&three&biological&replications.
PRJNA274853,SRR1793864,Stem,J964$24hpi,Sclerotinia&Sclerotiorum&infection&(J902&and&J964&at&24%&48%&96&h),B.&napus&Transcriptome&after&S.&sclerotiorum&infection.&The&experiment&consisted&of&24&samples&containing&susceptible&(J902)&and&resistant&(J964)&genotypes&and&was&sampled&at&24%&48%&and&96&h&after&treatment&with&three&biological&replications.
PRJNA274853,SRR1793865,Stem,J964$24hpi,Sclerotinia&Sclerotiorum&infection&(J902&and&J964&at&24%&48%&96&h),B.&napus&Transcriptome&after&S.&sclerotiorum&infection.&The&experiment&consisted&of&24&samples&containing&susceptible&(J902)&and&resistant&(J964)&genotypes&and&was&sampled&at&24%&48%&and&96&h&after&treatment&with&three&biological&replications.
PRJNA274853,SRR1793876,Stem,J964$48hpi,Sclerotinia&Sclerotiorum&infection&(J902&and&J964&at&24%&48%&96&h),B.&napus&Transcriptome&after&S.&sclerotiorum&infection.&The&experiment&consisted&of&24&samples&containing&susceptible&(J902)&and&resistant&(J964)&genotypes&and&was&sampled&at&24%&48%&and&96&h&after&treatment&with&three&biological&replications.
PRJNA274853,SRR1793908,Stem,J964$48hpi,Sclerotinia&Sclerotiorum&infection&(J902&and&J964&at&24%&48%&96&h),B.&napus&Transcriptome&after&S.&sclerotiorum&infection.&The&experiment&consisted&of&24&samples&containing&susceptible&(J902)&and&resistant&(J964)&genotypes&and&was&sampled&at&24%&48%&and&96&h&after&treatment&with&three&biological&replications.
PRJNA274853,SRR1793909,Stem,J964$48hpi,Sclerotinia&Sclerotiorum&infection&(J902&and&J964&at&24%&48%&96&h),B.&napus&Transcriptome&after&S.&sclerotiorum&infection.&The&experiment&consisted&of&24&samples&containing&susceptible&(J902)&and&resistant&(J964)&genotypes&and&was&sampled&at&24%&48%&and&96&h&after&treatment&with&three&biological&replications.
PRJNA274853,SRR1793911,Stem,J964$96hpi,Sclerotinia&Sclerotiorum&infection&(J902&and&J964&at&24%&48%&96&h),B.&napus&Transcriptome&after&S.&sclerotiorum&infection.&The&experiment&consisted&of&24&samples&containing&susceptible&(J902)&and&resistant&(J964)&genotypes&and&was&sampled&at&24%&48%&and&96&h&after&treatment&with&three&biological&replications.
PRJNA274853,SRR1793914,Stem,J964$96hpi,Sclerotinia&Sclerotiorum&infection&(J902&and&J964&at&24%&48%&96&h),B.&napus&Transcriptome&after&S.&sclerotiorum&infection.&The&experiment&consisted&of&24&samples&containing&susceptible&(J902)&and&resistant&(J964)&genotypes&and&was&sampled&at&24%&48%&and&96&h&after&treatment&with&three&biological&replications.
PRJNA274853,SRR1793916,Stem,J964$96hpi,Sclerotinia&Sclerotiorum&infection&(J902&and&J964&at&24%&48%&96&h),B.&napus&Transcriptome&after&S.&sclerotiorum&infection.&The&experiment&consisted&of&24&samples&containing&susceptible&(J902)&and&resistant&(J964)&genotypes&and&was&sampled&at&24%&48%&and&96&h&after&treatment&with&three&biological&replications.
PRJNA274853,SRR1793924,Stem,J964$Normal,Sclerotinia&Sclerotiorum&infection&(J902&and&J964&at&24%&48%&96&h),B.&napus&Transcriptome&after&S.&sclerotiorum&infection.&The&experiment&consisted&of&24&samples&containing&susceptible&(J902)&and&resistant&(J964)&genotypes&and&was&sampled&at&24%&48%&and&96&h&after&treatment&with&three&biological&replications.
PRJNA274853,SRR1793925,Stem,J964$Normal,Sclerotinia&Sclerotiorum&infection&(J902&and&J964&at&24%&48%&96&h),B.&napus&Transcriptome&after&S.&sclerotiorum&infection.&The&experiment&consisted&of&24&samples&containing&susceptible&(J902)&and&resistant&(J964)&genotypes&and&was&sampled&at&24%&48%&and&96&h&after&treatment&with&three&biological&replications.
PRJNA274853,SRR1793927,Stem,J964$Normal,Sclerotinia&Sclerotiorum&infection&(J902&and&J964&at&24%&48%&96&h),B.&napus&Transcriptome&after&S.&sclerotiorum&infection.&The&experiment&consisted&of&24&samples&containing&susceptible&(J902)&and&resistant&(J964)&genotypes&and&was&sampled&at&24%&48%&and&96&h&after&treatment&with&three&biological&replications.
PRJNA278304,SRR1915969,Leaf,Normal$24&hpi,Sclerotinia&Sclerotiorum&infection&(24&and&48&h),Genome&wide&transcriptome&profiling&of&B.&napus&in&response&to&Sclerotinia&sclerotiorum&at&24&hpi&and&48h&hpi&under&a&compatible&interaction
PRJNA278304,SRR1915970,Leaf,Normal$24&hpi,Sclerotinia&Sclerotiorum&infection&(24&and&48&h),Genome&wide&transcriptome&profiling&of&B.&napus&in&response&to&Sclerotinia&sclerotiorum&at&24&hpi&and&48h&hpi&under&a&compatible&interaction
PRJNA278304,SRR1915971,Leaf,Normal$24&hpi,Sclerotinia&Sclerotiorum&infection&(24&and&48&h),Genome&wide&transcriptome&profiling&of&B.&napus&in&response&to&Sclerotinia&sclerotiorum&at&24&hpi&and&48h&hpi&under&a&compatible&interaction
PRJNA278304,SRR1915972,Leaf,24&hpi,Sclerotinia&Sclerotiorum&infection&(24&and&48&h),Genome&wide&transcriptome&profiling&of&B.&napus&in&response&to&Sclerotinia&sclerotiorum&at&24&hpi&and&48h&hpi&under&a&compatible&interaction
PRJNA278304,SRR1915973,Leaf,24&hpi,Sclerotinia&Sclerotiorum&infection&(24&and&48&h),Genome&wide&transcriptome&profiling&of&B.&napus&in&response&to&Sclerotinia&sclerotiorum&at&24&hpi&and&48h&hpi&under&a&compatible&interaction
PRJNA278304,SRR1915977,Leaf,24&hpi,Sclerotinia&Sclerotiorum&infection&(24&and&48&h),Genome&wide&transcriptome&profiling&of&B.&napus&in&response&to&Sclerotinia&sclerotiorum&at&24&hpi&and&48h&hpi&under&a&compatible&interaction
PRJNA278304,SRR1915978,Leaf,Normal$48&hpi,Sclerotinia&Sclerotiorum&infection&(24&and&48&h),Genome&wide&transcriptome&profiling&of&B.&napus&in&response&to&Sclerotinia&sclerotiorum&at&24&hpi&and&48h&hpi&under&a&compatible&interaction
PRJNA278304,SRR1915979,Leaf,Normal$48&hpi,Sclerotinia&Sclerotiorum&infection&(24&and&48&h),Genome&wide&transcriptome&profiling&of&B.&napus&in&response&to&Sclerotinia&sclerotiorum&at&24&hpi&and&48h&hpi&under&a&compatible&interaction
PRJNA278304,SRR1915980,Leaf,Normal$48&hpi,Sclerotinia&Sclerotiorum&infection&(24&and&48&h),Genome&wide&transcriptome&profiling&of&B.&napus&in&response&to&Sclerotinia&sclerotiorum&at&24&hpi&and&48h&hpi&under&a&compatible&interaction
PRJNA278304,SRR1915981,Leaf,48&hpi,Sclerotinia&Sclerotiorum&infection&(24&and&48&h),Genome&wide&transcriptome&profiling&of&B.&napus&in&response&to&Sclerotinia&sclerotiorum&at&24&hpi&and&48h&hpi&under&a&compatible&interaction
PRJNA278304,SRR1915982,Leaf,48&hpi,Sclerotinia&Sclerotiorum&infection&(24&and&48&h),Genome&wide&transcriptome&profiling&of&B.&napus&in&response&to&Sclerotinia&sclerotiorum&at&24&hpi&and&48h&hpi&under&a&compatible&interaction
PRJNA278304,SRR1915983,Leaf,48&hpi,Sclerotinia&Sclerotiorum&infection&(24&and&48&h),Genome&wide&transcriptome&profiling&of&B.&napus&in&response&to&Sclerotinia&sclerotiorum&at&24&hpi&and&48h&hpi&under&a&compatible&interaction
PRJNA361043,SRR5179562,Stem,48&hpi,Sclerotinia&Sclerotiorum&infection&(48&h),The&molecular&mechanisms&in&oilseed&rape&response&to&S.&sclerotiorum&at&transcriptional&levels.&In&the&current&study%&two&RNA&libraries&for&mock$inoculation&and&48&h&post$inoculation&were&performed&on&Illumina&platform.&
PRJNA361043,SRR5179608,Stem,Normal,Sclerotinia&Sclerotiorum&infection&(48&h),The&molecular&mechanisms&in&oilseed&rape&response&to&S.&sclerotiorum&at&transcriptional&levels.&In&the&current&study%&two&RNA&libraries&for&mock$inoculation&and&48&h&post$inoculation&were&performed&on&Illumina&platform.&
PRJNA471157,SRR7159498,Stem,Overexpression&of&OsPGIP2&3&dpi,Sclerotinia&Sclerotiorum&infection&(Overexpression&OsPGIP2),Overexpression&of&OsPGIP2&confers&Sclerotinia&sclerotiorum&resistance&in&Brassica&napus.&In&this&study%&the&exogenous&OsPGIP2&gene&was&transformed&and&introduced&into&two&different&rapeseed&backgrounds&(T45WT&and&7$5WT)&and&assessed&the&enhancement&of&S.&sclerotiorum&resistance&in&transgenic&rapeseed&lines&(7$5D&and&T45B#2).
PRJNA471157,SRR7159499,Stem,Control&3&dpi,Sclerotinia&Sclerotiorum&infection&(Overexpression&OsPGIP2),Overexpression&of&OsPGIP2&confers&Sclerotinia&sclerotiorum&resistance&in&Brassica&napus.&In&this&study%&the&exogenous&OsPGIP2&gene&was&transformed&and&introduced&into&two&different&rapeseed&backgrounds&(T45WT&and&7$5WT)&and&assessed&the&enhancement&of&S.&sclerotiorum&resistance&in&transgenic&rapeseed&lines&(7$5D&and&T45B#2).
PRJNA471157,SRR7159500,Stem,Overexpression&of&OsPGIP2&3&dpi,Sclerotinia&Sclerotiorum&infection&(Overexpression&OsPGIP2),Overexpression&of&OsPGIP2&confers&Sclerotinia&sclerotiorum&resistance&in&Brassica&napus.&In&this&study%&the&exogenous&OsPGIP2&gene&was&transformed&and&introduced&into&two&different&rapeseed&backgrounds&(T45WT&and&7$5WT)&and&assessed&the&enhancement&of&S.&sclerotiorum&resistance&in&transgenic&rapeseed&lines&(7$5D&and&T45B#2).
PRJNA471157,SRR7159501,Stem,Control&3&dpi,Sclerotinia&Sclerotiorum&infection&(Overexpression&OsPGIP2),Overexpression&of&OsPGIP2&confers&Sclerotinia&sclerotiorum&resistance&in&Brassica&napus.&In&this&study%&the&exogenous&OsPGIP2&gene&was&transformed&and&introduced&into&two&different&rapeseed&backgrounds&(T45WT&and&7$5WT)&and&assessed&the&enhancement&of&S.&sclerotiorum&resistance&in&transgenic&rapeseed&lines&(7$5D&and&T45B#2).
PRJNA322501,SRR3571677,Stem,Inoculated&stems,Leptosphaeria&maculans&infection&(stem&and&cotyledon),RNA$seq&experiments&of&systemic&colonization&of&oilseed&rape&by&Leptosphaeria&maculans&in&infected&cotyledons&and&in&symptomless&and&necrotic&stems.&
PRJNA322501,SRR3571676,Stem,Inoculated&stems,Leptosphaeria&maculans&infection&(stem&and&cotyledon),RNA$seq&experiments&of&systemic&colonization&of&oilseed&rape&by&Leptosphaeria&maculans&in&infected&cotyledons&and&in&symptomless&and&necrotic&stems.&
PRJNA322501,SRR3571675,Stem,Non&inoculated&stems,Leptosphaeria&maculans&infection&(stem&and&cotyledon),RNA$seq&experiments&of&systemic&colonization&of&oilseed&rape&by&Leptosphaeria&maculans&in&infected&cotyledons&and&in&symptomless&and&necrotic&stems.&
PRJNA322501,SRR3571674,Stem,Non&inoculated&stems,Leptosphaeria&maculans&infection&(stem&and&cotyledon),RNA$seq&experiments&of&systemic&colonization&of&oilseed&rape&by&Leptosphaeria&maculans&in&infected&cotyledons&and&in&symptomless&and&necrotic&stems.&
PRJNA322501,SRR3571673,Leaf,Inoculated&cotyledons,Leptosphaeria&maculans&infection&(stem&and&cotyledon),RNA$seq&experiments&of&systemic&colonization&of&oilseed&rape&by&Leptosphaeria&maculans&in&infected&cotyledons&and&in&symptomless&and&necrotic&stems.&
PRJNA322501,SRR3571672,Leaf,Inoculated&cotyledons,Leptosphaeria&maculans&infection&(stem&and&cotyledon),RNA$seq&experiments&of&systemic&colonization&of&oilseed&rape&by&Leptosphaeria&maculans&in&infected&cotyledons&and&in&symptomless&and&necrotic&stems.&
PRJNA322501,SRR3571671,Leaf,Non&inoculated&cotyledons,Leptosphaeria&maculans&infection&(stem&and&cotyledon),RNA$seq&experiments&of&systemic&colonization&of&oilseed&rape&by&Leptosphaeria&maculans&in&infected&cotyledons&and&in&symptomless&and&necrotic&stems.&
PRJNA322501,SRR3571670,Leaf,Non&inoculated&cotyledons,Leptosphaeria&maculans&infection&(stem&and&cotyledon),RNA$seq&experiments&of&systemic&colonization&of&oilseed&rape&by&Leptosphaeria&maculans&in&infected&cotyledons&and&in&symptomless&and&necrotic&stems.&
PRJNA378851,SRR5358952,Leaf,T35B1_03$15$03_Com,Leptosphaeria&maculans&infection&(T35SBLMR1.1%&TBLMR1.1%&TRlm2%&and&Westar),Analysis&of&transcriptomic&dynamics&during&the&compatible&(Com)&and&incompatible&(Incom)&interactions&between&Brassica&napus&(T35SBLMR1.1%&TBLMR1.1%&TRlm2%&and&Westar)&and&Leptosphaeria&maculans&Transcriptome
PRJNA378851,SRR5358951,Leaf,T35B1_03$15$03_Com,Leptosphaeria&maculans&infection&(T35SBLMR1.1%&TBLMR1.1%&TRlm2%&and&Westar),Analysis&of&transcriptomic&dynamics&during&the&compatible&(Com)&and&incompatible&(Incom)&interactions&between&Brassica&napus&(T35SBLMR1.1%&TBLMR1.1%&TRlm2%&and&Westar)&and&Leptosphaeria&maculans&Transcriptome
PRJNA378851,SRR5358954,Leaf,T35B1_03$42$06_Inom,Leptosphaeria&maculans&infection&(T35SBLMR1.1%&TBLMR1.1%&TRlm2%&and&Westar),Analysis&of&transcriptomic&dynamics&during&the&compatible&(Com)&and&incompatible&(Incom)&interactions&between&Brassica&napus&(T35SBLMR1.1%&TBLMR1.1%&TRlm2%&and&Westar)&and&Leptosphaeria&maculans&Transcriptome
PRJNA378851,SRR5358953,Leaf,T35B1_03$42$06_Inom,Leptosphaeria&maculans&infection&(T35SBLMR1.1%&TBLMR1.1%&TRlm2%&and&Westar),Analysis&of&transcriptomic&dynamics&during&the&compatible&(Com)&and&incompatible&(Incom)&interactions&between&Brassica&napus&(T35SBLMR1.1%&TBLMR1.1%&TRlm2%&and&Westar)&and&Leptosphaeria&maculans&Transcriptome
PRJNA378851,SRR5358956,Leaf,T35B1_87$41_Inom,Leptosphaeria&maculans&infection&(T35SBLMR1.1%&TBLMR1.1%&TRlm2%&and&Westar),Analysis&of&transcriptomic&dynamics&during&the&compatible&(Com)&and&incompatible&(Incom)&interactions&between&Brassica&napus&(T35SBLMR1.1%&TBLMR1.1%&TRlm2%&and&Westar)&and&Leptosphaeria&maculans&Transcriptome
PRJNA378851,SRR5358955,Leaf,T35B1_87$41_Inom,Leptosphaeria&maculans&infection&(T35SBLMR1.1%&TBLMR1.1%&TRlm2%&and&Westar),Analysis&of&transcriptomic&dynamics&during&the&compatible&(Com)&and&incompatible&(Incom)&interactions&between&Brassica&napus&(T35SBLMR1.1%&TBLMR1.1%&TRlm2%&and&Westar)&and&Leptosphaeria&maculans&Transcriptome
PRJNA378851,SRR5358950,Leaf,T35B1_PG4$1$M_Com,Leptosphaeria&maculans&infection&(T35SBLMR1.1%&TBLMR1.1%&TRlm2%&and&Westar),Analysis&of&transcriptomic&dynamics&during&the&compatible&(Com)&and&incompatible&(Incom)&interactions&between&Brassica&napus&(T35SBLMR1.1%&TBLMR1.1%&TRlm2%&and&Westar)&and&Leptosphaeria&maculans&Transcriptome
PRJNA378851,SRR5358949,Leaf,T35B1_PG4$1$M_Com,Leptosphaeria&maculans&infection&(T35SBLMR1.1%&TBLMR1.1%&TRlm2%&and&Westar),Analysis&of&transcriptomic&dynamics&during&the&compatible&(Com)&and&incompatible&(Incom)&interactions&between&Brassica&napus&(T35SBLMR1.1%&TBLMR1.1%&TRlm2%&and&Westar)&and&Leptosphaeria&maculans&Transcriptome
PRJNA378851,SRR5358958,Leaf,T35B1_water,Leptosphaeria&maculans&infection&(T35SBLMR1.1%&TBLMR1.1%&TRlm2%&and&Westar),Analysis&of&transcriptomic&dynamics&during&the&compatible&(Com)&and&incompatible&(Incom)&interactions&between&Brassica&napus&(T35SBLMR1.1%&TBLMR1.1%&TRlm2%&and&Westar)&and&Leptosphaeria&maculans&Transcriptome
PRJNA378851,SRR5358957,Leaf,T35B1_water,Leptosphaeria&maculans&infection&(T35SBLMR1.1%&TBLMR1.1%&TRlm2%&and&Westar),Analysis&of&transcriptomic&dynamics&during&the&compatible&(Com)&and&incompatible&(Incom)&interactions&between&Brassica&napus&(T35SBLMR1.1%&TBLMR1.1%&TRlm2%&and&Westar)&and&Leptosphaeria&maculans&Transcriptome
PRJNA378851,SRR5358942,Leaf,T35B2_03$15$03_Com,Leptosphaeria&maculans&infection&(T35SBLMR1.1%&TBLMR1.1%&TRlm2%&and&Westar),Analysis&of&transcriptomic&dynamics&during&the&compatible&(Com)&and&incompatible&(Incom)&interactions&between&Brassica&napus&(T35SBLMR1.1%&TBLMR1.1%&TRlm2%&and&Westar)&and&Leptosphaeria&maculans&Transcriptome
PRJNA378851,SRR5358941,Leaf,T35B2_03$15$03_Com,Leptosphaeria&maculans&infection&(T35SBLMR1.1%&TBLMR1.1%&TRlm2%&and&Westar),Analysis&of&transcriptomic&dynamics&during&the&compatible&(Com)&and&incompatible&(Incom)&interactions&between&Brassica&napus&(T35SBLMR1.1%&TBLMR1.1%&TRlm2%&and&Westar)&and&Leptosphaeria&maculans&Transcriptome
PRJNA378851,SRR5358944,Leaf,T35B2_03$42$06_Com,Leptosphaeria&maculans&infection&(T35SBLMR1.1%&TBLMR1.1%&TRlm2%&and&Westar),Analysis&of&transcriptomic&dynamics&during&the&compatible&(Com)&and&incompatible&(Incom)&interactions&between&Brassica&napus&(T35SBLMR1.1%&TBLMR1.1%&TRlm2%&and&Westar)&and&Leptosphaeria&maculans&Transcriptome
PRJNA378851,SRR5358943,Leaf,T35B2_03$42$06_Com,Leptosphaeria&maculans&infection&(T35SBLMR1.1%&TBLMR1.1%&TRlm2%&and&Westar),Analysis&of&transcriptomic&dynamics&during&the&compatible&(Com)&and&incompatible&(Incom)&interactions&between&Brassica&napus&(T35SBLMR1.1%&TBLMR1.1%&TRlm2%&and&Westar)&and&Leptosphaeria&maculans&Transcriptome
PRJNA378851,SRR5358946,Leaf,T35B2_87$41_Com,Leptosphaeria&maculans&infection&(T35SBLMR1.1%&TBLMR1.1%&TRlm2%&and&Westar),Analysis&of&transcriptomic&dynamics&during&the&compatible&(Com)&and&incompatible&(Incom)&interactions&between&Brassica&napus&(T35SBLMR1.1%&TBLMR1.1%&TRlm2%&and&Westar)&and&Leptosphaeria&maculans&Transcriptome
PRJNA378851,SRR5358945,Leaf,T35B2_87$41_Com,Leptosphaeria&maculans&infection&(T35SBLMR1.1%&TBLMR1.1%&TRlm2%&and&Westar),Analysis&of&transcriptomic&dynamics&during&the&compatible&(Com)&and&incompatible&(Incom)&interactions&between&Brassica&napus&(T35SBLMR1.1%&TBLMR1.1%&TRlm2%&and&Westar)&and&Leptosphaeria&maculans&Transcriptome
PRJNA378851,SRR5358940,Leaf,T35B2_PG4$1$M_Com,Leptosphaeria&maculans&infection&(T35SBLMR1.1%&TBLMR1.1%&TRlm2%&and&Westar),Analysis&of&transcriptomic&dynamics&during&the&compatible&(Com)&and&incompatible&(Incom)&interactions&between&Brassica&napus&(T35SBLMR1.1%&TBLMR1.1%&TRlm2%&and&Westar)&and&Leptosphaeria&maculans&Transcriptome
PRJNA378851,SRR5358939,Leaf,T35B2_PG4$1$M_Com,Leptosphaeria&maculans&infection&(T35SBLMR1.1%&TBLMR1.1%&TRlm2%&and&Westar),Analysis&of&transcriptomic&dynamics&during&the&compatible&(Com)&and&incompatible&(Incom)&interactions&between&Brassica&napus&(T35SBLMR1.1%&TBLMR1.1%&TRlm2%&and&Westar)&and&Leptosphaeria&maculans&Transcriptome
PRJNA378851,SRR5358948,Leaf,T35B2_water&mock,Leptosphaeria&maculans&infection&(T35SBLMR1.1%&TBLMR1.1%&TRlm2%&and&Westar),Analysis&of&transcriptomic&dynamics&during&the&compatible&(Com)&and&incompatible&(Incom)&interactions&between&Brassica&napus&(T35SBLMR1.1%&TBLMR1.1%&TRlm2%&and&Westar)&and&Leptosphaeria&maculans&Transcriptome
PRJNA378851,SRR5358947,Leaf,T35B2_water&mock,Leptosphaeria&maculans&infection&(T35SBLMR1.1%&TBLMR1.1%&TRlm2%&and&Westar),Analysis&of&transcriptomic&dynamics&during&the&compatible&(Com)&and&incompatible&(Incom)&interactions&between&Brassica&napus&(T35SBLMR1.1%&TBLMR1.1%&TRlm2%&and&Westar)&and&Leptosphaeria&maculans&Transcriptome
PRJNA378851,SRR5358972,Leaf,TB1_03$15$03_Com,Leptosphaeria&maculans&infection&(T35SBLMR1.1%&TBLMR1.1%&TRlm2%&and&Westar),Analysis&of&transcriptomic&dynamics&during&the&compatible&(Com)&and&incompatible&(Incom)&interactions&between&Brassica&napus&(T35SBLMR1.1%&TBLMR1.1%&TRlm2%&and&Westar)&and&Leptosphaeria&maculans&Transcriptome
PRJNA378851,SRR5358971,Leaf,TB1_03$15$03_Com,Leptosphaeria&maculans&infection&(T35SBLMR1.1%&TBLMR1.1%&TRlm2%&and&Westar),Analysis&of&transcriptomic&dynamics&during&the&compatible&(Com)&and&incompatible&(Incom)&interactions&between&Brassica&napus&(T35SBLMR1.1%&TBLMR1.1%&TRlm2%&and&Westar)&and&Leptosphaeria&maculans&Transcriptome
PRJNA378851,SRR5358974,Leaf,TB1_03$42$06_Inom,Leptosphaeria&maculans&infection&(T35SBLMR1.1%&TBLMR1.1%&TRlm2%&and&Westar),Analysis&of&transcriptomic&dynamics&during&the&compatible&(Com)&and&incompatible&(Incom)&interactions&between&Brassica&napus&(T35SBLMR1.1%&TBLMR1.1%&TRlm2%&and&Westar)&and&Leptosphaeria&maculans&Transcriptome
PRJNA378851,SRR5358973,Leaf,TB1_03$42$06_Inom,Leptosphaeria&maculans&infection&(T35SBLMR1.1%&TBLMR1.1%&TRlm2%&and&Westar),Analysis&of&transcriptomic&dynamics&during&the&compatible&(Com)&and&incompatible&(Incom)&interactions&between&Brassica&napus&(T35SBLMR1.1%&TBLMR1.1%&TRlm2%&and&Westar)&and&Leptosphaeria&maculans&Transcriptome
PRJNA378851,SRR5358976,Leaf,TB1_87$41_Inom,Leptosphaeria&maculans&infection&(T35SBLMR1.1%&TBLMR1.1%&TRlm2%&and&Westar),Analysis&of&transcriptomic&dynamics&during&the&compatible&(Com)&and&incompatible&(Incom)&interactions&between&Brassica&napus&(T35SBLMR1.1%&TBLMR1.1%&TRlm2%&and&Westar)&and&Leptosphaeria&maculans&Transcriptome
PRJNA378851,SRR5358975,Leaf,TB1_87$41_Inom,Leptosphaeria&maculans&infection&(T35SBLMR1.1%&TBLMR1.1%&TRlm2%&and&Westar),Analysis&of&transcriptomic&dynamics&during&the&compatible&(Com)&and&incompatible&(Incom)&interactions&between&Brassica&napus&(T35SBLMR1.1%&TBLMR1.1%&TRlm2%&and&Westar)&and&Leptosphaeria&maculans&Transcriptome
PRJNA378851,SRR5358970,Leaf,TB1_PG4$1$M_Com,Leptosphaeria&maculans&infection&(T35SBLMR1.1%&TBLMR1.1%&TRlm2%&and&Westar),Analysis&of&transcriptomic&dynamics&during&the&compatible&(Com)&and&incompatible&(Incom)&interactions&between&Brassica&napus&(T35SBLMR1.1%&TBLMR1.1%&TRlm2%&and&Westar)&and&Leptosphaeria&maculans&Transcriptome
PRJNA378851,SRR5358969,Leaf,TB1_PG4$1$M_Com,Leptosphaeria&maculans&infection&(T35SBLMR1.1%&TBLMR1.1%&TRlm2%&and&Westar),Analysis&of&transcriptomic&dynamics&during&the&compatible&(Com)&and&incompatible&(Incom)&interactions&between&Brassica&napus&(T35SBLMR1.1%&TBLMR1.1%&TRlm2%&and&Westar)&and&Leptosphaeria&maculans&Transcriptome
PRJNA378851,SRR5358978,Leaf,TB1_water,Leptosphaeria&maculans&infection&(T35SBLMR1.1%&TBLMR1.1%&TRlm2%&and&Westar),Analysis&of&transcriptomic&dynamics&during&the&compatible&(Com)&and&incompatible&(Incom)&interactions&between&Brassica&napus&(T35SBLMR1.1%&TBLMR1.1%&TRlm2%&and&Westar)&and&Leptosphaeria&maculans&Transcriptome
PRJNA378851,SRR5358977,Leaf,TB1_water,Leptosphaeria&maculans&infection&(T35SBLMR1.1%&TBLMR1.1%&TRlm2%&and&Westar),Analysis&of&transcriptomic&dynamics&during&the&compatible&(Com)&and&incompatible&(Incom)&interactions&between&Brassica&napus&(T35SBLMR1.1%&TBLMR1.1%&TRlm2%&and&Westar)&and&Leptosphaeria&maculans&Transcriptome
PRJNA378851,SRR5358962,Leaf,TR2_03$15$03_Inom,Leptosphaeria&maculans&infection&(T35SBLMR1.1%&TBLMR1.1%&TRlm2%&and&Westar),Analysis&of&transcriptomic&dynamics&during&the&compatible&(Com)&and&incompatible&(Incom)&interactions&between&Brassica&napus&(T35SBLMR1.1%&TBLMR1.1%&TRlm2%&and&Westar)&and&Leptosphaeria&maculans&Transcriptome
PRJNA378851,SRR5358961,Leaf,TR2_03$15$03_Inom,Leptosphaeria&maculans&infection&(T35SBLMR1.1%&TBLMR1.1%&TRlm2%&and&Westar),Analysis&of&transcriptomic&dynamics&during&the&compatible&(Com)&and&incompatible&(Incom)&interactions&between&Brassica&napus&(T35SBLMR1.1%&TBLMR1.1%&TRlm2%&and&Westar)&and&Leptosphaeria&maculans&Transcriptome
PRJNA378851,SRR5358964,Leaf,TR2_03$42$06_Com,Leptosphaeria&maculans&infection&(T35SBLMR1.1%&TBLMR1.1%&TRlm2%&and&Westar),Analysis&of&transcriptomic&dynamics&during&the&compatible&(Com)&and&incompatible&(Incom)&interactions&between&Brassica&napus&(T35SBLMR1.1%&TBLMR1.1%&TRlm2%&and&Westar)&and&Leptosphaeria&maculans&Transcriptome
PRJNA378851,SRR5358963,Leaf,TR2_03$42$06_Com,Leptosphaeria&maculans&infection&(T35SBLMR1.1%&TBLMR1.1%&TRlm2%&and&Westar),Analysis&of&transcriptomic&dynamics&during&the&compatible&(Com)&and&incompatible&(Incom)&interactions&between&Brassica&napus&(T35SBLMR1.1%&TBLMR1.1%&TRlm2%&and&Westar)&and&Leptosphaeria&maculans&Transcriptome
PRJNA378851,SRR5358966,Leaf,TR2_87$41_Inom,Leptosphaeria&maculans&infection&(T35SBLMR1.1%&TBLMR1.1%&TRlm2%&and&Westar),Analysis&of&transcriptomic&dynamics&during&the&compatible&(Com)&and&incompatible&(Incom)&interactions&between&Brassica&napus&(T35SBLMR1.1%&TBLMR1.1%&TRlm2%&and&Westar)&and&Leptosphaeria&maculans&Transcriptome
PRJNA378851,SRR5358965,Leaf,TR2_87$41_Inom,Leptosphaeria&maculans&infection&(T35SBLMR1.1%&TBLMR1.1%&TRlm2%&and&Westar),Analysis&of&transcriptomic&dynamics&during&the&compatible&(Com)&and&incompatible&(Incom)&interactions&between&Brassica&napus&(T35SBLMR1.1%&TBLMR1.1%&TRlm2%&and&Westar)&and&Leptosphaeria&maculans&Transcriptome
PRJNA378851,SRR5358960,Leaf,TR2_PG4$1$M_Com,Leptosphaeria&maculans&infection&(T35SBLMR1.1%&TBLMR1.1%&TRlm2%&and&Westar),Analysis&of&transcriptomic&dynamics&during&the&compatible&(Com)&and&incompatible&(Incom)&interactions&between&Brassica&napus&(T35SBLMR1.1%&TBLMR1.1%&TRlm2%&and&Westar)&and&Leptosphaeria&maculans&Transcriptome
PRJNA378851,SRR5358959,Leaf,TR2_PG4$1$M_Com,Leptosphaeria&maculans&infection&(T35SBLMR1.1%&TBLMR1.1%&TRlm2%&and&Westar),Analysis&of&transcriptomic&dynamics&during&the&compatible&(Com)&and&incompatible&(Incom)&interactions&between&Brassica&napus&(T35SBLMR1.1%&TBLMR1.1%&TRlm2%&and&Westar)&and&Leptosphaeria&maculans&Transcriptome
PRJNA378851,SRR5358968,Leaf,TR2_water,Leptosphaeria&maculans&infection&(T35SBLMR1.1%&TBLMR1.1%&TRlm2%&and&Westar),Analysis&of&transcriptomic&dynamics&during&the&compatible&(Com)&and&incompatible&(Incom)&interactions&between&Brassica&napus&(T35SBLMR1.1%&TBLMR1.1%&TRlm2%&and&Westar)&and&Leptosphaeria&maculans&Transcriptome
PRJNA378851,SRR5358967,Leaf,TR2_water,Leptosphaeria&maculans&infection&(T35SBLMR1.1%&TBLMR1.1%&TRlm2%&and&Westar),Analysis&of&transcriptomic&dynamics&during&the&compatible&(Com)&and&incompatible&(Incom)&interactions&between&Brassica&napus&(T35SBLMR1.1%&TBLMR1.1%&TRlm2%&and&Westar)&and&Leptosphaeria&maculans&Transcriptome
PRJNA378851,SRR5358932,Leaf,Wes_03$15$03_Com,Leptosphaeria&maculans&infection&(T35SBLMR1.1%&TBLMR1.1%&TRlm2%&and&Westar),Analysis&of&transcriptomic&dynamics&during&the&compatible&(Com)&and&incompatible&(Incom)&interactions&between&Brassica&napus&(T35SBLMR1.1%&TBLMR1.1%&TRlm2%&and&Westar)&and&Leptosphaeria&maculans&Transcriptome
PRJNA378851,SRR5358931,Leaf,Wes_03$15$03_Com,Leptosphaeria&maculans&infection&(T35SBLMR1.1%&TBLMR1.1%&TRlm2%&and&Westar),Analysis&of&transcriptomic&dynamics&during&the&compatible&(Com)&and&incompatible&(Incom)&interactions&between&Brassica&napus&(T35SBLMR1.1%&TBLMR1.1%&TRlm2%&and&Westar)&and&Leptosphaeria&maculans&Transcriptome
PRJNA378851,SRR5358934,Leaf,Wes_03$42$06_Com,Leptosphaeria&maculans&infection&(T35SBLMR1.1%&TBLMR1.1%&TRlm2%&and&Westar),Analysis&of&transcriptomic&dynamics&during&the&compatible&(Com)&and&incompatible&(Incom)&interactions&between&Brassica&napus&(T35SBLMR1.1%&TBLMR1.1%&TRlm2%&and&Westar)&and&Leptosphaeria&maculans&Transcriptome
PRJNA378851,SRR5358933,Leaf,Wes_03$42$06_Com,Leptosphaeria&maculans&infection&(T35SBLMR1.1%&TBLMR1.1%&TRlm2%&and&Westar),Analysis&of&transcriptomic&dynamics&during&the&compatible&(Com)&and&incompatible&(Incom)&interactions&between&Brassica&napus&(T35SBLMR1.1%&TBLMR1.1%&TRlm2%&and&Westar)&and&Leptosphaeria&maculans&Transcriptome
PRJNA378851,SRR5358936,Leaf,Wes_87$41_Com,Leptosphaeria&maculans&infection&(T35SBLMR1.1%&TBLMR1.1%&TRlm2%&and&Westar),Analysis&of&transcriptomic&dynamics&during&the&compatible&(Com)&and&incompatible&(Incom)&interactions&between&Brassica&napus&(T35SBLMR1.1%&TBLMR1.1%&TRlm2%&and&Westar)&and&Leptosphaeria&maculans&Transcriptome
PRJNA378851,SRR5358935,Leaf,Wes_87$41_Com,Leptosphaeria&maculans&infection&(T35SBLMR1.1%&TBLMR1.1%&TRlm2%&and&Westar),Analysis&of&transcriptomic&dynamics&during&the&compatible&(Com)&and&incompatible&(Incom)&interactions&between&Brassica&napus&(T35SBLMR1.1%&TBLMR1.1%&TRlm2%&and&Westar)&and&Leptosphaeria&maculans&Transcriptome
PRJNA378851,SRR5358930,Leaf,Wes_PG4$1$M_Com,Leptosphaeria&maculans&infection&(T35SBLMR1.1%&TBLMR1.1%&TRlm2%&and&Westar),Analysis&of&transcriptomic&dynamics&during&the&compatible&(Com)&and&incompatible&(Incom)&interactions&between&Brassica&napus&(T35SBLMR1.1%&TBLMR1.1%&TRlm2%&and&Westar)&and&Leptosphaeria&maculans&Transcriptome
PRJNA378851,SRR5358929,Leaf,Wes_PG4$1$M_Com,Leptosphaeria&maculans&infection&(T35SBLMR1.1%&TBLMR1.1%&TRlm2%&and&Westar),Analysis&of&transcriptomic&dynamics&during&the&compatible&(Com)&and&incompatible&(Incom)&interactions&between&Brassica&napus&(T35SBLMR1.1%&TBLMR1.1%&TRlm2%&and&Westar)&and&Leptosphaeria&maculans&Transcriptome
PRJNA378851,SRR5358938,Leaf,Wes_water,Leptosphaeria&maculans&infection&(T35SBLMR1.1%&TBLMR1.1%&TRlm2%&and&Westar),Analysis&of&transcriptomic&dynamics&during&the&compatible&(Com)&and&incompatible&(Incom)&interactions&between&Brassica&napus&(T35SBLMR1.1%&TBLMR1.1%&TRlm2%&and&Westar)&and&Leptosphaeria&maculans&Transcriptome
PRJNA378851,SRR5358937,Leaf,Wes_water,Leptosphaeria&maculans&infection&(T35SBLMR1.1%&TBLMR1.1%&TRlm2%&and&Westar),Analysis&of&transcriptomic&dynamics&during&the&compatible&(Com)&and&incompatible&(Incom)&interactions&between&Brassica&napus&(T35SBLMR1.1%&TBLMR1.1%&TRlm2%&and&Westar)&and&Leptosphaeria&maculans&Transcriptome
PRJNA477556,SRR7413617,Leaf,Rlm&h20&day1,Leptosphaeria&maculans&infection&(Rlm2$&1&and&3&days),LMD&and&dual&RNA$seq&of&the&L.&maculans&$&B.&napus&(B.&napus&near&isogenic&lines%&one&containing&resistance&gene&Rlm2)&infection&site&at&1&and&3&days&post&inoculation&to&identify&genes&activated&early&in&the&defense&response
PRJNA477556,SRR7413620,Leaf,Rlm&h20&day1,Leptosphaeria&maculans&infection&(Rlm2$&1&and&3&days),LMD&and&dual&RNA$seq&of&the&L.&maculans&$&B.&napus&(B.&napus&near&isogenic&lines%&one&containing&resistance&gene&Rlm2)&infection&site&at&1&and&3&days&post&inoculation&to&identify&genes&activated&early&in&the&defense&response
PRJNA477556,SRR7413619,Leaf,Rlm&h20&day1,Leptosphaeria&maculans&infection&(Rlm2$&1&and&3&days),LMD&and&dual&RNA$seq&of&the&L.&maculans&$&B.&napus&(B.&napus&near&isogenic&lines%&one&containing&resistance&gene&Rlm2)&infection&site&at&1&and&3&days&post&inoculation&to&identify&genes&activated&early&in&the&defense&response
PRJNA477556,SRR7413607,Leaf,Rlm&h20&day3,Leptosphaeria&maculans&infection&(Rlm2$&1&and&3&days),LMD&and&dual&RNA$seq&of&the&L.&maculans&$&B.&napus&(B.&napus&near&isogenic&lines%&one&containing&resistance&gene&Rlm2)&infection&site&at&1&and&3&days&post&inoculation&to&identify&genes&activated&early&in&the&defense&response
PRJNA477556,SRR7413614,Leaf,Rlm&h20&day3,Leptosphaeria&maculans&infection&(Rlm2$&1&and&3&days),LMD&and&dual&RNA$seq&of&the&L.&maculans&$&B.&napus&(B.&napus&near&isogenic&lines%&one&containing&resistance&gene&Rlm2)&infection&site&at&1&and&3&days&post&inoculation&to&identify&genes&activated&early&in&the&defense&response
PRJNA477556,SRR7413613,Leaf,Rlm&h20&day3,Leptosphaeria&maculans&infection&(Rlm2$&1&and&3&days),LMD&and&dual&RNA$seq&of&the&L.&maculans&$&B.&napus&(B.&napus&near&isogenic&lines%&one&containing&resistance&gene&Rlm2)&infection&site&at&1&and&3&days&post&inoculation&to&identify&genes&activated&early&in&the&defense&response
PRJNA477556,SRR7413610,Leaf,Rlm$inf&day1&3&dpi,Leptosphaeria&maculans&infection&(Rlm2$&1&and&3&days),LMD&and&dual&RNA$seq&of&the&L.&maculans&$&B.&napus&(B.&napus&near&isogenic&lines%&one&containing&resistance&gene&Rlm2)&infection&site&at&1&and&3&days&post&inoculation&to&identify&genes&activated&early&in&the&defense&response
PRJNA477556,SRR7413611,Leaf,Rlm$inf&day1&3&dpi,Leptosphaeria&maculans&infection&(Rlm2$&1&and&3&days),LMD&and&dual&RNA$seq&of&the&L.&maculans&$&B.&napus&(B.&napus&near&isogenic&lines%&one&containing&resistance&gene&Rlm2)&infection&site&at&1&and&3&days&post&inoculation&to&identify&genes&activated&early&in&the&defense&response
PRJNA477556,SRR7413612,Leaf,Rlm$inf&day1&3&dpi,Leptosphaeria&maculans&infection&(Rlm2$&1&and&3&days),LMD&and&dual&RNA$seq&of&the&L.&maculans&$&B.&napus&(B.&napus&near&isogenic&lines%&one&containing&resistance&gene&Rlm2)&infection&site&at&1&and&3&days&post&inoculation&to&identify&genes&activated&early&in&the&defense&response
PRJNA477556,SRR7413599,Leaf,Rlm$inf&day&3&3&dpi,Leptosphaeria&maculans&infection&(Rlm2$&1&and&3&days),LMD&and&dual&RNA$seq&of&the&L.&maculans&$&B.&napus&(B.&napus&near&isogenic&lines%&one&containing&resistance&gene&Rlm2)&infection&site&at&1&and&3&days&post&inoculation&to&identify&genes&activated&early&in&the&defense&response
PRJNA477556,SRR7413606,Leaf,Rlm$inf&day&3&3&dpi,Leptosphaeria&maculans&infection&(Rlm2$&1&and&3&days),LMD&and&dual&RNA$seq&of&the&L.&maculans&$&B.&napus&(B.&napus&near&isogenic&lines%&one&containing&resistance&gene&Rlm2)&infection&site&at&1&and&3&days&post&inoculation&to&identify&genes&activated&early&in&the&defense&response
PRJNA477556,SRR7413605,Leaf,Rlm$inf&day&3&3&dpi,Leptosphaeria&maculans&infection&(Rlm2$&1&and&3&days),LMD&and&dual&RNA$seq&of&the&L.&maculans&$&B.&napus&(B.&napus&near&isogenic&lines%&one&containing&resistance&gene&Rlm2)&infection&site&at&1&and&3&days&post&inoculation&to&identify&genes&activated&early&in&the&defense&response
PRJNA477556,SRR7413616,Leaf,Topas&h20&day1,Leptosphaeria&maculans&infection&(Rlm2$&1&and&3&days),LMD&and&dual&RNA$seq&of&the&L.&maculans&$&B.&napus&(B.&napus&near&isogenic&lines%&one&containing&resistance&gene&Rlm2)&infection&site&at&1&and&3&days&post&inoculation&to&identify&genes&activated&early&in&the&defense&response
PRJNA477556,SRR7413615,Leaf,Topas&h20&day1,Leptosphaeria&maculans&infection&(Rlm2$&1&and&3&days),LMD&and&dual&RNA$seq&of&the&L.&maculans&$&B.&napus&(B.&napus&near&isogenic&lines%&one&containing&resistance&gene&Rlm2)&infection&site&at&1&and&3&days&post&inoculation&to&identify&genes&activated&early&in&the&defense&response
PRJNA477556,SRR7413618,Leaf,Topas&h20&day1,Leptosphaeria&maculans&infection&(Rlm2$&1&and&3&days),LMD&and&dual&RNA$seq&of&the&L.&maculans&$&B.&napus&(B.&napus&near&isogenic&lines%&one&containing&resistance&gene&Rlm2)&infection&site&at&1&and&3&days&post&inoculation&to&identify&genes&activated&early&in&the&defense&response
PRJNA477556,SRR7413604,Leaf,Topas&h20&day3,Leptosphaeria&maculans&infection&(Rlm2$&1&and&3&days),LMD&and&dual&RNA$seq&of&the&L.&maculans&$&B.&napus&(B.&napus&near&isogenic&lines%&one&containing&resistance&gene&Rlm2)&infection&site&at&1&and&3&days&post&inoculation&to&identify&genes&activated&early&in&the&defense&response
PRJNA477556,SRR7413603,Leaf,Topas&h20&day3,Leptosphaeria&maculans&infection&(Rlm2$&1&and&3&days),LMD&and&dual&RNA$seq&of&the&L.&maculans&$&B.&napus&(B.&napus&near&isogenic&lines%&one&containing&resistance&gene&Rlm2)&infection&site&at&1&and&3&days&post&inoculation&to&identify&genes&activated&early&in&the&defense&response
PRJNA477556,SRR7413608,Leaf,Topas&h20&day3,Leptosphaeria&maculans&infection&(Rlm2$&1&and&3&days),LMD&and&dual&RNA$seq&of&the&L.&maculans&$&B.&napus&(B.&napus&near&isogenic&lines%&one&containing&resistance&gene&Rlm2)&infection&site&at&1&and&3&days&post&inoculation&to&identify&genes&activated&early&in&the&defense&response
PRJNA477556,SRR7413622,Leaf,Topas&inf&day1&3&dpi,Leptosphaeria&maculans&infection&(Rlm2$&1&and&3&days),LMD&and&dual&RNA$seq&of&the&L.&maculans&$&B.&napus&(B.&napus&near&isogenic&lines%&one&containing&resistance&gene&Rlm2)&infection&site&at&1&and&3&days&post&inoculation&to&identify&genes&activated&early&in&the&defense&response
PRJNA477556,SRR7413621,Leaf,Topas$inf&day1&3&dpi,Leptosphaeria&maculans&infection&(Rlm2$&1&and&3&days),LMD&and&dual&RNA$seq&of&the&L.&maculans&$&B.&napus&(B.&napus&near&isogenic&lines%&one&containing&resistance&gene&Rlm2)&infection&site&at&1&and&3&days&post&inoculation&to&identify&genes&activated&early&in&the&defense&response
PRJNA477556,SRR7413609,Leaf,Topas$inf&day1&3&dpi,Leptosphaeria&maculans&infection&(Rlm2$&1&and&3&days),LMD&and&dual&RNA$seq&of&the&L.&maculans&$&B.&napus&(B.&napus&near&isogenic&lines%&one&containing&resistance&gene&Rlm2)&infection&site&at&1&and&3&days&post&inoculation&to&identify&genes&activated&early&in&the&defense&response
PRJNA477556,SRR7413602,Leaf,Topas$inf&day3&3&dpi,Leptosphaeria&maculans&infection&(Rlm2$&1&and&3&days),LMD&and&dual&RNA$seq&of&the&L.&maculans&$&B.&napus&(B.&napus&near&isogenic&lines%&one&containing&resistance&gene&Rlm2)&infection&site&at&1&and&3&days&post&inoculation&to&identify&genes&activated&early&in&the&defense&response
PRJNA477556,SRR7413601,Leaf,Topas$inf&day3&3&dpi,Leptosphaeria&maculans&infection&(Rlm2$&1&and&3&days),LMD&and&dual&RNA$seq&of&the&L.&maculans&$&B.&napus&(B.&napus&near&isogenic&lines%&one&containing&resistance&gene&Rlm2)&infection&site&at&1&and&3&days&post&inoculation&to&identify&genes&activated&early&in&the&defense&response
PRJNA477556,SRR7413600,Leaf,Topas$inf&day3&3&dpi,Leptosphaeria&maculans&infection&(Rlm2$&1&and&3&days),LMD&and&dual&RNA$seq&of&the&L.&maculans&$&B.&napus&(B.&napus&near&isogenic&lines%&one&containing&resistance&gene&Rlm2)&infection&site&at&1&and&3&days&post&inoculation&to&identify&genes&activated&early&in&the&defense&response
PRJEB39308,ERR4329526,Stem,Stem&$&Bristol&$&natural&infection,Leptosphaeria&maculans&infection&(Bristol$&stem&and&seed),Large$scale&transcriptomics&to&dissect&two&years&of&life&of&a&fungal&phytopathogen&in&interaction(s)&with&its&host&plant
PRJEB39308,ERR4329524,Stem,Stem&$&Bristol&$&natural&infection,Leptosphaeria&maculans&infection&(Bristol$&stem&and&seed),Large$scale&transcriptomics&to&dissect&two&years&of&life&of&a&fungal&phytopathogen&in&interaction(s)&with&its&host&plant
PRJEB39308,ERR4329527,Stem,Stem&$&Bristol&$&natural&infection,Leptosphaeria&maculans&infection&(Bristol$&stem&and&seed),Large$scale&transcriptomics&to&dissect&two&years&of&life&of&a&fungal&phytopathogen&in&interaction(s)&with&its&host&plant
PRJEB39308,ERR4329592,Seed,Seed&$&Bristol&$&L.&maculans&infection,Leptosphaeria&maculans&infection&(Bristol$&stem&and&seed),Large$scale&transcriptomics&to&dissect&two&years&of&life&of&a&fungal&phytopathogen&in&interaction(s)&with&its&host&plant
PRJEB39308,ERR4329591,Seed,Seed&$&Bristol&$&L.&maculans&infection,Leptosphaeria&maculans&infection&(Bristol$&stem&and&seed),Large$scale&transcriptomics&to&dissect&two&years&of&life&of&a&fungal&phytopathogen&in&interaction(s)&with&its&host&plant
PRJEB39308,ERR4329590,Seed,Seed&$&Bristol&$&L.&maculans&infection,Leptosphaeria&maculans&infection&(Bristol$&stem&and&seed),Large$scale&transcriptomics&to&dissect&two&years&of&life&of&a&fungal&phytopathogen&in&interaction(s)&with&its&host&plant
PRJEB39308,ERR4329589,Seed,Seed&$&Bristol&$&L.&maculans&infection,Leptosphaeria&maculans&infection&(Bristol$&stem&and&seed),Large$scale&transcriptomics&to&dissect&two&years&of&life&of&a&fungal&phytopathogen&in&interaction(s)&with&its&host&plant
PRJEB39308,ERR4329593,Seed,Seed&$&Bristol&$&L.&maculans&infection,Leptosphaeria&maculans&infection&(Bristol$&stem&and&seed),Large$scale&transcriptomics&to&dissect&two&years&of&life&of&a&fungal&phytopathogen&in&interaction(s)&with&its&host&plant
PRJEB39308,ERR4329535,Stem,Stem&$&Bristol&$&natural&infection,Leptosphaeria&maculans&infection&(Bristol$&stem&and&seed),Large$scale&transcriptomics&to&dissect&two&years&of&life&of&a&fungal&phytopathogen&in&interaction(s)&with&its&host&plant
PRJEB39308,ERR4329534,Stem,Stem&$&Bristol&$&natural&infection,Leptosphaeria&maculans&infection&(Bristol$&stem&and&seed),Large$scale&transcriptomics&to&dissect&two&years&of&life&of&a&fungal&phytopathogen&in&interaction(s)&with&its&host&plant
PRJEB39308,ERR4329533,Stem,Stem&$&Bristol&$&natural&infection,Leptosphaeria&maculans&infection&(Bristol$&stem&and&seed),Large$scale&transcriptomics&to&dissect&two&years&of&life&of&a&fungal&phytopathogen&in&interaction(s)&with&its&host&plant
PRJEB39308,ERR4329531,Stem,Stem&$&Bristol&$&natural&infection,Leptosphaeria&maculans&infection&(Bristol$&stem&and&seed),Large$scale&transcriptomics&to&dissect&two&years&of&life&of&a&fungal&phytopathogen&in&interaction(s)&with&its&host&plant
PRJEB39308,ERR4329536,Stem,Stem&$&Bristol&$&natural&infection,Leptosphaeria&maculans&infection&(Bristol$&stem&and&seed),Large$scale&transcriptomics&to&dissect&two&years&of&life&of&a&fungal&phytopathogen&in&interaction(s)&with&its&host&plant
PRJEB39308,ERR4329594,Seed,Seed&$&Bristol&$&L.&maculans&infection,Leptosphaeria&maculans&infection&(Bristol$&stem&and&seed),Large$scale&transcriptomics&to&dissect&two&years&of&life&of&a&fungal&phytopathogen&in&interaction(s)&with&its&host&plant
PRJEB36458,ERR3850137,Root,48dai_HP_LSMD_YG,Soil&microbiota&and&clubroot&disease&,A&time&course&experiment&to&study&interactions&between&P.&brassicae%&two&B.&napus&genotypes&(Tenor&and&Yudal:&TG&and&YG)%&and&three&soils&harboring&High&(H)%&Medium&(M)&or&Low&(L)&microbiota&diversities&and&displaying&different&levels&of&richness&and&diversity.&&HP:&Healthy&plant%&IP:&Infected&plant
PRJEB36458,ERR3850136,Root,48dai_HP_LSMD_YG,Soil&microbiota&and&clubroot&disease&,A&time&course&experiment&to&study&interactions&between&P.&brassicae%&two&B.&napus&genotypes&(Tenor&and&Yudal:&TG&and&YG)%&and&three&soils&harboring&High&(H)%&Medium&(M)&or&Low&(L)&microbiota&diversities&and&displaying&different&levels&of&richness&and&diversity.&&HP:&Healthy&plant%&IP:&Infected&plant
PRJEB36458,ERR3850135,Root,48dai_HP_LSMD_YG,Soil&microbiota&and&clubroot&disease&,A&time&course&experiment&to&study&interactions&between&P.&brassicae%&two&B.&napus&genotypes&(Tenor&and&Yudal:&TG&and&YG)%&and&three&soils&harboring&High&(H)%&Medium&(M)&or&Low&(L)&microbiota&diversities&and&displaying&different&levels&of&richness&and&diversity.&&HP:&Healthy&plant%&IP:&Infected&plant
PRJEB36458,ERR3850134,Root,36dai_HP_LSMD_TG,Soil&microbiota&and&clubroot&disease&,A&time&course&experiment&to&study&interactions&between&P.&brassicae%&two&B.&napus&genotypes&(Tenor&and&Yudal:&TG&and&YG)%&and&three&soils&harboring&High&(H)%&Medium&(M)&or&Low&(L)&microbiota&diversities&and&displaying&different&levels&of&richness&and&diversity.&&HP:&Healthy&plant%&IP:&Infected&plant
PRJEB36458,ERR3850133,Root,36dai_HP_LSMD_TG,Soil&microbiota&and&clubroot&disease&,A&time&course&experiment&to&study&interactions&between&P.&brassicae%&two&B.&napus&genotypes&(Tenor&and&Yudal:&TG&and&YG)%&and&three&soils&harboring&High&(H)%&Medium&(M)&or&Low&(L)&microbiota&diversities&and&displaying&different&levels&of&richness&and&diversity.&&HP:&Healthy&plant%&IP:&Infected&plant
PRJEB36458,ERR3850132,Root,36dai_HP_LSMD_TG,Soil&microbiota&and&clubroot&disease&,A&time&course&experiment&to&study&interactions&between&P.&brassicae%&two&B.&napus&genotypes&(Tenor&and&Yudal:&TG&and&YG)%&and&three&soils&harboring&High&(H)%&Medium&(M)&or&Low&(L)&microbiota&diversities&and&displaying&different&levels&of&richness&and&diversity.&&HP:&Healthy&plant%&IP:&Infected&plant
PRJEB36458,ERR3850143,Root,48dai_HP_MSMD_YG,Soil&microbiota&and&clubroot&disease&,A&time&course&experiment&to&study&interactions&between&P.&brassicae%&two&B.&napus&genotypes&(Tenor&and&Yudal:&TG&and&YG)%&and&three&soils&harboring&High&(H)%&Medium&(M)&or&Low&(L)&microbiota&diversities&and&displaying&different&levels&of&richness&and&diversity.&&HP:&Healthy&plant%&IP:&Infected&plant
PRJEB36458,ERR3850142,Root,48dai_HP_MSMD_YG,Soil&microbiota&and&clubroot&disease&,A&time&course&experiment&to&study&interactions&between&P.&brassicae%&two&B.&napus&genotypes&(Tenor&and&Yudal:&TG&and&YG)%&and&three&soils&harboring&High&(H)%&Medium&(M)&or&Low&(L)&microbiota&diversities&and&displaying&different&levels&of&richness&and&diversity.&&HP:&Healthy&plant%&IP:&Infected&plant
PRJEB36458,ERR3850141,Root,48dai_HP_MSMD_YG,Soil&microbiota&and&clubroot&disease&,A&time&course&experiment&to&study&interactions&between&P.&brassicae%&two&B.&napus&genotypes&(Tenor&and&Yudal:&TG&and&YG)%&and&three&soils&harboring&High&(H)%&Medium&(M)&or&Low&(L)&microbiota&diversities&and&displaying&different&levels&of&richness&and&diversity.&&HP:&Healthy&plant%&IP:&Infected&plant
PRJEB36458,ERR3850140,Root,36dai_HP_MSMD_TG,Soil&microbiota&and&clubroot&disease&,A&time&course&experiment&to&study&interactions&between&P.&brassicae%&two&B.&napus&genotypes&(Tenor&and&Yudal:&TG&and&YG)%&and&three&soils&harboring&High&(H)%&Medium&(M)&or&Low&(L)&microbiota&diversities&and&displaying&different&levels&of&richness&and&diversity.&&HP:&Healthy&plant%&IP:&Infected&plant
PRJEB36458,ERR3850139,Root,36dai_HP_MSMD_TG,Soil&microbiota&and&clubroot&disease&,A&time&course&experiment&to&study&interactions&between&P.&brassicae%&two&B.&napus&genotypes&(Tenor&and&Yudal:&TG&and&YG)%&and&three&soils&harboring&High&(H)%&Medium&(M)&or&Low&(L)&microbiota&diversities&and&displaying&different&levels&of&richness&and&diversity.&&HP:&Healthy&plant%&IP:&Infected&plant
PRJEB36458,ERR3850138,Root,36dai_HP_MSMD_TG,Soil&microbiota&and&clubroot&disease&,A&time&course&experiment&to&study&interactions&between&P.&brassicae%&two&B.&napus&genotypes&(Tenor&and&Yudal:&TG&and&YG)%&and&three&soils&harboring&High&(H)%&Medium&(M)&or&Low&(L)&microbiota&diversities&and&displaying&different&levels&of&richness&and&diversity.&&HP:&Healthy&plant%&IP:&Infected&plant
PRJEB36458,ERR3850131,Root,48dai_HP_HSMD_YG,Soil&microbiota&and&clubroot&disease&,A&time&course&experiment&to&study&interactions&between&P.&brassicae%&two&B.&napus&genotypes&(Tenor&and&Yudal:&TG&and&YG)%&and&three&soils&harboring&High&(H)%&Medium&(M)&or&Low&(L)&microbiota&diversities&and&displaying&different&levels&of&richness&and&diversity.&&HP:&Healthy&plant%&IP:&Infected&plant
PRJEB36458,ERR3850130,Root,48dai_HP_HSMD_YG,Soil&microbiota&and&clubroot&disease&,A&time&course&experiment&to&study&interactions&between&P.&brassicae%&two&B.&napus&genotypes&(Tenor&and&Yudal:&TG&and&YG)%&and&three&soils&harboring&High&(H)%&Medium&(M)&or&Low&(L)&microbiota&diversities&and&displaying&different&levels&of&richness&and&diversity.&&HP:&Healthy&plant%&IP:&Infected&plant
PRJEB36458,ERR3850129,Root,48dai_HP_HSMD_YG,Soil&microbiota&and&clubroot&disease&,A&time&course&experiment&to&study&interactions&between&P.&brassicae%&two&B.&napus&genotypes&(Tenor&and&Yudal:&TG&and&YG)%&and&three&soils&harboring&High&(H)%&Medium&(M)&or&Low&(L)&microbiota&diversities&and&displaying&different&levels&of&richness&and&diversity.&&HP:&Healthy&plant%&IP:&Infected&plant
PRJEB36458,ERR3850128,Root,36dai_HP_HSMD_TG,Soil&microbiota&and&clubroot&disease&,A&time&course&experiment&to&study&interactions&between&P.&brassicae%&two&B.&napus&genotypes&(Tenor&and&Yudal:&TG&and&YG)%&and&three&soils&harboring&High&(H)%&Medium&(M)&or&Low&(L)&microbiota&diversities&and&displaying&different&levels&of&richness&and&diversity.&&HP:&Healthy&plant%&IP:&Infected&plant
PRJEB36458,ERR3850127,Root,36dai_HP_HSMD_TG,Soil&microbiota&and&clubroot&disease&,A&time&course&experiment&to&study&interactions&between&P.&brassicae%&two&B.&napus&genotypes&(Tenor&and&Yudal:&TG&and&YG)%&and&three&soils&harboring&High&(H)%&Medium&(M)&or&Low&(L)&microbiota&diversities&and&displaying&different&levels&of&richness&and&diversity.&&HP:&Healthy&plant%&IP:&Infected&plant
PRJEB36458,ERR3850126,Root,36dai_HP_HSMD_TG,Soil&microbiota&and&clubroot&disease&,A&time&course&experiment&to&study&interactions&between&P.&brassicae%&two&B.&napus&genotypes&(Tenor&and&Yudal:&TG&and&YG)%&and&three&soils&harboring&High&(H)%&Medium&(M)&or&Low&(L)&microbiota&diversities&and&displaying&different&levels&of&richness&and&diversity.&&HP:&Healthy&plant%&IP:&Infected&plant
PRJEB36458,ERR3850173,Root,28dai_HP_LSMD_YG,Soil&microbiota&and&clubroot&disease&,A&time&course&experiment&to&study&interactions&between&P.&brassicae%&two&B.&napus&genotypes&(Tenor&and&Yudal:&TG&and&YG)%&and&three&soils&harboring&High&(H)%&Medium&(M)&or&Low&(L)&microbiota&diversities&and&displaying&different&levels&of&richness&and&diversity.&&HP:&Healthy&plant%&IP:&Infected&plant
PRJEB36458,ERR3850172,Root,28dai_HP_LSMD_YG,Soil&microbiota&and&clubroot&disease&,A&time&course&experiment&to&study&interactions&between&P.&brassicae%&two&B.&napus&genotypes&(Tenor&and&Yudal:&TG&and&YG)%&and&three&soils&harboring&High&(H)%&Medium&(M)&or&Low&(L)&microbiota&diversities&and&displaying&different&levels&of&richness&and&diversity.&&HP:&Healthy&plant%&IP:&Infected&plant
PRJEB36458,ERR3850171,Root,28dai_HP_LSMD_YG,Soil&microbiota&and&clubroot&disease&,A&time&course&experiment&to&study&interactions&between&P.&brassicae%&two&B.&napus&genotypes&(Tenor&and&Yudal:&TG&and&YG)%&and&three&soils&harboring&High&(H)%&Medium&(M)&or&Low&(L)&microbiota&diversities&and&displaying&different&levels&of&richness&and&diversity.&&HP:&Healthy&plant%&IP:&Infected&plant
PRJEB36458,ERR3850170,Root,28dai_HP_LSMD_TG,Soil&microbiota&and&clubroot&disease&,A&time&course&experiment&to&study&interactions&between&P.&brassicae%&two&B.&napus&genotypes&(Tenor&and&Yudal:&TG&and&YG)%&and&three&soils&harboring&High&(H)%&Medium&(M)&or&Low&(L)&microbiota&diversities&and&displaying&different&levels&of&richness&and&diversity.&&HP:&Healthy&plant%&IP:&Infected&plant
PRJEB36458,ERR3850169,Root,28dai_HP_LSMD_TG,Soil&microbiota&and&clubroot&disease&,A&time&course&experiment&to&study&interactions&between&P.&brassicae%&two&B.&napus&genotypes&(Tenor&and&Yudal:&TG&and&YG)%&and&three&soils&harboring&High&(H)%&Medium&(M)&or&Low&(L)&microbiota&diversities&and&displaying&different&levels&of&richness&and&diversity.&&HP:&Healthy&plant%&IP:&Infected&plant
PRJEB36458,ERR3850168,Root,28dai_HP_LSMD_TG,Soil&microbiota&and&clubroot&disease&,A&time&course&experiment&to&study&interactions&between&P.&brassicae%&two&B.&napus&genotypes&(Tenor&and&Yudal:&TG&and&YG)%&and&three&soils&harboring&High&(H)%&Medium&(M)&or&Low&(L)&microbiota&diversities&and&displaying&different&levels&of&richness&and&diversity.&&HP:&Healthy&plant%&IP:&Infected&plant
PRJEB36458,ERR3850179,Root,28dai_HP_MSMD_YG,Soil&microbiota&and&clubroot&disease&,A&time&course&experiment&to&study&interactions&between&P.&brassicae%&two&B.&napus&genotypes&(Tenor&and&Yudal:&TG&and&YG)%&and&three&soils&harboring&High&(H)%&Medium&(M)&or&Low&(L)&microbiota&diversities&and&displaying&different&levels&of&richness&and&diversity.&&HP:&Healthy&plant%&IP:&Infected&plant
PRJEB36458,ERR3850178,Root,28dai_HP_MSMD_YG,Soil&microbiota&and&clubroot&disease&,A&time&course&experiment&to&study&interactions&between&P.&brassicae%&two&B.&napus&genotypes&(Tenor&and&Yudal:&TG&and&YG)%&and&three&soils&harboring&High&(H)%&Medium&(M)&or&Low&(L)&microbiota&diversities&and&displaying&different&levels&of&richness&and&diversity.&&HP:&Healthy&plant%&IP:&Infected&plant
PRJEB36458,ERR3850177,Root,28dai_HP_MSMD_YG,Soil&microbiota&and&clubroot&disease&,A&time&course&experiment&to&study&interactions&between&P.&brassicae%&two&B.&napus&genotypes&(Tenor&and&Yudal:&TG&and&YG)%&and&three&soils&harboring&High&(H)%&Medium&(M)&or&Low&(L)&microbiota&diversities&and&displaying&different&levels&of&richness&and&diversity.&&HP:&Healthy&plant%&IP:&Infected&plant
PRJEB36458,ERR3850176,Root,28dai_HP_MSMD_TG,Soil&microbiota&and&clubroot&disease&,A&time&course&experiment&to&study&interactions&between&P.&brassicae%&two&B.&napus&genotypes&(Tenor&and&Yudal:&TG&and&YG)%&and&three&soils&harboring&High&(H)%&Medium&(M)&or&Low&(L)&microbiota&diversities&and&displaying&different&levels&of&richness&and&diversity.&&HP:&Healthy&plant%&IP:&Infected&plant
PRJEB36458,ERR3850175,Root,28dai_HP_MSMD_TG,Soil&microbiota&and&clubroot&disease&,A&time&course&experiment&to&study&interactions&between&P.&brassicae%&two&B.&napus&genotypes&(Tenor&and&Yudal:&TG&and&YG)%&and&three&soils&harboring&High&(H)%&Medium&(M)&or&Low&(L)&microbiota&diversities&and&displaying&different&levels&of&richness&and&diversity.&&HP:&Healthy&plant%&IP:&Infected&plant
PRJEB36458,ERR3850174,Root,28dai_HP_MSMD_TG,Soil&microbiota&and&clubroot&disease&,A&time&course&experiment&to&study&interactions&between&P.&brassicae%&two&B.&napus&genotypes&(Tenor&and&Yudal:&TG&and&YG)%&and&three&soils&harboring&High&(H)%&Medium&(M)&or&Low&(L)&microbiota&diversities&and&displaying&different&levels&of&richness&and&diversity.&&HP:&Healthy&plant%&IP:&Infected&plant
PRJEB36458,ERR3850167,Root,28dai_HP_HSMD_YG,Soil&microbiota&and&clubroot&disease&,A&time&course&experiment&to&study&interactions&between&P.&brassicae%&two&B.&napus&genotypes&(Tenor&and&Yudal:&TG&and&YG)%&and&three&soils&harboring&High&(H)%&Medium&(M)&or&Low&(L)&microbiota&diversities&and&displaying&different&levels&of&richness&and&diversity.&&HP:&Healthy&plant%&IP:&Infected&plant
PRJEB36458,ERR3850166,Root,28dai_HP_HSMD_YG,Soil&microbiota&and&clubroot&disease&,A&time&course&experiment&to&study&interactions&between&P.&brassicae%&two&B.&napus&genotypes&(Tenor&and&Yudal:&TG&and&YG)%&and&three&soils&harboring&High&(H)%&Medium&(M)&or&Low&(L)&microbiota&diversities&and&displaying&different&levels&of&richness&and&diversity.&&HP:&Healthy&plant%&IP:&Infected&plant
PRJEB36458,ERR3850165,Root,28dai_HP_HSMD_YG,Soil&microbiota&and&clubroot&disease&,A&time&course&experiment&to&study&interactions&between&P.&brassicae%&two&B.&napus&genotypes&(Tenor&and&Yudal:&TG&and&YG)%&and&three&soils&harboring&High&(H)%&Medium&(M)&or&Low&(L)&microbiota&diversities&and&displaying&different&levels&of&richness&and&diversity.&&HP:&Healthy&plant%&IP:&Infected&plant
PRJEB36458,ERR3850164,Root,28dai_HP_HSMD_TG,Soil&microbiota&and&clubroot&disease&,A&time&course&experiment&to&study&interactions&between&P.&brassicae%&two&B.&napus&genotypes&(Tenor&and&Yudal:&TG&and&YG)%&and&three&soils&harboring&High&(H)%&Medium&(M)&or&Low&(L)&microbiota&diversities&and&displaying&different&levels&of&richness&and&diversity.&&HP:&Healthy&plant%&IP:&Infected&plant
PRJEB36458,ERR3850163,Root,28dai_HP_HSMD_TG,Soil&microbiota&and&clubroot&disease&,A&time&course&experiment&to&study&interactions&between&P.&brassicae%&two&B.&napus&genotypes&(Tenor&and&Yudal:&TG&and&YG)%&and&three&soils&harboring&High&(H)%&Medium&(M)&or&Low&(L)&microbiota&diversities&and&displaying&different&levels&of&richness&and&diversity.&&HP:&Healthy&plant%&IP:&Infected&plant
PRJEB36458,ERR3850162,Root,28dai_HP_HSMD_TG,Soil&microbiota&and&clubroot&disease&,A&time&course&experiment&to&study&interactions&between&P.&brassicae%&two&B.&napus&genotypes&(Tenor&and&Yudal:&TG&and&YG)%&and&three&soils&harboring&High&(H)%&Medium&(M)&or&Low&(L)&microbiota&diversities&and&displaying&different&levels&of&richness&and&diversity.&&HP:&Healthy&plant%&IP:&Infected&plant
PRJEB36458,ERR3850154,Root,48dai_IP_LSMD_YG,Soil&microbiota&and&clubroot&disease&,A&time&course&experiment&to&study&interactions&between&P.&brassicae%&two&B.&napus&genotypes&(Tenor&and&Yudal:&TG&and&YG)%&and&three&soils&harboring&High&(H)%&Medium&(M)&or&Low&(L)&microbiota&diversities&and&displaying&different&levels&of&richness&and&diversity.&&HP:&Healthy&plant%&IP:&Infected&plant
PRJEB36458,ERR3850191,Root,28dai_IP_LSMD_YG,Soil&microbiota&and&clubroot&disease&,A&time&course&experiment&to&study&interactions&between&P.&brassicae%&two&B.&napus&genotypes&(Tenor&and&Yudal:&TG&and&YG)%&and&three&soils&harboring&High&(H)%&Medium&(M)&or&Low&(L)&microbiota&diversities&and&displaying&different&levels&of&richness&and&diversity.&&HP:&Healthy&plant%&IP:&Infected&plant
PRJEB36458,ERR3850190,Root,28dai_IP_LSMD_YG,Soil&microbiota&and&clubroot&disease&,A&time&course&experiment&to&study&interactions&between&P.&brassicae%&two&B.&napus&genotypes&(Tenor&and&Yudal:&TG&and&YG)%&and&three&soils&harboring&High&(H)%&Medium&(M)&or&Low&(L)&microbiota&diversities&and&displaying&different&levels&of&richness&and&diversity.&&HP:&Healthy&plant%&IP:&Infected&plant
PRJEB36458,ERR3850189,Root,28dai_IP_LSMD_YG,Soil&microbiota&and&clubroot&disease&,A&time&course&experiment&to&study&interactions&between&P.&brassicae%&two&B.&napus&genotypes&(Tenor&and&Yudal:&TG&and&YG)%&and&three&soils&harboring&High&(H)%&Medium&(M)&or&Low&(L)&microbiota&diversities&and&displaying&different&levels&of&richness&and&diversity.&&HP:&Healthy&plant%&IP:&Infected&plant
PRJEB36458,ERR3850188,Root,28dai_IP_LSMD_TG,Soil&microbiota&and&clubroot&disease&,A&time&course&experiment&to&study&interactions&between&P.&brassicae%&two&B.&napus&genotypes&(Tenor&and&Yudal:&TG&and&YG)%&and&three&soils&harboring&High&(H)%&Medium&(M)&or&Low&(L)&microbiota&diversities&and&displaying&different&levels&of&richness&and&diversity.&&HP:&Healthy&plant%&IP:&Infected&plant
PRJEB36458,ERR3850187,Root,28dai_IP_LSMD_TG,Soil&microbiota&and&clubroot&disease&,A&time&course&experiment&to&study&interactions&between&P.&brassicae%&two&B.&napus&genotypes&(Tenor&and&Yudal:&TG&and&YG)%&and&three&soils&harboring&High&(H)%&Medium&(M)&or&Low&(L)&microbiota&diversities&and&displaying&different&levels&of&richness&and&diversity.&&HP:&Healthy&plant%&IP:&Infected&plant
PRJEB36458,ERR3850186,Root,28dai_IP_LSMD_TG,Soil&microbiota&and&clubroot&disease&,A&time&course&experiment&to&study&interactions&between&P.&brassicae%&two&B.&napus&genotypes&(Tenor&and&Yudal:&TG&and&YG)%&and&three&soils&harboring&High&(H)%&Medium&(M)&or&Low&(L)&microbiota&diversities&and&displaying&different&levels&of&richness&and&diversity.&&HP:&Healthy&plant%&IP:&Infected&plant
PRJEB36458,ERR3850197,Root,28dai_IP_MSMD_YG,Soil&microbiota&and&clubroot&disease&,A&time&course&experiment&to&study&interactions&between&P.&brassicae%&two&B.&napus&genotypes&(Tenor&and&Yudal:&TG&and&YG)%&and&three&soils&harboring&High&(H)%&Medium&(M)&or&Low&(L)&microbiota&diversities&and&displaying&different&levels&of&richness&and&diversity.&&HP:&Healthy&plant%&IP:&Infected&plant
PRJEB36458,ERR3850196,Root,28dai_IP_MSMD_YG,Soil&microbiota&and&clubroot&disease&,A&time&course&experiment&to&study&interactions&between&P.&brassicae%&two&B.&napus&genotypes&(Tenor&and&Yudal:&TG&and&YG)%&and&three&soils&harboring&High&(H)%&Medium&(M)&or&Low&(L)&microbiota&diversities&and&displaying&different&levels&of&richness&and&diversity.&&HP:&Healthy&plant%&IP:&Infected&plant
PRJEB36458,ERR3850195,Root,28dai_IP_MSMD_YG,Soil&microbiota&and&clubroot&disease&,A&time&course&experiment&to&study&interactions&between&P.&brassicae%&two&B.&napus&genotypes&(Tenor&and&Yudal:&TG&and&YG)%&and&three&soils&harboring&High&(H)%&Medium&(M)&or&Low&(L)&microbiota&diversities&and&displaying&different&levels&of&richness&and&diversity.&&HP:&Healthy&plant%&IP:&Infected&plant
PRJEB36458,ERR3850194,Root,28dai_IP_MSMD_TG,Soil&microbiota&and&clubroot&disease&,A&time&course&experiment&to&study&interactions&between&P.&brassicae%&two&B.&napus&genotypes&(Tenor&and&Yudal:&TG&and&YG)%&and&three&soils&harboring&High&(H)%&Medium&(M)&or&Low&(L)&microbiota&diversities&and&displaying&different&levels&of&richness&and&diversity.&&HP:&Healthy&plant%&IP:&Infected&plant
PRJEB36458,ERR3850193,Root,28dai_IP_MSMD_TG,Soil&microbiota&and&clubroot&disease&,A&time&course&experiment&to&study&interactions&between&P.&brassicae%&two&B.&napus&genotypes&(Tenor&and&Yudal:&TG&and&YG)%&and&three&soils&harboring&High&(H)%&Medium&(M)&or&Low&(L)&microbiota&diversities&and&displaying&different&levels&of&richness&and&diversity.&&HP:&Healthy&plant%&IP:&Infected&plant
PRJEB36458,ERR3850192,Root,28dai_IP_MSMD_TG,Soil&microbiota&and&clubroot&disease&,A&time&course&experiment&to&study&interactions&between&P.&brassicae%&two&B.&napus&genotypes&(Tenor&and&Yudal:&TG&and&YG)%&and&three&soils&harboring&High&(H)%&Medium&(M)&or&Low&(L)&microbiota&diversities&and&displaying&different&levels&of&richness&and&diversity.&&HP:&Healthy&plant%&IP:&Infected&plant
PRJEB36458,ERR3850185,Root,28dai_IP_HSMD_YG,Soil&microbiota&and&clubroot&disease&,A&time&course&experiment&to&study&interactions&between&P.&brassicae%&two&B.&napus&genotypes&(Tenor&and&Yudal:&TG&and&YG)%&and&three&soils&harboring&High&(H)%&Medium&(M)&or&Low&(L)&microbiota&diversities&and&displaying&different&levels&of&richness&and&diversity.&&HP:&Healthy&plant%&IP:&Infected&plant
PRJEB36458,ERR3850184,Root,28dai_IP_HSMD_YG,Soil&microbiota&and&clubroot&disease&,A&time&course&experiment&to&study&interactions&between&P.&brassicae%&two&B.&napus&genotypes&(Tenor&and&Yudal:&TG&and&YG)%&and&three&soils&harboring&High&(H)%&Medium&(M)&or&Low&(L)&microbiota&diversities&and&displaying&different&levels&of&richness&and&diversity.&&HP:&Healthy&plant%&IP:&Infected&plant
PRJEB36458,ERR3850183,Root,28dai_IP_HSMD_YG,Soil&microbiota&and&clubroot&disease&,A&time&course&experiment&to&study&interactions&between&P.&brassicae%&two&B.&napus&genotypes&(Tenor&and&Yudal:&TG&and&YG)%&and&three&soils&harboring&High&(H)%&Medium&(M)&or&Low&(L)&microbiota&diversities&and&displaying&different&levels&of&richness&and&diversity.&&HP:&Healthy&plant%&IP:&Infected&plant
PRJEB36458,ERR3850182,Root,28dai_IP_HSMD_TG,Soil&microbiota&and&clubroot&disease&,A&time&course&experiment&to&study&interactions&between&P.&brassicae%&two&B.&napus&genotypes&(Tenor&and&Yudal:&TG&and&YG)%&and&three&soils&harboring&High&(H)%&Medium&(M)&or&Low&(L)&microbiota&diversities&and&displaying&different&levels&of&richness&and&diversity.&&HP:&Healthy&plant%&IP:&Infected&plant
PRJEB36458,ERR3850181,Root,28dai_IP_HSMD_TG,Soil&microbiota&and&clubroot&disease&,A&time&course&experiment&to&study&interactions&between&P.&brassicae%&two&B.&napus&genotypes&(Tenor&and&Yudal:&TG&and&YG)%&and&three&soils&harboring&High&(H)%&Medium&(M)&or&Low&(L)&microbiota&diversities&and&displaying&different&levels&of&richness&and&diversity.&&HP:&Healthy&plant%&IP:&Infected&plant
PRJEB36458,ERR3850180,Root,28dai_IP_HSMD_TG,Soil&microbiota&and&clubroot&disease&,A&time&course&experiment&to&study&interactions&between&P.&brassicae%&two&B.&napus&genotypes&(Tenor&and&Yudal:&TG&and&YG)%&and&three&soils&harboring&High&(H)%&Medium&(M)&or&Low&(L)&microbiota&diversities&and&displaying&different&levels&of&richness&and&diversity.&&HP:&Healthy&plant%&IP:&Infected&plant
PRJNA726158,SRR14356967,Shoot,24hpi_neg_shoot,Pseudomonas&chlororaphis&(PA23)&infection,RNA&sequencing&reveals&enhanced&photosynthetic&activity&in&Brassica&napus&treated&with&Pseudomonas&chlororaphis&PA23&(rape).&Overall&design:&plant&mRNA&was&harvested&at&24&hours&and&7&days&post$treatment&with&PA23&
PRJNA726158,SRR14356968,Shoot,24hpi_neg_shoot,Pseudomonas&chlororaphis&(PA23)&infection,RNA&sequencing&reveals&enhanced&photosynthetic&activity&in&Brassica&napus&treated&with&Pseudomonas&chlororaphis&PA23&(rape).&Overall&design:&plant&mRNA&was&harvested&at&24&hours&and&7&days&post$treatment&with&PA24
PRJNA726158,SRR14356970,Shoot,24hpi_PA23_shoot,Pseudomonas&chlororaphis&(PA23)&infection,RNA&sequencing&reveals&enhanced&photosynthetic&activity&in&Brassica&napus&treated&with&Pseudomonas&chlororaphis&PA23&(rape).&Overall&design:&plant&mRNA&was&harvested&at&24&hours&and&7&days&post$treatment&with&PA25
PRJNA726158,SRR14356969,Shoot,24hpi_neg_shoot,Pseudomonas&chlororaphis&(PA23)&infection,RNA&sequencing&reveals&enhanced&photosynthetic&activity&in&Brassica&napus&treated&with&Pseudomonas&chlororaphis&PA23&(rape).&Overall&design:&plant&mRNA&was&harvested&at&24&hours&and&7&days&post$treatment&with&PA26
PRJNA726158,SRR14356971,Shoot,24hpi_PA23_shoot,Pseudomonas&chlororaphis&(PA23)&infection,RNA&sequencing&reveals&enhanced&photosynthetic&activity&in&Brassica&napus&treated&with&Pseudomonas&chlororaphis&PA23&(rape).&Overall&design:&plant&mRNA&was&harvested&at&24&hours&and&7&days&post$treatment&with&PA27
PRJNA726158,SRR14356972,Shoot,24hpi_PA23_shoot,Pseudomonas&chlororaphis&(PA23)&infection,RNA&sequencing&reveals&enhanced&photosynthetic&activity&in&Brassica&napus&treated&with&Pseudomonas&chlororaphis&PA23&(rape).&Overall&design:&plant&mRNA&was&harvested&at&24&hours&and&7&days&post$treatment&with&PA28
PRJNA726158,SRR14356974,Shoot,7dpi_neg_shoot,Pseudomonas&chlororaphis&(PA23)&infection,RNA&sequencing&reveals&enhanced&photosynthetic&activity&in&Brassica&napus&treated&with&Pseudomonas&chlororaphis&PA23&(rape).&Overall&design:&plant&mRNA&was&harvested&at&24&hours&and&7&days&post$treatment&with&PA29
PRJNA726158,SRR14356973,Shoot,7dpi_neg_shoot,Pseudomonas&chlororaphis&(PA23)&infection,RNA&sequencing&reveals&enhanced&photosynthetic&activity&in&Brassica&napus&treated&with&Pseudomonas&chlororaphis&PA23&(rape).&Overall&design:&plant&mRNA&was&harvested&at&24&hours&and&7&days&post$treatment&with&PA30
PRJNA726158,SRR14356975,Shoot,7dpi_neg_shoot,Pseudomonas&chlororaphis&(PA23)&infection,RNA&sequencing&reveals&enhanced&photosynthetic&activity&in&Brassica&napus&treated&with&Pseudomonas&chlororaphis&PA23&(rape).&Overall&design:&plant&mRNA&was&harvested&at&24&hours&and&7&days&post$treatment&with&PA31
PRJNA726158,SRR14356976,Shoot,7dpi_PA23_shoot,Pseudomonas&chlororaphis&(PA23)&infection,RNA&sequencing&reveals&enhanced&photosynthetic&activity&in&Brassica&napus&treated&with&Pseudomonas&chlororaphis&PA23&(rape).&Overall&design:&plant&mRNA&was&harvested&at&24&hours&and&7&days&post$treatment&with&PA32
PRJNA726158,SRR14356977,Shoot,7dpi_PA23_shoot,Pseudomonas&chlororaphis&(PA23)&infection,RNA&sequencing&reveals&enhanced&photosynthetic&activity&in&Brassica&napus&treated&with&Pseudomonas&chlororaphis&PA23&(rape).&Overall&design:&plant&mRNA&was&harvested&at&24&hours&and&7&days&post$treatment&with&PA33
PRJNA726158,SRR14356978,Shoot,7dpi_PA23_shoot,Pseudomonas&chlororaphis&(PA23)&infection,RNA&sequencing&reveals&enhanced&photosynthetic&activity&in&Brassica&napus&treated&with&Pseudomonas&chlororaphis&PA23&(rape).&Overall&design:&plant&mRNA&was&harvested&at&24&hours&and&7&days&post$treatment&with&PA34
PRJNA726158,SRR14356979,Root,24hpi_neg_root,Pseudomonas&chlororaphis&(PA23)&infection,RNA&sequencing&reveals&enhanced&photosynthetic&activity&in&Brassica&napus&treated&with&Pseudomonas&chlororaphis&PA23&(rape).&Overall&design:&plant&mRNA&was&harvested&at&24&hours&and&7&days&post$treatment&with&PA35
PRJNA726158,SRR14356980,Root,24hpi_neg_root,Pseudomonas&chlororaphis&(PA23)&infection,RNA&sequencing&reveals&enhanced&photosynthetic&activity&in&Brassica&napus&treated&with&Pseudomonas&chlororaphis&PA23&(rape).&Overall&design:&plant&mRNA&was&harvested&at&24&hours&and&7&days&post$treatment&with&PA36
PRJNA726158,SRR14356981,Root,24hpi_PA23_root,Pseudomonas&chlororaphis&(PA23)&infection,RNA&sequencing&reveals&enhanced&photosynthetic&activity&in&Brassica&napus&treated&with&Pseudomonas&chlororaphis&PA23&(rape).&Overall&design:&plant&mRNA&was&harvested&at&24&hours&and&7&days&post$treatment&with&PA37
PRJNA726158,SRR14356982,Root,24hpi_PA23_root,Pseudomonas&chlororaphis&(PA23)&infection,RNA&sequencing&reveals&enhanced&photosynthetic&activity&in&Brassica&napus&treated&with&Pseudomonas&chlororaphis&PA23&(rape).&Overall&design:&plant&mRNA&was&harvested&at&24&hours&and&7&days&post$treatment&with&PA38
PRJNA726158,SRR14356984,Root,7dpi_neg_root,Pseudomonas&chlororaphis&(PA23)&infection,RNA&sequencing&reveals&enhanced&photosynthetic&activity&in&Brassica&napus&treated&with&Pseudomonas&chlororaphis&PA23&(rape).&Overall&design:&plant&mRNA&was&harvested&at&24&hours&and&7&days&post$treatment&with&PA39
PRJNA726158,SRR14356983,Root,24hpi_PA23_root,Pseudomonas&chlororaphis&(PA23)&infection,RNA&sequencing&reveals&enhanced&photosynthetic&activity&in&Brassica&napus&treated&with&Pseudomonas&chlororaphis&PA23&(rape).&Overall&design:&plant&mRNA&was&harvested&at&24&hours&and&7&days&post$treatment&with&PA40
PRJNA726158,SRR14356985,Root,7dpi_neg_root,Pseudomonas&chlororaphis&(PA23)&infection,RNA&sequencing&reveals&enhanced&photosynthetic&activity&in&Brassica&napus&treated&with&Pseudomonas&chlororaphis&PA23&(rape).&Overall&design:&plant&mRNA&was&harvested&at&24&hours&and&7&days&post$treatment&with&PA41
PRJNA726158,SRR14356986,Root,7dpi_neg_root,Pseudomonas&chlororaphis&(PA23)&infection,RNA&sequencing&reveals&enhanced&photosynthetic&activity&in&Brassica&napus&treated&with&Pseudomonas&chlororaphis&PA23&(rape).&Overall&design:&plant&mRNA&was&harvested&at&24&hours&and&7&days&post$treatment&with&PA42
PRJNA726158,SRR14356987,Root,7dpi_PA23_root,Pseudomonas&chlororaphis&(PA23)&infection,RNA&sequencing&reveals&enhanced&photosynthetic&activity&in&Brassica&napus&treated&with&Pseudomonas&chlororaphis&PA23&(rape).&Overall&design:&plant&mRNA&was&harvested&at&24&hours&and&7&days&post$treatment&with&PA43
PRJNA726158,SRR14356988,Root,7dpi_PA23_root,Pseudomonas&chlororaphis&(PA23)&infection,RNA&sequencing&reveals&enhanced&photosynthetic&activity&in&Brassica&napus&treated&with&Pseudomonas&chlororaphis&PA23&(rape).&Overall&design:&plant&mRNA&was&harvested&at&24&hours&and&7&days&post$treatment&with&PA44
PRJNA726158,SRR14356989,Root,7dpi_PA23_root,Pseudomonas&chlororaphis&(PA23)&infection,RNA&sequencing&reveals&enhanced&photosynthetic&activity&in&Brassica&napus&treated&with&Pseudomonas&chlororaphis&PA23&(rape).&Overall&design:&plant&mRNA&was&harvested&at&24&hours&and&7&days&post$treatment&with&PA45
PRJEB39398,ERR4352134,Leaf,Nov_16,Leptosphaeria&maculans&infection&(Nov_16&and&Nov_29),Large$scale&transcriptomics&to&dissect&two&years&of&life&of&a&fungal&phytopathogen&in&interaction(s)&with&its&host&plant
PRJEB39398,ERR4352132,Leaf,Nov_16,Leptosphaeria&maculans&infection&(Nov_16&and&Nov_29),Large$scale&transcriptomics&to&dissect&two&years&of&life&of&a&fungal&phytopathogen&in&interaction(s)&with&its&host&plant
PRJEB39398,ERR4352130,Leaf,Nov_16,Leptosphaeria&maculans&infection&(Nov_16&and&Nov_29),Large$scale&transcriptomics&to&dissect&two&years&of&life&of&a&fungal&phytopathogen&in&interaction(s)&with&its&host&plant
PRJEB39398,ERR4352135,Leaf,Nov_29,Leptosphaeria&maculans&infection&(Nov_16&and&Nov_29),Large$scale&transcriptomics&to&dissect&two&years&of&life&of&a&fungal&phytopathogen&in&interaction(s)&with&its&host&plant
PRJEB39398,ERR4352133,Leaf,Nov_29,Leptosphaeria&maculans&infection&(Nov_16&and&Nov_29),Large$scale&transcriptomics&to&dissect&two&years&of&life&of&a&fungal&phytopathogen&in&interaction(s)&with&its&host&plant
PRJEB39398,ERR4352131,Leaf,Nov_29,Leptosphaeria&maculans&infection&(Nov_16&and&Nov_29),Large$scale&transcriptomics&to&dissect&two&years&of&life&of&a&fungal&phytopathogen&in&interaction(s)&with&its&host&plant
PRJEB36839,ERR3932786,Embryo,Wild$TSR270,Suppression&of&Storage&Proteins,Cellular&plasticity&in&response&to&suppression&of&storage&proteins&in&the&Brassica&napus&embryo
PRJEB36839,ERR3932785,Embryo,Wild$TSR270,Suppression&of&Storage&Proteins,Cellular&plasticity&in&response&to&suppression&of&storage&proteins&in&the&Brassica&napus&embryo
PRJEB36839,ERR3932784,Embryo,Wild$TSR270,Suppression&of&Storage&Proteins,Cellular&plasticity&in&response&to&suppression&of&storage&proteins&in&the&Brassica&napus&embryo
PRJEB36839,ERR3932783,Embryo,Wild$TSR270,Suppression&of&Storage&Proteins,Cellular&plasticity&in&response&to&suppression&of&storage&proteins&in&the&Brassica&napus&embryo
PRJEB36839,ERR3932782,Embryo,Wild$TSR270,Suppression&of&Storage&Proteins,Cellular&plasticity&in&response&to&suppression&of&storage&proteins&in&the&Brassica&napus&embryo
PRJEB36839,ERR3932781,Embryo,Wild$TSR270,Suppression&of&Storage&Proteins,Cellular&plasticity&in&response&to&suppression&of&storage&proteins&in&the&Brassica&napus&embryo
PRJEB36839,ERR3932780,Embryo,Wild$TSR269,Suppression&of&Storage&Proteins,Cellular&plasticity&in&response&to&suppression&of&storage&proteins&in&the&Brassica&napus&embryo
PRJEB36839,ERR3932779,Embryo,Wild$TSR269,Suppression&of&Storage&Proteins,Cellular&plasticity&in&response&to&suppression&of&storage&proteins&in&the&Brassica&napus&embryo
PRJEB36839,ERR3932778,Embryo,Wild$TSR269,Suppression&of&Storage&Proteins,Cellular&plasticity&in&response&to&suppression&of&storage&proteins&in&the&Brassica&napus&embryo
PRJEB36839,ERR3932777,Embryo,Wild$TSR269,Suppression&of&Storage&Proteins,Cellular&plasticity&in&response&to&suppression&of&storage&proteins&in&the&Brassica&napus&embryo
PRJEB36839,ERR3932776,Embryo,Wild$TSR269,Suppression&of&Storage&Proteins,Cellular&plasticity&in&response&to&suppression&of&storage&proteins&in&the&Brassica&napus&embryo
PRJEB36839,ERR3932775,Embryo,Wild$TSR269,Suppression&of&Storage&Proteins,Cellular&plasticity&in&response&to&suppression&of&storage&proteins&in&the&Brassica&napus&embryo
PRJEB36839,ERR3932773,Embryo,Wild$TSR268,Suppression&of&Storage&Proteins,Cellular&plasticity&in&response&to&suppression&of&storage&proteins&in&the&Brassica&napus&embryo
PRJEB36839,ERR3932772,Embryo,Wild$TSR268,Suppression&of&Storage&Proteins,Cellular&plasticity&in&response&to&suppression&of&storage&proteins&in&the&Brassica&napus&embryo
PRJEB36839,ERR3932771,Embryo,Wild$TSR268,Suppression&of&Storage&Proteins,Cellular&plasticity&in&response&to&suppression&of&storage&proteins&in&the&Brassica&napus&embryo
PRJEB36839,ERR3932770,Embryo,Wild$TSR268,Suppression&of&Storage&Proteins,Cellular&plasticity&in&response&to&suppression&of&storage&proteins&in&the&Brassica&napus&embryo
PRJEB36839,ERR3932769,Embryo,Wild$TSR268,Suppression&of&Storage&Proteins,Cellular&plasticity&in&response&to&suppression&of&storage&proteins&in&the&Brassica&napus&embryo
PRJEB36839,ERR3932768,Embryo,transgenic$TSR267,Suppression&of&Storage&Proteins,Cellular&plasticity&in&response&to&suppression&of&storage&proteins&in&the&Brassica&napus&embryo
PRJEB36839,ERR3932767,Embryo,transgenic$TSR267,Suppression&of&Storage&Proteins,Cellular&plasticity&in&response&to&suppression&of&storage&proteins&in&the&Brassica&napus&embryo
PRJEB36839,ERR3932766,Embryo,transgenic$TSR267,Suppression&of&Storage&Proteins,Cellular&plasticity&in&response&to&suppression&of&storage&proteins&in&the&Brassica&napus&embryo
PRJEB36839,ERR3932765,Embryo,transgenic$TSR267,Suppression&of&Storage&Proteins,Cellular&plasticity&in&response&to&suppression&of&storage&proteins&in&the&Brassica&napus&embryo
PRJEB36839,ERR3932764,Embryo,transgenic$TSR267,Suppression&of&Storage&Proteins,Cellular&plasticity&in&response&to&suppression&of&storage&proteins&in&the&Brassica&napus&embryo
PRJEB36839,ERR3932763,Embryo,transgenic$TSR267,Suppression&of&Storage&Proteins,Cellular&plasticity&in&response&to&suppression&of&storage&proteins&in&the&Brassica&napus&embryo
PRJEB36839,ERR3932761,Embryo,transgenic$TSR266,Suppression&of&Storage&Proteins,Cellular&plasticity&in&response&to&suppression&of&storage&proteins&in&the&Brassica&napus&embryo
PRJEB36839,ERR3932760,Embryo,transgenic$TSR266,Suppression&of&Storage&Proteins,Cellular&plasticity&in&response&to&suppression&of&storage&proteins&in&the&Brassica&napus&embryo
PRJEB36839,ERR3932759,Embryo,transgenic$TSR266,Suppression&of&Storage&Proteins,Cellular&plasticity&in&response&to&suppression&of&storage&proteins&in&the&Brassica&napus&embryo
PRJEB36839,ERR3932758,Embryo,transgenic$TSR266,Suppression&of&Storage&Proteins,Cellular&plasticity&in&response&to&suppression&of&storage&proteins&in&the&Brassica&napus&embryo
PRJEB36839,ERR3932757,Embryo,transgenic$TSR266,Suppression&of&Storage&Proteins,Cellular&plasticity&in&response&to&suppression&of&storage&proteins&in&the&Brassica&napus&embryo
PRJEB36839,ERR3932756,Embryo,transgenic$TSR266,Suppression&of&Storage&Proteins,Cellular&plasticity&in&response&to&suppression&of&storage&proteins&in&the&Brassica&napus&embryo
PRJEB36839,ERR3932755,Embryo,transgenic580$TSR265,Suppression&of&Storage&Proteins,Cellular&plasticity&in&response&to&suppression&of&storage&proteins&in&the&Brassica&napus&embryo
PRJEB36839,ERR3932754,Embryo,transgenic580$TSR265,Suppression&of&Storage&Proteins,Cellular&plasticity&in&response&to&suppression&of&storage&proteins&in&the&Brassica&napus&embryo
PRJEB36839,ERR3932753,Embryo,transgenic580$TSR265,Suppression&of&Storage&Proteins,Cellular&plasticity&in&response&to&suppression&of&storage&proteins&in&the&Brassica&napus&embryo
PRJEB36839,ERR3932752,Embryo,transgenic580$TSR265,Suppression&of&Storage&Proteins,Cellular&plasticity&in&response&to&suppression&of&storage&proteins&in&the&Brassica&napus&embryo
PRJEB36839,ERR3932751,Embryo,transgenic580$TSR265,Suppression&of&Storage&Proteins,Cellular&plasticity&in&response&to&suppression&of&storage&proteins&in&the&Brassica&napus&embryo
PRJEB36839,ERR3932750,Embryo,transgenic580$TSR265,Suppression&of&Storage&Proteins,Cellular&plasticity&in&response&to&suppression&of&storage&proteins&in&the&Brassica&napus&embryo
PRJEB36839,ERR3932749,Embryo,transgenic580$TSR265,Suppression&of&Storage&Proteins,Cellular&plasticity&in&response&to&suppression&of&storage&proteins&in&the&Brassica&napus&embryo
PRJNA616079,SRR11697977,Stem,Resistant&24hpi,Sclerotinia&Sclerotiorum&infection&(Two&line%&three&time$points),Comparative&transcriptomic&analysis&between&two&Brassica&napus&DH&lines&developed&from&a&cross&between&resistant&and&susceptible&lines&against&Sclerotinia&stem&rot%&at&three$time&points&24%&48&and&96&hours&post$inoculation&
PRJNA616079,SRR11697976,Stem,Resistant&24hpi,Sclerotinia&Sclerotiorum&infection&(Two&line%&three&time$points),Comparative&transcriptomic&analysis&between&two&Brassica&napus&DH&lines&developed&from&a&cross&between&resistant&and&susceptible&lines&against&Sclerotinia&stem&rot%&at&three$time&points&24%&48&and&96&hours&post$inoculation&
PRJNA616079,SRR11697964,Stem,Resistant&24hpi,Sclerotinia&Sclerotiorum&infection&(Two&line%&three&time$points),Comparative&transcriptomic&analysis&between&two&Brassica&napus&DH&lines&developed&from&a&cross&between&resistant&and&susceptible&lines&against&Sclerotinia&stem&rot%&at&three$time&points&24%&48&and&96&hours&post$inoculation&
PRJNA616079,SRR11697959,Stem,Resistant&48hpi,Sclerotinia&Sclerotiorum&infection&(Two&line%&three&time$points),Comparative&transcriptomic&analysis&between&two&Brassica&napus&DH&lines&developed&from&a&cross&between&resistant&and&susceptible&lines&against&Sclerotinia&stem&rot%&at&three$time&points&24%&48&and&96&hours&post$inoculation&
PRJNA616079,SRR11697958,Stem,Resistant&48hpi,Sclerotinia&Sclerotiorum&infection&(Two&line%&three&time$points),Comparative&transcriptomic&analysis&between&two&Brassica&napus&DH&lines&developed&from&a&cross&between&resistant&and&susceptible&lines&against&Sclerotinia&stem&rot%&at&three$time&points&24%&48&and&96&hours&post$inoculation&
PRJNA616079,SRR11697956,Stem,Resistant&48hpi,Sclerotinia&Sclerotiorum&infection&(Two&line%&three&time$points),Comparative&transcriptomic&analysis&between&two&Brassica&napus&DH&lines&developed&from&a&cross&between&resistant&and&susceptible&lines&against&Sclerotinia&stem&rot%&at&three$time&points&24%&48&and&96&hours&post$inoculation&
PRJNA616079,SRR11697954,Stem,Resistant&96hpi,Sclerotinia&Sclerotiorum&infection&(Two&line%&three&time$points),Comparative&transcriptomic&analysis&between&two&Brassica&napus&DH&lines&developed&from&a&cross&between&resistant&and&susceptible&lines&against&Sclerotinia&stem&rot%&at&three$time&points&24%&48&and&96&hours&post$inoculation&
PRJNA616079,SRR11697957,Stem,Resistant&96hpi,Sclerotinia&Sclerotiorum&infection&(Two&line%&three&time$points),Comparative&transcriptomic&analysis&between&two&Brassica&napus&DH&lines&developed&from&a&cross&between&resistant&and&susceptible&lines&against&Sclerotinia&stem&rot%&at&three$time&points&24%&48&and&96&hours&post$inoculation&
PRJNA616079,SRR11697975,Stem,Resistant&96hpi,Sclerotinia&Sclerotiorum&infection&(Two&line%&three&time$points),Comparative&transcriptomic&analysis&between&two&Brassica&napus&DH&lines&developed&from&a&cross&between&resistant&and&susceptible&lines&against&Sclerotinia&stem&rot%&at&three$time&points&24%&48&and&96&hours&post$inoculation&
PRJNA616079,SRR11697960,Stem,Resistant&mock&24hpi,Sclerotinia&Sclerotiorum&infection&(Two&line%&three&time$points),Comparative&transcriptomic&analysis&between&two&Brassica&napus&DH&lines&developed&from&a&cross&between&resistant&and&susceptible&lines&against&Sclerotinia&stem&rot%&at&three$time&points&24%&48&and&96&hours&post$inoculation&
PRJNA616079,SRR11697955,Stem,Resistant&mock&48hpi,Sclerotinia&Sclerotiorum&infection&(Two&line%&three&time$points),Comparative&transcriptomic&analysis&between&two&Brassica&napus&DH&lines&developed&from&a&cross&between&resistant&and&susceptible&lines&against&Sclerotinia&stem&rot%&at&three$time&points&24%&48&and&96&hours&post$inoculation&
PRJNA616079,SRR11697974,Stem,Resistant&mock&96hpi,Sclerotinia&Sclerotiorum&infection&(Two&line%&three&time$points),Comparative&transcriptomic&analysis&between&two&Brassica&napus&DH&lines&developed&from&a&cross&between&resistant&and&susceptible&lines&against&Sclerotinia&stem&rot%&at&three$time&points&24%&48&and&96&hours&post$inoculation&
PRJNA616079,SRR11697972,Stem,Susceptible&24hpi,Sclerotinia&Sclerotiorum&infection&(Two&line%&three&time$points),Comparative&transcriptomic&analysis&between&two&Brassica&napus&DH&lines&developed&from&a&cross&between&resistant&and&susceptible&lines&against&Sclerotinia&stem&rot%&at&three$time&points&24%&48&and&96&hours&post$inoculation&
PRJNA616079,SRR11697971,Stem,Susceptible&24hpi,Sclerotinia&Sclerotiorum&infection&(Two&line%&three&time$points),Comparative&transcriptomic&analysis&between&two&Brassica&napus&DH&lines&developed&from&a&cross&between&resistant&and&susceptible&lines&against&Sclerotinia&stem&rot%&at&three$time&points&24%&48&and&96&hours&post$inoculation&
PRJNA616079,SRR11697970,Stem,Susceptible&24hpi,Sclerotinia&Sclerotiorum&infection&(Two&line%&three&time$points),Comparative&transcriptomic&analysis&between&two&Brassica&napus&DH&lines&developed&from&a&cross&between&resistant&and&susceptible&lines&against&Sclerotinia&stem&rot%&at&three$time&points&24%&48&and&96&hours&post$inoculation&
PRJNA616079,SRR11697969,Stem,Susceptible&48hpi,Sclerotinia&Sclerotiorum&infection&(Two&line%&three&time$points),Comparative&transcriptomic&analysis&between&two&Brassica&napus&DH&lines&developed&from&a&cross&between&resistant&and&susceptible&lines&against&Sclerotinia&stem&rot%&at&three$time&points&24%&48&and&96&hours&post$inoculation&
PRJNA616079,SRR11697968,Stem,Susceptible&48hpi,Sclerotinia&Sclerotiorum&infection&(Two&line%&three&time$points),Comparative&transcriptomic&analysis&between&two&Brassica&napus&DH&lines&developed&from&a&cross&between&resistant&and&susceptible&lines&against&Sclerotinia&stem&rot%&at&three$time&points&24%&48&and&96&hours&post$inoculation&
PRJNA616079,SRR11697967,Stem,Susceptible&48hpi,Sclerotinia&Sclerotiorum&infection&(Two&line%&three&time$points),Comparative&transcriptomic&analysis&between&two&Brassica&napus&DH&lines&developed&from&a&cross&between&resistant&and&susceptible&lines&against&Sclerotinia&stem&rot%&at&three$time&points&24%&48&and&96&hours&post$inoculation&
PRJNA616079,SRR11697963,Stem,Susceptible&96hpi,Sclerotinia&Sclerotiorum&infection&(Two&line%&three&time$points),Comparative&transcriptomic&analysis&between&two&Brassica&napus&DH&lines&developed&from&a&cross&between&resistant&and&susceptible&lines&against&Sclerotinia&stem&rot%&at&three$time&points&24%&48&and&96&hours&post$inoculation&
PRJNA616079,SRR11697962,Stem,Susceptible&96hpi,Sclerotinia&Sclerotiorum&infection&(Two&line%&three&time$points),Comparative&transcriptomic&analysis&between&two&Brassica&napus&DH&lines&developed&from&a&cross&between&resistant&and&susceptible&lines&against&Sclerotinia&stem&rot%&at&three$time&points&24%&48&and&96&hours&post$inoculation&
PRJNA616079,SRR11697965,Stem,Susceptible&96hpi,Sclerotinia&Sclerotiorum&infection&(Two&line%&three&time$points),Comparative&transcriptomic&analysis&between&two&Brassica&napus&DH&lines&developed&from&a&cross&between&resistant&and&susceptible&lines&against&Sclerotinia&stem&rot%&at&three$time&points&24%&48&and&96&hours&post$inoculation&
PRJNA616079,SRR11697973,Stem,Susceptible&mock&24hpi,Sclerotinia&Sclerotiorum&infection&(Two&line%&three&time$points),Comparative&transcriptomic&analysis&between&two&Brassica&napus&DH&lines&developed&from&a&cross&between&resistant&and&susceptible&lines&against&Sclerotinia&stem&rot%&at&three$time&points&24%&48&and&96&hours&post$inoculation&
PRJNA616079,SRR11697966,Stem,Susceptible&mock&48hpi,Sclerotinia&Sclerotiorum&infection&(Two&line%&three&time$points),Comparative&transcriptomic&analysis&between&two&Brassica&napus&DH&lines&developed&from&a&cross&between&resistant&and&susceptible&lines&against&Sclerotinia&stem&rot%&at&three$time&points&24%&48&and&96&hours&post$inoculation&
PRJNA616079,SRR11697961,Stem,Susceptible&mock&96hpi,Sclerotinia&Sclerotiorum&infection&(Two&line%&three&time$points),Comparative&transcriptomic&analysis&between&two&Brassica&napus&DH&lines&developed&from&a&cross&between&resistant&and&susceptible&lines&against&Sclerotinia&stem&rot%&at&three$time&points&24%&48&and&96&hours&post$inoculation&
PRJNA641462,SRR12077446,Hhypocotyl,DT$8VF,Sclerotinia&Sclerotiorum&infection&(DT$8&and&DT$8VF&strains),The&raw&data&of&RNA$seq&of&rapeseed&which&Sclerotinia&sclerotiorum&strain&DT$8&or&DT$8VF&grown&in&rapeseed&hypocotyl&and&no$treated&rapeseed
PRJNA641462,SRR12077447,Hhypocotyl,DT$8VF,Sclerotinia&Sclerotiorum&infection&(DT$8&and&DT$8VF&strains),The&raw&data&of&RNA$seq&of&rapeseed&which&Sclerotinia&sclerotiorum&strain&DT$8&or&DT$8VF&grown&in&rapeseed&hypocotyl&and&no$treated&rapeseed
PRJNA641462,SRR12077448,Hhypocotyl,DT$8VF,Sclerotinia&Sclerotiorum&infection&(DT$8&and&DT$8VF&strains),The&raw&data&of&RNA$seq&of&rapeseed&which&Sclerotinia&sclerotiorum&strain&DT$8&or&DT$8VF&grown&in&rapeseed&hypocotyl&and&no$treated&rapeseed
PRJNA641462,SRR12077449,Hhypocotyl,DT$8,Sclerotinia&Sclerotiorum&infection&(DT$8&and&DT$8VF&strains),The&raw&data&of&RNA$seq&of&rapeseed&which&Sclerotinia&sclerotiorum&strain&DT$8&or&DT$8VF&grown&in&rapeseed&hypocotyl&and&no$treated&rapeseed
PRJNA641462,SRR12077450,Hhypocotyl,DT$8,Sclerotinia&Sclerotiorum&infection&(DT$8&and&DT$8VF&strains),The&raw&data&of&RNA$seq&of&rapeseed&which&Sclerotinia&sclerotiorum&strain&DT$8&or&DT$8VF&grown&in&rapeseed&hypocotyl&and&no$treated&rapeseed
PRJNA641462,SRR12077451,Hhypocotyl,DT$8,Sclerotinia&Sclerotiorum&infection&(DT$8&and&DT$8VF&strains),The&raw&data&of&RNA$seq&of&rapeseed&which&Sclerotinia&sclerotiorum&strain&DT$8&or&DT$8VF&grown&in&rapeseed&hypocotyl&and&no$treated&rapeseed
PRJNA641462,SRR12077452,Hhypocotyl,no$treated,Sclerotinia&Sclerotiorum&infection&(DT$8&and&DT$8VF&strains),The&raw&data&of&RNA$seq&of&rapeseed&which&Sclerotinia&sclerotiorum&strain&DT$8&or&DT$8VF&grown&in&rapeseed&hypocotyl&and&no$treated&rapeseed
PRJNA641462,SRR12077453,Hhypocotyl,no$treated,Sclerotinia&Sclerotiorum&infection&(DT$8&and&DT$8VF&strains),The&raw&data&of&RNA$seq&of&rapeseed&which&Sclerotinia&sclerotiorum&strain&DT$8&or&DT$8VF&grown&in&rapeseed&hypocotyl&and&no$treated&rapeseed
PRJNA641462,SRR12077454,Hhypocotyl,no$treated,Sclerotinia&Sclerotiorum&infection&(DT$8&and&DT$8VF&strains),The&raw&data&of&RNA$seq&of&rapeseed&which&Sclerotinia&sclerotiorum&strain&DT$8&or&DT$8VF&grown&in&rapeseed&hypocotyl&and&no$treated&rapeseed
PRJNA662499,SRR12615538,Roots,Mendel$with&resistance&,Clubroot&resistance&(Mendel&and&rutabaga),Transcriptomic&responses&in&spring&canola&carrying&clubroot&resistance&introgressed&from&rutabaga&or&Mendel
PRJNA662499,SRR12615541,Roots,Mendel$with&resistance&,Clubroot&resistance&(Mendel&and&rutabaga),Transcriptomic&responses&in&spring&canola&carrying&clubroot&resistance&introgressed&from&rutabaga&or&Mendel
PRJNA662499,SRR12615542,Roots,Mendel$with&resistance&,Clubroot&resistance&(Mendel&and&rutabaga),Transcriptomic&responses&in&spring&canola&carrying&clubroot&resistance&introgressed&from&rutabaga&or&Mendel
PRJNA662499,SRR12615535,Roots,Mendel$lacking&resistance&,Clubroot&resistance&(Mendel&and&rutabaga),Transcriptomic&responses&in&spring&canola&carrying&clubroot&resistance&introgressed&from&rutabaga&or&Mendel
PRJNA662499,SRR12615536,Roots,Mendel$lacking&resistance&,Clubroot&resistance&(Mendel&and&rutabaga),Transcriptomic&responses&in&spring&canola&carrying&clubroot&resistance&introgressed&from&rutabaga&or&Mendel
PRJNA662499,SRR12615537,Roots,Mendel$lacking&resistance&,Clubroot&resistance&(Mendel&and&rutabaga),Transcriptomic&responses&in&spring&canola&carrying&clubroot&resistance&introgressed&from&rutabaga&or&Mendel
PRJNA662499,SRR12615532,Roots,Rutabaga$with&resistance&,Clubroot&resistance&(Mendel&and&rutabaga),Transcriptomic&responses&in&spring&canola&carrying&clubroot&resistance&introgressed&from&rutabaga&or&Mendel
PRJNA662499,SRR12615533,Roots,Rutabaga$with&resistance&,Clubroot&resistance&(Mendel&and&rutabaga),Transcriptomic&responses&in&spring&canola&carrying&clubroot&resistance&introgressed&from&rutabaga&or&Mendel
PRJNA662499,SRR12615534,Roots,Rutabaga$with&resistance&,Clubroot&resistance&(Mendel&and&rutabaga),Transcriptomic&responses&in&spring&canola&carrying&clubroot&resistance&introgressed&from&rutabaga&or&Mendel
PRJNA662499,SRR12615539,Roots,Rutabaga$lacking&resistance&,Clubroot&resistance&(Mendel&and&rutabaga),Transcriptomic&responses&in&spring&canola&carrying&clubroot&resistance&introgressed&from&rutabaga&or&Mendel
PRJNA662499,SRR12615540,Roots,Rutabaga$lacking&resistance&,Clubroot&resistance&(Mendel&and&rutabaga),Transcriptomic&responses&in&spring&canola&carrying&clubroot&resistance&introgressed&from&rutabaga&or&Mendel
PRJNA662499,SRR12615531,Roots,Rutabaga$lacking&resistance&,Clubroot&resistance&(Mendel&and&rutabaga),Transcriptomic&responses&in&spring&canola&carrying&clubroot&resistance&introgressed&from&rutabaga&or&Mendel
PRJNA685314,SRR13255325,Roots,resistant$control,Clubroot&resistance&(Tosca&x&BRH&1),The&transcriptomic&differences&of&inoculated&and&non$inoculated&DH&lines&(Tosca')&carrying&resistant&and&susceptible&background.
PRJNA685314,SRR13255326,Roots,resistant$control,Clubroot&resistance&(Tosca&x&BRH&1),The&transcriptomic&differences&of&inoculated&and&non$inoculated&DH&lines&(Tosca')&carrying&resistant&and&susceptible&background.
PRJNA685314,SRR13255329,Roots,susceptible$control,Clubroot&resistance&(Tosca&x&BRH&1),The&transcriptomic&differences&of&inoculated&and&non$inoculated&DH&lines&(Tosca')&carrying&resistant&and&susceptible&background.
PRJNA685314,SRR13255330,Roots,susceptible$control,Clubroot&resistance&(Tosca&x&BRH&1),The&transcriptomic&differences&of&inoculated&and&non$inoculated&DH&lines&(Tosca')&carrying&resistant&and&susceptible&background.
PRJNA685314,SRR13255331,Roots,resistant$inoculated,Clubroot&resistance&(Tosca&x&BRH&1),The&transcriptomic&differences&of&inoculated&and&non$inoculated&DH&lines&(Tosca')&carrying&resistant&and&susceptible&background.
PRJNA685314,SRR13255332,Roots,resistant$inoculated,Clubroot&resistance&(Tosca&x&BRH&1),The&transcriptomic&differences&of&inoculated&and&non$inoculated&DH&lines&(Tosca')&carrying&resistant&and&susceptible&background.
PRJEB34899,ERR3596731,cotyledons,AGP,Leptosphaeria$infected&cotyledons&(cotyledons),RNA&sequencing&from&Leptosphaeria$infected&cotyledons&(Brassica&napus&cv.&Darmor).
PRJEB34899,ERR3596732,cotyledons,AGQ,Leptosphaeria$infected&cotyledons&(cotyledons),RNA&sequencing&from&Leptosphaeria$infected&cotyledons&(Brassica&napus&cv.&Darmor).
PRJEB34899,ERR3596733,cotyledons,AHA,Leptosphaeria$infected&cotyledons&(cotyledons),RNA&sequencing&from&Leptosphaeria$infected&cotyledons&(Brassica&napus&cv.&Darmor).
PRJEB34899,ERR3596734,cotyledons,AHG,Leptosphaeria$infected&cotyledons&(cotyledons),RNA&sequencing&from&Leptosphaeria$infected&cotyledons&(Brassica&napus&cv.&Darmor).
PRJEB34899,ERR3596735,cotyledons,AHS,Leptosphaeria$infected&cotyledons&(cotyledons),RNA&sequencing&from&Leptosphaeria$infected&cotyledons&(Brassica&napus&cv.&Darmor).
PRJEB34899,ERR3596736,cotyledons,AIH,Leptosphaeria$infected&cotyledons&(cotyledons),RNA&sequencing&from&Leptosphaeria$infected&cotyledons&(Brassica&napus&cv.&Darmor).
PRJEB34899,ERR3596737,cotyledons,AIR,Leptosphaeria$infected&cotyledons&(cotyledons),RNA&sequencing&from&Leptosphaeria$infected&cotyledons&(Brassica&napus&cv.&Darmor).
PRJEB34899,ERR3596738,cotyledons,AKG,Leptosphaeria$infected&cotyledons&(cotyledons),RNA&sequencing&from&Leptosphaeria$infected&cotyledons&(Brassica&napus&cv.&Darmor).
PRJEB34899,ERR3596739,cotyledons,ALC,Leptosphaeria$infected&cotyledons&(cotyledons),RNA&sequencing&from&Leptosphaeria$infected&cotyledons&(Brassica&napus&cv.&Darmor).
PRJEB34899,ERR3596740,cotyledons,ALN,Leptosphaeria$infected&cotyledons&(cotyledons),RNA&sequencing&from&Leptosphaeria$infected&cotyledons&(Brassica&napus&cv.&Darmor).
PRJNA601293,SRR10896600,Seeds,ZZ,Sclerotinia&sclerotiorum&infection&(ZZ&and&CK),Transcriptome&sequencing&of&two&rapeseed&isolate&(ZZ&and&CK)&upon&Sclerotinia&sclerotiorum&infection
PRJNA601293,SRR10896601,Seeds,ZZ,Sclerotinia&sclerotiorum&infection&(ZZ&and&CK),Transcriptome&sequencing&of&two&rapeseed&isolate&(ZZ&and&CK)&upon&Sclerotinia&sclerotiorum&infection
PRJNA601293,SRR10896602,Seeds,ZZ,Sclerotinia&sclerotiorum&infection&(ZZ&and&CK),Transcriptome&sequencing&of&two&rapeseed&isolate&(ZZ&and&CK)&upon&Sclerotinia&sclerotiorum&infection
PRJNA601293,SRR10896603,Seeds,CK,Sclerotinia&sclerotiorum&infection&(ZZ&and&CK),Transcriptome&sequencing&of&two&rapeseed&isolate&(ZZ&and&CK)&upon&Sclerotinia&sclerotiorum&infection
PRJNA601293,SRR10896604,Seeds,CK,Sclerotinia&sclerotiorum&infection&(ZZ&and&CK),Transcriptome&sequencing&of&two&rapeseed&isolate&(ZZ&and&CK)&upon&Sclerotinia&sclerotiorum&infection
PRJNA601293,SRR10896605,Seeds,CK,Sclerotinia&sclerotiorum&infection&(ZZ&and&CK),Transcriptome&sequencing&of&two&rapeseed&isolate&(ZZ&and&CK)&upon&Sclerotinia&sclerotiorum&infection
PRJNA564005,SRR10070441,Roots,R_12&hpi,Plasmodiophora&brassicae&infection&(Two&line&at&12%&24%&60%&and&96&h),The&comparative&transcriptome&analysis&on&two&rapeseed&accessions&of&R$&(resistant)&and&S$&(susceptible)&line.&The&12%&24%&60%&and&96&h&post$inoculation&of&P.&brassicae&as&the&sampling&time&points&were&selected
PRJNA564005,SRR10070440,Roots,R_12&hpi,Plasmodiophora&brassicae&infection&(Two&line&at&12%&24%&60%&and&96&h),The&comparative&transcriptome&analysis&on&two&rapeseed&accessions&of&R$&(resistant)&and&S$&(susceptible)&line.&The&12%&24%&60%&and&96&h&post$inoculation&of&P.&brassicae&as&the&sampling&time&points&were&selected
PRJNA564005,SRR10070429,Roots,R_12&hpi,Plasmodiophora&brassicae&infection&(Two&line&at&12%&24%&60%&and&96&h),The&comparative&transcriptome&analysis&on&two&rapeseed&accessions&of&R$&(resistant)&and&S$&(susceptible)&line.&The&12%&24%&60%&and&96&h&post$inoculation&of&P.&brassicae&as&the&sampling&time&points&were&selected
PRJNA564005,SRR10070418,Roots,R_12&hpi_C,Plasmodiophora&brassicae&infection&(Two&line&at&12%&24%&60%&and&96&h),The&comparative&transcriptome&analysis&on&two&rapeseed&accessions&of&R$&(resistant)&and&S$&(susceptible)&line.&The&12%&24%&60%&and&96&h&post$inoculation&of&P.&brassicae&as&the&sampling&time&points&were&selected
PRJNA564005,SRR10070415,Roots,R_24&hpi,Plasmodiophora&brassicae&infection&(Two&line&at&12%&24%&60%&and&96&h),The&comparative&transcriptome&analysis&on&two&rapeseed&accessions&of&R$&(resistant)&and&S$&(susceptible)&line.&The&12%&24%&60%&and&96&h&post$inoculation&of&P.&brassicae&as&the&sampling&time&points&were&selected
PRJNA564005,SRR10070414,Roots,R_24&hpi,Plasmodiophora&brassicae&infection&(Two&line&at&12%&24%&60%&and&96&h),The&comparative&transcriptome&analysis&on&two&rapeseed&accessions&of&R$&(resistant)&and&S$&(susceptible)&line.&The&12%&24%&60%&and&96&h&post$inoculation&of&P.&brassicae&as&the&sampling&time&points&were&selected
PRJNA564005,SRR10070413,Roots,R_24&hpi,Plasmodiophora&brassicae&infection&(Two&line&at&12%&24%&60%&and&96&h),The&comparative&transcriptome&analysis&on&two&rapeseed&accessions&of&R$&(resistant)&and&S$&(susceptible)&line.&The&12%&24%&60%&and&96&h&post$inoculation&of&P.&brassicae&as&the&sampling&time&points&were&selected
PRJNA564005,SRR10070412,Roots,R_24&hpi_C,Plasmodiophora&brassicae&infection&(Two&line&at&12%&24%&60%&and&96&h),The&comparative&transcriptome&analysis&on&two&rapeseed&accessions&of&R$&(resistant)&and&S$&(susceptible)&line.&The&12%&24%&60%&and&96&h&post$inoculation&of&P.&brassicae&as&the&sampling&time&points&were&selected
PRJNA564005,SRR10070411,Roots,R_60&hpi,Plasmodiophora&brassicae&infection&(Two&line&at&12%&24%&60%&and&96&h),The&comparative&transcriptome&analysis&on&two&rapeseed&accessions&of&R$&(resistant)&and&S$&(susceptible)&line.&The&12%&24%&60%&and&96&h&post$inoculation&of&P.&brassicae&as&the&sampling&time&points&were&selected
PRJNA564005,SRR10070410,Roots,R_60&hpi,Plasmodiophora&brassicae&infection&(Two&line&at&12%&24%&60%&and&96&h),The&comparative&transcriptome&analysis&on&two&rapeseed&accessions&of&R$&(resistant)&and&S$&(susceptible)&line.&The&12%&24%&60%&and&96&h&post$inoculation&of&P.&brassicae&as&the&sampling&time&points&were&selected
PRJNA564005,SRR10070439,Roots,R_60&hpi,Plasmodiophora&brassicae&infection&(Two&line&at&12%&24%&60%&and&96&h),The&comparative&transcriptome&analysis&on&two&rapeseed&accessions&of&R$&(resistant)&and&S$&(susceptible)&line.&The&12%&24%&60%&and&96&h&post$inoculation&of&P.&brassicae&as&the&sampling&time&points&were&selected
PRJNA564005,SRR10070438,Roots,R_60&hpi_C,Plasmodiophora&brassicae&infection&(Two&line&at&12%&24%&60%&and&96&h),The&comparative&transcriptome&analysis&on&two&rapeseed&accessions&of&R$&(resistant)&and&S$&(susceptible)&line.&The&12%&24%&60%&and&96&h&post$inoculation&of&P.&brassicae&as&the&sampling&time&points&were&selected
PRJNA564005,SRR10070437,Roots,R_96&hpi,Plasmodiophora&brassicae&infection&(Two&line&at&12%&24%&60%&and&96&h),The&comparative&transcriptome&analysis&on&two&rapeseed&accessions&of&R$&(resistant)&and&S$&(susceptible)&line.&The&12%&24%&60%&and&96&h&post$inoculation&of&P.&brassicae&as&the&sampling&time&points&were&selected
PRJNA564005,SRR10070436,Roots,R_96&hpi,Plasmodiophora&brassicae&infection&(Two&line&at&12%&24%&60%&and&96&h),The&comparative&transcriptome&analysis&on&two&rapeseed&accessions&of&R$&(resistant)&and&S$&(susceptible)&line.&The&12%&24%&60%&and&96&h&post$inoculation&of&P.&brassicae&as&the&sampling&time&points&were&selected
PRJNA564005,SRR10070435,Roots,R_96&hpi,Plasmodiophora&brassicae&infection&(Two&line&at&12%&24%&60%&and&96&h),The&comparative&transcriptome&analysis&on&two&rapeseed&accessions&of&R$&(resistant)&and&S$&(susceptible)&line.&The&12%&24%&60%&and&96&h&post$inoculation&of&P.&brassicae&as&the&sampling&time&points&were&selected
PRJNA564005,SRR10070434,Roots,R_96&hpi_C,Plasmodiophora&brassicae&infection&(Two&line&at&12%&24%&60%&and&96&h),The&comparative&transcriptome&analysis&on&two&rapeseed&accessions&of&R$&(resistant)&and&S$&(susceptible)&line.&The&12%&24%&60%&and&96&h&post$inoculation&of&P.&brassicae&as&the&sampling&time&points&were&selected
PRJNA564005,SRR10070433,Roots,S_12&hpi,Plasmodiophora&brassicae&infection&(Two&line&at&12%&24%&60%&and&96&h),The&comparative&transcriptome&analysis&on&two&rapeseed&accessions&of&R$&(resistant)&and&S$&(susceptible)&line.&The&12%&24%&60%&and&96&h&post$inoculation&of&P.&brassicae&as&the&sampling&time&points&were&selected
PRJNA564005,SRR10070432,Roots,S_12&hpi,Plasmodiophora&brassicae&infection&(Two&line&at&12%&24%&60%&and&96&h),The&comparative&transcriptome&analysis&on&two&rapeseed&accessions&of&R$&(resistant)&and&S$&(susceptible)&line.&The&12%&24%&60%&and&96&h&post$inoculation&of&P.&brassicae&as&the&sampling&time&points&were&selected
PRJNA564005,SRR10070431,Roots,S_12&hpi,Plasmodiophora&brassicae&infection&(Two&line&at&12%&24%&60%&and&96&h),The&comparative&transcriptome&analysis&on&two&rapeseed&accessions&of&R$&(resistant)&and&S$&(susceptible)&line.&The&12%&24%&60%&and&96&h&post$inoculation&of&P.&brassicae&as&the&sampling&time&points&were&selected
PRJNA564005,SRR10070430,Roots,S_12&hpi_C,Plasmodiophora&brassicae&infection&(Two&line&at&12%&24%&60%&and&96&h),The&comparative&transcriptome&analysis&on&two&rapeseed&accessions&of&R$&(resistant)&and&S$&(susceptible)&line.&The&12%&24%&60%&and&96&h&post$inoculation&of&P.&brassicae&as&the&sampling&time&points&were&selected
PRJNA564005,SRR10070428,Roots,S_24&hpi,Plasmodiophora&brassicae&infection&(Two&line&at&12%&24%&60%&and&96&h),The&comparative&transcriptome&analysis&on&two&rapeseed&accessions&of&R$&(resistant)&and&S$&(susceptible)&line.&The&12%&24%&60%&and&96&h&post$inoculation&of&P.&brassicae&as&the&sampling&time&points&were&selected
PRJNA564005,SRR10070427,Roots,S_24&hpi,Plasmodiophora&brassicae&infection&(Two&line&at&12%&24%&60%&and&96&h),The&comparative&transcriptome&analysis&on&two&rapeseed&accessions&of&R$&(resistant)&and&S$&(susceptible)&line.&The&12%&24%&60%&and&96&h&post$inoculation&of&P.&brassicae&as&the&sampling&time&points&were&selected
PRJNA564005,SRR10070426,Roots,S_24&hpi,Plasmodiophora&brassicae&infection&(Two&line&at&12%&24%&60%&and&96&h),The&comparative&transcriptome&analysis&on&two&rapeseed&accessions&of&R$&(resistant)&and&S$&(susceptible)&line.&The&12%&24%&60%&and&96&h&post$inoculation&of&P.&brassicae&as&the&sampling&time&points&were&selected
PRJNA564005,SRR10070425,Roots,S_24&hpi_C,Plasmodiophora&brassicae&infection&(Two&line&at&12%&24%&60%&and&96&h),The&comparative&transcriptome&analysis&on&two&rapeseed&accessions&of&R$&(resistant)&and&S$&(susceptible)&line.&The&12%&24%&60%&and&96&h&post$inoculation&of&P.&brassicae&as&the&sampling&time&points&were&selected
PRJNA564005,SRR10070424,Roots,S_60&hpi,Plasmodiophora&brassicae&infection&(Two&line&at&12%&24%&60%&and&96&h),The&comparative&transcriptome&analysis&on&two&rapeseed&accessions&of&R$&(resistant)&and&S$&(susceptible)&line.&The&12%&24%&60%&and&96&h&post$inoculation&of&P.&brassicae&as&the&sampling&time&points&were&selected
PRJNA564005,SRR10070423,Roots,S_60&hpi,Plasmodiophora&brassicae&infection&(Two&line&at&12%&24%&60%&and&96&h),The&comparative&transcriptome&analysis&on&two&rapeseed&accessions&of&R$&(resistant)&and&S$&(susceptible)&line.&The&12%&24%&60%&and&96&h&post$inoculation&of&P.&brassicae&as&the&sampling&time&points&were&selected
PRJNA564005,SRR10070422,Roots,S_60&hpi,Plasmodiophora&brassicae&infection&(Two&line&at&12%&24%&60%&and&96&h),The&comparative&transcriptome&analysis&on&two&rapeseed&accessions&of&R$&(resistant)&and&S$&(susceptible)&line.&The&12%&24%&60%&and&96&h&post$inoculation&of&P.&brassicae&as&the&sampling&time&points&were&selected
PRJNA564005,SRR10070421,Roots,S_60&hpi_C,Plasmodiophora&brassicae&infection&(Two&line&at&12%&24%&60%&and&96&h),The&comparative&transcriptome&analysis&on&two&rapeseed&accessions&of&R$&(resistant)&and&S$&(susceptible)&line.&The&12%&24%&60%&and&96&h&post$inoculation&of&P.&brassicae&as&the&sampling&time&points&were&selected
PRJNA564005,SRR10070420,Roots,S_96&hpi,Plasmodiophora&brassicae&infection&(Two&line&at&12%&24%&60%&and&96&h),The&comparative&transcriptome&analysis&on&two&rapeseed&accessions&of&R$&(resistant)&and&S$&(susceptible)&line.&The&12%&24%&60%&and&96&h&post$inoculation&of&P.&brassicae&as&the&sampling&time&points&were&selected
PRJNA564005,SRR10070419,Roots,S_96&hpi,Plasmodiophora&brassicae&infection&(Two&line&at&12%&24%&60%&and&96&h),The&comparative&transcriptome&analysis&on&two&rapeseed&accessions&of&R$&(resistant)&and&S$&(susceptible)&line.&The&12%&24%&60%&and&96&h&post$inoculation&of&P.&brassicae&as&the&sampling&time&points&were&selected
PRJNA564005,SRR10070417,Roots,S_96&hpi,Plasmodiophora&brassicae&infection&(Two&line&at&12%&24%&60%&and&96&h),The&comparative&transcriptome&analysis&on&two&rapeseed&accessions&of&R$&(resistant)&and&S$&(susceptible)&line.&The&12%&24%&60%&and&96&h&post$inoculation&of&P.&brassicae&as&the&sampling&time&points&were&selected
PRJNA564005,SRR10070416,Roots,S_96&hpi_C,Plasmodiophora&brassicae&infection&(Two&line&at&12%&24%&60%&and&96&h),The&comparative&transcriptome&analysis&on&two&rapeseed&accessions&of&R$&(resistant)&and&S$&(susceptible)&line.&The&12%&24%&60%&and&96&h&post$inoculation&of&P.&brassicae&as&the&sampling&time&points&were&selected