BioProject ID,Run ID,Organ,Treatment,Experiment,Description
PRJNA738191,SRR14825793,shoot,5℃ - EMS26,freezing (5℃) - Cultivar,Transcriptome analysis of J8634-B-30 and EMS26 lines before and after freezing treatment
PRJNA738191,SRR14825794,shoot,5℃ - EMS26,freezing (5℃) - Cultivar,Transcriptome analysis of J8634-B-30 and EMS26 lines before and after freezing treatment
PRJNA738191,SRR14825795,shoot,Normal - EMS26,freezing (5℃) - Cultivar,Transcriptome analysis of J8634-B-30 and EMS26 lines before and after freezing treatment
PRJNA738191,SRR14825796,shoot,Normal - EMS26,freezing (5℃) - Cultivar,Transcriptome analysis of J8634-B-30 and EMS26 lines before and after freezing treatment
PRJNA738179,SRR14825473,shoot,5℃ - J8634-B-30,freezing (5℃) - Cultivar,Transcriptome analysis of J8634-B-30 and EMS26 lines before and after freezing treatment
PRJNA738179,SRR14825474,shoot,5℃ - J8634-B-30,freezing (5℃) - Cultivar,Transcriptome analysis of J8634-B-30 and EMS26 lines before and after freezing treatment
PRJNA738179,SRR14825475,shoot,Normal - J8634-B-30,freezing (5℃) - Cultivar,Transcriptome analysis of J8634-B-30 and EMS26 lines before and after freezing treatment
PRJNA738179,SRR14825476,shoot,Normal - J8634-B-30,freezing (5℃) - Cultivar,Transcriptome analysis of J8634-B-30 and EMS26 lines before and after freezing treatment
PRJNA721751,SRR14263226,leaf,J9712_Drought,Drought - Cultivar,Comparison of transgenic rapeseed (MYB 65 and J9712) before (N) and after (D) drought stress
PRJNA721751,SRR14263225,leaf,J9712_Normal,Drought - Cultivar,Comparison of transgenic rapeseed (MYB 65 and J9712) before (N) and after (D) drought stress
PRJNA721751,SRR14263224,leaf,MYB65_Drought,Drought - Cultivar,Comparison of transgenic rapeseed (MYB 65 and J9712) before (N) and after (D) drought stress
PRJNA721751,SRR14263223,leaf,MYB65_Normal,Drought - Cultivar,Comparison of transgenic rapeseed (MYB 65 and J9712) before (N) and after (D) drought stress
PRJNA721751,SRR14263222,leaf,J9712_Drought,Drought - Cultivar,Comparison of transgenic rapeseed (MYB 65 and J9712) before (N) and after (D) drought stress
PRJNA721751,SRR14263221,leaf,J9712_Normal,Drought - Cultivar,Comparison of transgenic rapeseed (MYB 65 and J9712) before (N) and after (D) drought stress
PRJNA721751,SRR14263220,leaf,J9712_Drought,Drought - Cultivar,Comparison of transgenic rapeseed (MYB 65 and J9712) before (N) and after (D) drought stress
PRJNA721751,SRR14263219,leaf,J9712_Normal,Drought - Cultivar,Comparison of transgenic rapeseed (MYB 65 and J9712) before (N) and after (D) drought stress
PRJNA721751,SRR14263218,leaf,MYB65_Drought,Drought - Cultivar,Comparison of transgenic rapeseed (MYB 65 and J9712) before (N) and after (D) drought stress
PRJNA721751,SRR14263217,leaf,MYB65_Normal,Drought - Cultivar,Comparison of transgenic rapeseed (MYB 65 and J9712) before (N) and after (D) drought stress
PRJNA721751,SRR14263216,leaf,MYB65_Drought,Drought - Cultivar,Comparison of transgenic rapeseed (MYB 65 and J9712) before (N) and after (D) drought stress
PRJNA721751,SRR14263215,leaf,MYB65_Normal,Drought - Cultivar,Comparison of transgenic rapeseed (MYB 65 and J9712) before (N) and after (D) drought stress
PRJNA718104,SRR14089763,Root,CH159_Root,Salt - Cultivar - Organ,Transcriptome sequencing of rapeseed plants (salinity-resistant genotype (H159) and a salinitysensitive genotype (L339)) to salt stress (T: treatment and C: control), which is used to identify the differentially expressed genes responsive to 200 mM NaCl.
PRJNA718104,SRR14089762,Root,CH159_Root,Salt - Cultivar - Organ,Transcriptome sequencing of rapeseed plants (salinity-resistant genotype (H159) and a salinitysensitive genotype (L339)) to salt stress (T: treatment and C: control), which is used to identify the differentially expressed genes responsive to 200 mM NaCl.
PRJNA718104,SRR14089751,Root,CH159_Root,Salt - Cultivar - Organ,Transcriptome sequencing of rapeseed plants (salinity-resistant genotype (H159) and a salinitysensitive genotype (L339)) to salt stress (T: treatment and C: control), which is used to identify the differentially expressed genes responsive to 200 mM NaCl.
PRJNA718104,SRR14089740,Shoot,CH159_Shoot,Salt - Cultivar - Organ,Transcriptome sequencing of rapeseed plants (salinity-resistant genotype (H159) and a salinitysensitive genotype (L339)) to salt stress (T: treatment and C: control), which is used to identify the differentially expressed genes responsive to 200 mM NaCl.
PRJNA718104,SRR14089729,Shoot,CH159_Shoot,Salt - Cultivar - Organ,Transcriptome sequencing of rapeseed plants (salinity-resistant genotype (H159) and a salinitysensitive genotype (L339)) to salt stress (T: treatment and C: control), which is used to identify the differentially expressed genes responsive to 200 mM NaCl.
PRJNA718104,SRR14089726,Shoot,CH159_Shoot,Salt - Cultivar - Organ,Transcriptome sequencing of rapeseed plants (salinity-resistant genotype (H159) and a salinitysensitive genotype (L339)) to salt stress (T: treatment and C: control), which is used to identify the differentially expressed genes responsive to 200 mM NaCl.
PRJNA718104,SRR14089725,Root,CL339_Root,Salt - Cultivar - Organ,Transcriptome sequencing of rapeseed plants (salinity-resistant genotype (H159) and a salinitysensitive genotype (L339)) to salt stress (T: treatment and C: control), which is used to identify the differentially expressed genes responsive to 200 mM NaCl.
PRJNA718104,SRR14089724,Root,CL339_Root,Salt - Cultivar - Organ,Transcriptome sequencing of rapeseed plants (salinity-resistant genotype (H159) and a salinitysensitive genotype (L339)) to salt stress (T: treatment and C: control), which is used to identify the differentially expressed genes responsive to 200 mM NaCl.
PRJNA718104,SRR14089723,Root,CL339_Root,Salt - Cultivar - Organ,Transcriptome sequencing of rapeseed plants (salinity-resistant genotype (H159) and a salinitysensitive genotype (L339)) to salt stress (T: treatment and C: control), which is used to identify the differentially expressed genes responsive to 200 mM NaCl.
PRJNA718104,SRR14089722,Shoot,CL339_Sh,Salt - Cultivar - Organ,Transcriptome sequencing of rapeseed plants (salinity-resistant genotype (H159) and a salinitysensitive genotype (L339)) to salt stress (T: treatment and C: control), which is used to identify the differentially expressed genes responsive to 200 mM NaCl.
PRJNA718104,SRR14089761,Shoot,CL339_Sh,Salt - Cultivar - Organ,Transcriptome sequencing of rapeseed plants (salinity-resistant genotype (H159) and a salinitysensitive genotype (L339)) to salt stress (T: treatment and C: control), which is used to identify the differentially expressed genes responsive to 200 mM NaCl.
PRJNA718104,SRR14089760,Shoot,CL339_Sh,Salt - Cultivar - Organ,Transcriptome sequencing of rapeseed plants (salinity-resistant genotype (H159) and a salinitysensitive genotype (L339)) to salt stress (T: treatment and C: control), which is used to identify the differentially expressed genes responsive to 200 mM NaCl.
PRJNA718104,SRR14089759,Root,H159_Cd_Root,Salt - Cultivar - Organ,Transcriptome sequencing of rapeseed plants (salinity-resistant genotype (H159) and a salinitysensitive genotype (L339)) to salt stress (T: treatment and C: control), which is used to identify the differentially expressed genes responsive to 200 mM NaCl.
PRJNA718104,SRR14089758,Root,H159_Cd_Root,Salt - Cultivar - Organ,Transcriptome sequencing of rapeseed plants (salinity-resistant genotype (H159) and a salinitysensitive genotype (L339)) to salt stress (T: treatment and C: control), which is used to identify the differentially expressed genes responsive to 200 mM NaCl.
PRJNA718104,SRR14089757,Root,H159_Cd_Root,Salt - Cultivar - Organ,Transcriptome sequencing of rapeseed plants (salinity-resistant genotype (H159) and a salinitysensitive genotype (L339)) to salt stress (T: treatment and C: control), which is used to identify the differentially expressed genes responsive to 200 mM NaCl.
PRJNA718104,SRR14089756,Shoot,H159_Cd_Shoot,Salt - Cultivar - Organ,Transcriptome sequencing of rapeseed plants (salinity-resistant genotype (H159) and a salinitysensitive genotype (L339)) to salt stress (T: treatment and C: control), which is used to identify the differentially expressed genes responsive to 200 mM NaCl.
PRJNA718104,SRR14089755,Shoot,H159_Cd_Shoot,Salt - Cultivar - Organ,Transcriptome sequencing of rapeseed plants (salinity-resistant genotype (H159) and a salinitysensitive genotype (L339)) to salt stress (T: treatment and C: control), which is used to identify the differentially expressed genes responsive to 200 mM NaCl.
PRJNA718104,SRR14089754,Shoot,H159_Cd_Shoot,Salt - Cultivar - Organ,Transcriptome sequencing of rapeseed plants (salinity-resistant genotype (H159) and a salinitysensitive genotype (L339)) to salt stress (T: treatment and C: control), which is used to identify the differentially expressed genes responsive to 200 mM NaCl.
PRJNA718104,SRR14089753,Root,L339_Cd_Root,Salt - Cultivar - Organ,Transcriptome sequencing of rapeseed plants (salinity-resistant genotype (H159) and a salinitysensitive genotype (L339)) to salt stress (T: treatment and C: control), which is used to identify the differentially expressed genes responsive to 200 mM NaCl.
PRJNA718104,SRR14089752,Root,L339_Cd_Root,Salt - Cultivar - Organ,Transcriptome sequencing of rapeseed plants (salinity-resistant genotype (H159) and a salinitysensitive genotype (L339)) to salt stress (T: treatment and C: control), which is used to identify the differentially expressed genes responsive to 200 mM NaCl.
PRJNA718104,SRR14089750,Root,L339_Cd_Root,Salt - Cultivar - Organ,Transcriptome sequencing of rapeseed plants (salinity-resistant genotype (H159) and a salinitysensitive genotype (L339)) to salt stress (T: treatment and C: control), which is used to identify the differentially expressed genes responsive to 200 mM NaCl.
PRJNA718104,SRR14089749,Shoot,L339_Cd_Shoot,Salt - Cultivar - Organ,Transcriptome sequencing of rapeseed plants (salinity-resistant genotype (H159) and a salinitysensitive genotype (L339)) to salt stress (T: treatment and C: control), which is used to identify the differentially expressed genes responsive to 200 mM NaCl.
PRJNA718104,SRR14089748,Shoot,L339_Cd_Shoot,Salt - Cultivar - Organ,Transcriptome sequencing of rapeseed plants (salinity-resistant genotype (H159) and a salinitysensitive genotype (L339)) to salt stress (T: treatment and C: control), which is used to identify the differentially expressed genes responsive to 200 mM NaCl.
PRJNA718104,SRR14089747,Shoot,L339_Cd_Shoot,Salt - Cultivar - Organ,Transcriptome sequencing of rapeseed plants (salinity-resistant genotype (H159) and a salinitysensitive genotype (L339)) to salt stress (T: treatment and C: control), which is used to identify the differentially expressed genes responsive to 200 mM NaCl.
PRJNA718104,SRR14089746,Root,Mock_Root,Salt - Cultivar - Organ,Transcriptome sequencing of rapeseed plants (salinity-resistant genotype (H159) and a salinitysensitive genotype (L339)) to salt stress (T: treatment and C: control), which is used to identify the differentially expressed genes responsive to 200 mM NaCl.
PRJNA718104,SRR14089745,Root,Mock_Root,Salt - Cultivar - Organ,Transcriptome sequencing of rapeseed plants (salinity-resistant genotype (H159) and a salinitysensitive genotype (L339)) to salt stress (T: treatment and C: control), which is used to identify the differentially expressed genes responsive to 200 mM NaCl.
PRJNA718104,SRR14089744,Root,Mock_Root,Salt - Cultivar - Organ,Transcriptome sequencing of rapeseed plants (salinity-resistant genotype (H159) and a salinitysensitive genotype (L339)) to salt stress (T: treatment and C: control), which is used to identify the differentially expressed genes responsive to 200 mM NaCl.
PRJNA718104,SRR14089743,Shoot,Mock_Shoot,Salt - Cultivar - Organ,Transcriptome sequencing of rapeseed plants (salinity-resistant genotype (H159) and a salinitysensitive genotype (L339)) to salt stress (T: treatment and C: control), which is used to identify the differentially expressed genes responsive to 200 mM NaCl.
PRJNA718104,SRR14089742,Shoot,Mock_Shoot,Salt - Cultivar - Organ,Transcriptome sequencing of rapeseed plants (salinity-resistant genotype (H159) and a salinitysensitive genotype (L339)) to salt stress (T: treatment and C: control), which is used to identify the differentially expressed genes responsive to 200 mM NaCl.
PRJNA718104,SRR14089741,Shoot,Mock_Shoot,Salt - Cultivar - Organ,Transcriptome sequencing of rapeseed plants (salinity-resistant genotype (H159) and a salinitysensitive genotype (L339)) to salt stress (T: treatment and C: control), which is used to identify the differentially expressed genes responsive to 200 mM NaCl.
PRJNA718104,SRR14089739,Root,TH159_Root,Salt - Cultivar - Organ,Transcriptome sequencing of rapeseed plants (salinity-resistant genotype (H159) and a salinitysensitive genotype (L339)) to salt stress (T: treatment and C: control), which is used to identify the differentially expressed genes responsive to 200 mM NaCl.
PRJNA718104,SRR14089738,Root,TH159_Root,Salt - Cultivar - Organ,Transcriptome sequencing of rapeseed plants (salinity-resistant genotype (H159) and a salinitysensitive genotype (L339)) to salt stress (T: treatment and C: control), which is used to identify the differentially expressed genes responsive to 200 mM NaCl.
PRJNA718104,SRR14089737,Root,TH159_Root,Salt - Cultivar - Organ,Transcriptome sequencing of rapeseed plants (salinity-resistant genotype (H159) and a salinitysensitive genotype (L339)) to salt stress (T: treatment and C: control), which is used to identify the differentially expressed genes responsive to 200 mM NaCl.
PRJNA718104,SRR14089736,Shoot,TH159_Shoot,Salt - Cultivar - Organ,Transcriptome sequencing of rapeseed plants (salinity-resistant genotype (H159) and a salinitysensitive genotype (L339)) to salt stress (T: treatment and C: control), which is used to identify the differentially expressed genes responsive to 200 mM NaCl.
PRJNA718104,SRR14089735,Shoot,TH159_Shoot,Salt - Cultivar - Organ,Transcriptome sequencing of rapeseed plants (salinity-resistant genotype (H159) and a salinitysensitive genotype (L339)) to salt stress (T: treatment and C: control), which is used to identify the differentially expressed genes responsive to 200 mM NaCl.
PRJNA718104,SRR14089734,Shoot,TH159_Shoot,Salt - Cultivar - Organ,Transcriptome sequencing of rapeseed plants (salinity-resistant genotype (H159) and a salinitysensitive genotype (L339)) to salt stress (T: treatment and C: control), which is used to identify the differentially expressed genes responsive to 200 mM NaCl.
PRJNA718104,SRR14089733,Root,TL339_Root,Salt - Cultivar - Organ,Transcriptome sequencing of rapeseed plants (salinity-resistant genotype (H159) and a salinitysensitive genotype (L339)) to salt stress (T: treatment and C: control), which is used to identify the differentially expressed genes responsive to 200 mM NaCl.
PRJNA718104,SRR14089732,Root,TL339_Root,Salt - Cultivar - Organ,Transcriptome sequencing of rapeseed plants (salinity-resistant genotype (H159) and a salinitysensitive genotype (L339)) to salt stress (T: treatment and C: control), which is used to identify the differentially expressed genes responsive to 200 mM NaCl.
PRJNA718104,SRR14089731,Root,TL339_Root,Salt - Cultivar - Organ,Transcriptome sequencing of rapeseed plants (salinity-resistant genotype (H159) and a salinitysensitive genotype (L339)) to salt stress (T: treatment and C: control), which is used to identify the differentially expressed genes responsive to 200 mM NaCl.
PRJNA718104,SRR14089730,Shoot,TL339_Shoot,Salt - Cultivar - Organ,Transcriptome sequencing of rapeseed plants (salinity-resistant genotype (H159) and a salinitysensitive genotype (L339)) to salt stress (T: treatment and C: control), which is used to identify the differentially expressed genes responsive to 200 mM NaCl.
PRJNA718104,SRR14089728,Shoot,TL339_Shoot,Salt - Cultivar - Organ,Transcriptome sequencing of rapeseed plants (salinity-resistant genotype (H159) and a salinitysensitive genotype (L339)) to salt stress (T: treatment and C: control), which is used to identify the differentially expressed genes responsive to 200 mM NaCl.
PRJNA718104,SRR14089727,Shoot,TL339_Shoot,Salt - Cultivar - Organ,Transcriptome sequencing of rapeseed plants (salinity-resistant genotype (H159) and a salinitysensitive genotype (L339)) to salt stress (T: treatment and C: control), which is used to identify the differentially expressed genes responsive to 200 mM NaCl.
PRJNA672970,SRR12926420,Seeds,Control_30d,Drought - Days after floweering,Transcriptome analyses to reveal changes in seed oil content under drought stress in Brassica napus L. (rape). Samples were taken 30, 40 and 50 days (30d, 40d, and 50d) after flowering under drought stress 
PRJNA672970,SRR12926421,Seeds,Control_40d,Drought - Days after floweering,Transcriptome analyses to reveal changes in seed oil content under drought stress in Brassica napus L. (rape). Samples were taken 30, 40 and 50 days (30d, 40d, and 50d) after flowering under drought stress 
PRJNA672970,SRR12926422,Seeds,Control_50d,Drought - Days after floweering,Transcriptome analyses to reveal changes in seed oil content under drought stress in Brassica napus L. (rape). Samples were taken 30, 40 and 50 days (30d, 40d, and 50d) after flowering under drought stress 
PRJNA672970,SRR12926423,Seeds,Drought_30d,Drought - Days after floweering,Transcriptome analyses to reveal changes in seed oil content under drought stress in Brassica napus L. (rape). Samples were taken 30, 40 and 50 days (30d, 40d, and 50d) after flowering under drought stress 
PRJNA672970,SRR12926424,Seeds,Drought_40d,Drought - Days after floweering,Transcriptome analyses to reveal changes in seed oil content under drought stress in Brassica napus L. (rape). Samples were taken 30, 40 and 50 days (30d, 40d, and 50d) after flowering under drought stress 
PRJNA672970,SRR12926425,Seeds,Drought_50d,Drought - Days after floweering,Transcriptome analyses to reveal changes in seed oil content under drought stress in Brassica napus L. (rape). Samples were taken 30, 40 and 50 days (30d, 40d, and 50d) after flowering under drought stress 
PRJNA725025,SRR14321748,Leaf,AZ6_Wild_non-treat,Drought - Cultivar - Days,Evaluation of a Dicotyledon-Specific Gene (SGI: Stress and Growth Interconnector) role in Bypassing the Tradeoff between Growth and Drought Resilience
PRJNA725025,SRR14321747,Leaf,AZ6_Wild_non-treat,Drought - Cultivar - Days,Evaluation of a Dicotyledon-Specific Gene (SGI: Stress and Growth Interconnector) role in Bypassing the Tradeoff between Growth and Drought Resilience
PRJNA725025,SRR14321746,Leaf,EZ6_Wild_Drought_14D,Drought - Cultivar - Days,Evaluation of a Dicotyledon-Specific Gene (SGI: Stress and Growth Interconnector) role in Bypassing the Tradeoff between Growth and Drought Resilience
PRJNA725025,SRR14321745,Leaf,EZ6_Wild_Drought_14D,Drought - Cultivar - Days,Evaluation of a Dicotyledon-Specific Gene (SGI: Stress and Growth Interconnector) role in Bypassing the Tradeoff between Growth and Drought Resilience
PRJNA725025,SRR14321744,Leaf,FZ6_Wild_Re-water_2D,Drought - Cultivar - Days,Evaluation of a Dicotyledon-Specific Gene (SGI: Stress and Growth Interconnector) role in Bypassing the Tradeoff between Growth and Drought Resilience
PRJNA725025,SRR14321743,Leaf,FZ6_Wild_Re-water_2D,Drought - Cultivar - Days,Evaluation of a Dicotyledon-Specific Gene (SGI: Stress and Growth Interconnector) role in Bypassing the Tradeoff between Growth and Drought Resilience
PRJNA725025,SRR14321742,Leaf,FZ6_Wild_Re-water_2D,Drought - Cultivar - Days,Evaluation of a Dicotyledon-Specific Gene (SGI: Stress and Growth Interconnector) role in Bypassing the Tradeoff between Growth and Drought Resilience
PRJNA725025,SRR14321741,Leaf,ASG_Resistant-mutant_non-treat,Drought - Cultivar - Days,Evaluation of a Dicotyledon-Specific Gene (SGI: Stress and Growth Interconnector) role in Bypassing the Tradeoff between Growth and Drought Resilience
PRJNA725025,SRR14321740,Leaf,ASG_Resistant-mutant_non-treat,Drought - Cultivar - Days,Evaluation of a Dicotyledon-Specific Gene (SGI: Stress and Growth Interconnector) role in Bypassing the Tradeoff between Growth and Drought Resilience
PRJNA725025,SRR14321739,Leaf,ASG_Resistant-mutant_non-treat,Drought - Cultivar - Days,Evaluation of a Dicotyledon-Specific Gene (SGI: Stress and Growth Interconnector) role in Bypassing the Tradeoff between Growth and Drought Resilience
PRJNA725025,SRR14321738,Leaf,CSG_Resistant-mutant_Drought_10D,Drought - Cultivar - Days,Evaluation of a Dicotyledon-Specific Gene (SGI: Stress and Growth Interconnector) role in Bypassing the Tradeoff between Growth and Drought Resilience
PRJNA725025,SRR14321737,Leaf,CSG_Resistant-mutant_Drought_10D,Drought - Cultivar - Days,Evaluation of a Dicotyledon-Specific Gene (SGI: Stress and Growth Interconnector) role in Bypassing the Tradeoff between Growth and Drought Resilience
PRJNA725025,SRR14321736,Leaf,AZ6_Wild_non-treat,Drought - Cultivar - Days,Evaluation of a Dicotyledon-Specific Gene (SGI: Stress and Growth Interconnector) role in Bypassing the Tradeoff between Growth and Drought Resilience
PRJNA725025,SRR14321735,Leaf,CSG_Resistant-mutant_Drought_10D,Drought - Cultivar - Days,Evaluation of a Dicotyledon-Specific Gene (SGI: Stress and Growth Interconnector) role in Bypassing the Tradeoff between Growth and Drought Resilience
PRJNA725025,SRR14321734,Leaf,DSG_Resistant-mutant_Drought_12D,Drought - Cultivar - Days,Evaluation of a Dicotyledon-Specific Gene (SGI: Stress and Growth Interconnector) role in Bypassing the Tradeoff between Growth and Drought Resilience
PRJNA725025,SRR14321733,Leaf,DSG_Resistant-mutant_Drought_12D,Drought - Cultivar - Days,Evaluation of a Dicotyledon-Specific Gene (SGI: Stress and Growth Interconnector) role in Bypassing the Tradeoff between Growth and Drought Resilience
PRJNA725025,SRR14321732,Leaf,DSG_Resistant-mutant_Drought_12D,Drought - Cultivar - Days,Evaluation of a Dicotyledon-Specific Gene (SGI: Stress and Growth Interconnector) role in Bypassing the Tradeoff between Growth and Drought Resilience
PRJNA725025,SRR14321731,Leaf,ESG_Resistant-mutant_Drought_14D,Drought - Cultivar - Days,Evaluation of a Dicotyledon-Specific Gene (SGI: Stress and Growth Interconnector) role in Bypassing the Tradeoff between Growth and Drought Resilience
PRJNA725025,SRR14321730,Leaf,ESG_Resistant-mutant_Drought_14D,Drought - Cultivar - Days,Evaluation of a Dicotyledon-Specific Gene (SGI: Stress and Growth Interconnector) role in Bypassing the Tradeoff between Growth and Drought Resilience
PRJNA725025,SRR14321729,Leaf,ESG_Resistant-mutant_Drought_14D,Drought - Cultivar - Days,Evaluation of a Dicotyledon-Specific Gene (SGI: Stress and Growth Interconnector) role in Bypassing the Tradeoff between Growth and Drought Resilience
PRJNA725025,SRR14321728,Leaf,FSG_Resistant-mutant_Re-water_2D,Drought - Cultivar - Days,Evaluation of a Dicotyledon-Specific Gene (SGI: Stress and Growth Interconnector) role in Bypassing the Tradeoff between Growth and Drought Resilience
PRJNA725025,SRR14321727,Leaf,FSG_Resistant-mutant_Re-water_2D,Drought - Cultivar - Days,Evaluation of a Dicotyledon-Specific Gene (SGI: Stress and Growth Interconnector) role in Bypassing the Tradeoff between Growth and Drought Resilience
PRJNA725025,SRR14321726,Leaf,FSG_Resistant-mutant_Re-water_2D,Drought - Cultivar - Days,Evaluation of a Dicotyledon-Specific Gene (SGI: Stress and Growth Interconnector) role in Bypassing the Tradeoff between Growth and Drought Resilience
PRJNA725025,SRR14321725,Leaf,CZ6_Wild_Drought_10D,Drought - Cultivar - Days,Evaluation of a Dicotyledon-Specific Gene (SGI: Stress and Growth Interconnector) role in Bypassing the Tradeoff between Growth and Drought Resilience
PRJNA725025,SRR14321724,Leaf,AU9_OverEx_non-treat,Drought - Cultivar - Days,Evaluation of a Dicotyledon-Specific Gene (SGI: Stress and Growth Interconnector) role in Bypassing the Tradeoff between Growth and Drought Resilience
PRJNA725025,SRR14321723,Leaf,AU9_OverEx_non-treat,Drought - Cultivar - Days,Evaluation of a Dicotyledon-Specific Gene (SGI: Stress and Growth Interconnector) role in Bypassing the Tradeoff between Growth and Drought Resilience
PRJNA725025,SRR14321722,Leaf,AU9_OverEx_non-treat,Drought - Cultivar - Days,Evaluation of a Dicotyledon-Specific Gene (SGI: Stress and Growth Interconnector) role in Bypassing the Tradeoff between Growth and Drought Resilience
PRJNA725025,SRR14321721,Leaf,CU9_OverEx_Drought_10D,Drought - Cultivar - Days,Evaluation of a Dicotyledon-Specific Gene (SGI: Stress and Growth Interconnector) role in Bypassing the Tradeoff between Growth and Drought Resilience
PRJNA725025,SRR14321720,Leaf,CU9_OverEx_Drought_10D,Drought - Cultivar - Days,Evaluation of a Dicotyledon-Specific Gene (SGI: Stress and Growth Interconnector) role in Bypassing the Tradeoff between Growth and Drought Resilience
PRJNA725025,SRR14321719,Leaf,CU9_OverEx_Drought_10D,Drought - Cultivar - Days,Evaluation of a Dicotyledon-Specific Gene (SGI: Stress and Growth Interconnector) role in Bypassing the Tradeoff between Growth and Drought Resilience
PRJNA725025,SRR14321718,Leaf,EU9_OverEx_Drought_14D,Drought - Cultivar - Days,Evaluation of a Dicotyledon-Specific Gene (SGI: Stress and Growth Interconnector) role in Bypassing the Tradeoff between Growth and Drought Resilience
PRJNA725025,SRR14321717,Leaf,EU9_OverEx_Drought_14D,Drought - Cultivar - Days,Evaluation of a Dicotyledon-Specific Gene (SGI: Stress and Growth Interconnector) role in Bypassing the Tradeoff between Growth and Drought Resilience
PRJNA725025,SRR14321716,Leaf,EU9_OverEx_Drought_14D,Drought - Cultivar - Days,Evaluation of a Dicotyledon-Specific Gene (SGI: Stress and Growth Interconnector) role in Bypassing the Tradeoff between Growth and Drought Resilience
PRJNA725025,SRR14321715,Leaf,FU9_OverEx_Re-water_2D,Drought - Cultivar - Days,Evaluation of a Dicotyledon-Specific Gene (SGI: Stress and Growth Interconnector) role in Bypassing the Tradeoff between Growth and Drought Resilience
PRJNA725025,SRR14321714,Leaf,CZ6_Wild_Drought_10D,Drought - Cultivar - Days,Evaluation of a Dicotyledon-Specific Gene (SGI: Stress and Growth Interconnector) role in Bypassing the Tradeoff between Growth and Drought Resilience
PRJNA725025,SRR14321712,Leaf,FU9_OverEx_Re-water_2D,Drought - Cultivar - Days,Evaluation of a Dicotyledon-Specific Gene (SGI: Stress and Growth Interconnector) role in Bypassing the Tradeoff between Growth and Drought Resilience
PRJNA725025,SRR14321713,Leaf,FU9_OverEx_Re-water_2D,Drought - Cultivar - Days,Evaluation of a Dicotyledon-Specific Gene (SGI: Stress and Growth Interconnector) role in Bypassing the Tradeoff between Growth and Drought Resilience
PRJNA725025,SRR14321711,Leaf,CZ6_Wild_Drought_10D,Drought - Cultivar - Days,Evaluation of a Dicotyledon-Specific Gene (SGI: Stress and Growth Interconnector) role in Bypassing the Tradeoff between Growth and Drought Resilience
PRJNA725025,SRR14321710,Leaf,DZ6_Wild_Drought_12D,Drought - Cultivar - Days,Evaluation of a Dicotyledon-Specific Gene (SGI: Stress and Growth Interconnector) role in Bypassing the Tradeoff between Growth and Drought Resilience
PRJNA725025,SRR14321709,Leaf,DZ6_Wild_Drought_12D,Drought - Cultivar - Days,Evaluation of a Dicotyledon-Specific Gene (SGI: Stress and Growth Interconnector) role in Bypassing the Tradeoff between Growth and Drought Resilience
PRJNA725025,SRR14321708,Leaf,DZ6_Wild_Drought_12D,Drought - Cultivar - Days,Evaluation of a Dicotyledon-Specific Gene (SGI: Stress and Growth Interconnector) role in Bypassing the Tradeoff between Growth and Drought Resilience
PRJNA725025,SRR14321707,Leaf,EZ6_Wild_Drought_14D,Drought - Cultivar - Days,Evaluation of a Dicotyledon-Specific Gene (SGI: Stress and Growth Interconnector) role in Bypassing the Tradeoff between Growth and Drought Resilience
PRJNA721586,SRR14234025,Leaf,J9712_Drought,Drought - Cultivar,The RNA-seq of MIM159 transgenic rapeseed and J9712 cultivars under drought stress
PRJNA721586,SRR14234024,Leaf,J9712_Control,Drought - Cultivar,The RNA-seq of MIM159 transgenic rapeseed and J9712 cultivars under drought stress
PRJNA721586,SRR14234021,Leaf,J9712_Drought,Drought - Cultivar,The RNA-seq of MIM159 transgenic rapeseed and J9712 cultivars under drought stress
PRJNA721586,SRR14234020,Leaf,J9712_Control,Drought - Cultivar,The RNA-seq of MIM159 transgenic rapeseed and J9712 cultivars under drought stress
PRJNA721586,SRR14234019,Leaf,J9712_Drought,Drought - Cultivar,The RNA-seq of MIM159 transgenic rapeseed and J9712 cultivars under drought stress
PRJNA721586,SRR14234018,Leaf,J9712_Control,Drought - Cultivar,The RNA-seq of MIM159 transgenic rapeseed and J9712 cultivars under drought stress
PRJNA721586,SRR14234017,Leaf,MIM159_Drought,Drought - Cultivar,The RNA-seq of MIM159 transgenic rapeseed and J9712 cultivars under drought stress
PRJNA721586,SRR14234016,Leaf,MIM159_Control,Drought - Cultivar,The RNA-seq of MIM159 transgenic rapeseed and J9712 cultivars under drought stress
PRJNA721586,SRR14234015,Leaf,MIM159_Drought,Drought - Cultivar,The RNA-seq of MIM159 transgenic rapeseed and J9712 cultivars under drought stress
PRJNA721586,SRR14234014,Leaf,MIM159_Control,Drought - Cultivar,The RNA-seq of MIM159 transgenic rapeseed and J9712 cultivars under drought stress
PRJNA721586,SRR14234023,Leaf,MIM159_Drought,Drought - Cultivar,The RNA-seq of MIM159 transgenic rapeseed and J9712 cultivars under drought stress
PRJNA721586,SRR14234022,Leaf,MIM159_Control,Drought - Cultivar,The RNA-seq of MIM159 transgenic rapeseed and J9712 cultivars under drought stress
PRJNA687395,SRR13357341,Leaf,Cold 4℃,Drought - Salt - Heat - Cold- PEG,The transcriptome of different abiotic stress in Brassica napus L
PRJNA687395,SRR13357342,Leaf,Cold 4℃,Drought - Salt - Heat - Cold- PEG,The transcriptome of different abiotic stress in Brassica napus L
PRJNA687395,SRR13357343,Leaf,Normal 1 h,Drought - Salt - Heat - Cold- PEG,The transcriptome of different abiotic stress in Brassica napus L
PRJNA687395,SRR13357344,Leaf,Normal 1 h,Drought - Salt - Heat - Cold- PEG,The transcriptome of different abiotic stress in Brassica napus L
PRJNA687395,SRR13357345,Leaf,Cold 4℃,Drought - Salt - Heat - Cold- PEG,The transcriptome of different abiotic stress in Brassica napus L
PRJNA687395,SRR13357346,Leaf,Normal 24 h,Drought - Salt - Heat - Cold- PEG,The transcriptome of different abiotic stress in Brassica napus L
PRJNA687395,SRR13357347,Leaf,Normal 24 h,Drought - Salt - Heat - Cold- PEG,The transcriptome of different abiotic stress in Brassica napus L
PRJNA687395,SRR13357348,Leaf,Normal 24 h,Drought - Salt - Heat - Cold- PEG,The transcriptome of different abiotic stress in Brassica napus L
PRJNA687395,SRR13357349,Leaf,Normal 6 h,Drought - Salt - Heat - Cold- PEG,The transcriptome of different abiotic stress in Brassica napus L
PRJNA687395,SRR13357350,Leaf,Normal 6 h,Drought - Salt - Heat - Cold- PEG,The transcriptome of different abiotic stress in Brassica napus L
PRJNA687395,SRR13357351,Leaf,Normal 6 h,Drought - Salt - Heat - Cold- PEG,The transcriptome of different abiotic stress in Brassica napus L
PRJNA687395,SRR13357352,Leaf,Salt 150 mM,Drought - Salt - Heat - Cold- PEG,The transcriptome of different abiotic stress in Brassica napus L
PRJNA687395,SRR13357353,Leaf,Normal 1 h,Drought - Salt - Heat - Cold- PEG,The transcriptome of different abiotic stress in Brassica napus L
PRJNA687395,SRR13357354,Leaf,Salt 150 mM,Drought - Salt - Heat - Cold- PEG,The transcriptome of different abiotic stress in Brassica napus L
PRJNA687395,SRR13357355,Leaf,Salt 150 mM,Drought - Salt - Heat - Cold- PEG,The transcriptome of different abiotic stress in Brassica napus L
PRJNA687395,SRR13357356,Leaf,PEG 15%,Drought - Salt - Heat - Cold- PEG,The transcriptome of different abiotic stress in Brassica napus L
PRJNA687395,SRR13357357,Leaf,PEG 15%,Drought - Salt - Heat - Cold- PEG,The transcriptome of different abiotic stress in Brassica napus L
PRJNA687395,SRR13357358,Leaf,PEG 15%,Drought - Salt - Heat - Cold- PEG,The transcriptome of different abiotic stress in Brassica napus L
PRJNA687395,SRR13357359,Leaf,Heat 42℃,Drought - Salt - Heat - Cold- PEG,The transcriptome of different abiotic stress in Brassica napus L
PRJNA687395,SRR13357360,Leaf,Heat 42℃,Drought - Salt - Heat - Cold- PEG,The transcriptome of different abiotic stress in Brassica napus L
PRJNA687395,SRR13357361,Leaf,Heat 42℃,Drought - Salt - Heat - Cold- PEG,The transcriptome of different abiotic stress in Brassica napus L
PRJNA656507,SRR12429698,Leaf,non-treated,Drought - Heat,Transcriptome-wide analysis of differential response to drought and heat stress in Moricandia suffruticosa and Brassica napus
PRJNA656507,SRR12429699,Leaf,non-treated,Drought - Heat,Transcriptome-wide analysis of differential response to drought and heat stress in Moricandia suffruticosa and Brassica napus
PRJNA656507,SRR12429700,Leaf,non-treated,Drought - Heat,Transcriptome-wide analysis of differential response to drought and heat stress in Moricandia suffruticosa and Brassica napus
PRJNA656507,SRR12429701,Leaf,Drought,Drought - Heat,Transcriptome-wide analysis of differential response to drought and heat stress in Moricandia suffruticosa and Brassica napus
PRJNA656507,SRR12429702,Leaf,Drought,Drought - Heat,Transcriptome-wide analysis of differential response to drought and heat stress in Moricandia suffruticosa and Brassica napus
PRJNA656507,SRR12429703,Leaf,Drought,Drought - Heat,Transcriptome-wide analysis of differential response to drought and heat stress in Moricandia suffruticosa and Brassica napus
PRJNA656507,SRR12429704,Leaf,Heat,Drought - Heat,Transcriptome-wide analysis of differential response to drought and heat stress in Moricandia suffruticosa and Brassica napus
PRJNA656507,SRR12429705,Leaf,Heat,Drought - Heat,Transcriptome-wide analysis of differential response to drought and heat stress in Moricandia suffruticosa and Brassica napus
PRJNA656507,SRR12429706,Leaf,Heat,Drought - Heat,Transcriptome-wide analysis of differential response to drought and heat stress in Moricandia suffruticosa and Brassica napus
PRJNA637154,SRR12001260,Root,Hypoxia,Short term hypoxia,The transcriptome analysis of short term hypoxia stress in Brassica napus
PRJNA637154,SRR12026443,Root,Hypoxia,Short term hypoxia,The transcriptome analysis of short term hypoxia stress in Brassica napus
PRJNA637154,SRR12001261,Root,Control,Short term hypoxia,The transcriptome analysis of short term hypoxia stress in Brassica napus
PRJNA721476,SRR14228491,Leaf,ABA,ABA-Dehydration,The RNA-seq of rapeseed leaves after dehydration and ABA treatment
PRJNA721476,SRR14228492,Leaf,Control_ABA,ABA-Dehydration,The RNA-seq of rapeseed leaves after dehydration and ABA treatment
PRJNA721476,SRR14228490,Leaf,Control_Dehydration,ABA-Dehydration,The RNA-seq of rapeseed leaves after dehydration and ABA treatment
PRJNA721476,SRR14228489,Leaf,Dehydration,ABA-Dehydration,The RNA-seq of rapeseed leaves after dehydration and ABA treatment
PRJNA721127,SRR14354557,Root,AS-24h,Salt,Transcriptome sequencing of canola roots under salt stress
PRJNA721127,SRR14354556,Root,AS-24h,Salt,Transcriptome sequencing of canola roots under salt stress
PRJNA721127,SRR14354555,Root,AS-24h,Salt,Transcriptome sequencing of canola roots under salt stress
PRJNA721127,SRR14354544,Root,AS-2h,Salt,Transcriptome sequencing of canola roots under salt stress
PRJNA721127,SRR14354543,Root,AS-2h,Salt,Transcriptome sequencing of canola roots under salt stress
PRJNA721127,SRR14354542,Root,AS-2h,Salt,Transcriptome sequencing of canola roots under salt stress
PRJNA721127,SRR14354551,Root,AS-72h,Salt,Transcriptome sequencing of canola roots under salt stress
PRJNA721127,SRR14354550,Root,AS-72h,Salt,Transcriptome sequencing of canola roots under salt stress
PRJNA721127,SRR14354548,Root,AS-72h,Salt,Transcriptome sequencing of canola roots under salt stress
PRJNA721127,SRR14354561,Root,Control,Salt,Transcriptome sequencing of canola roots under salt stress
PRJNA721127,SRR14354560,Root,Control,Salt,Transcriptome sequencing of canola roots under salt stress
PRJNA721127,SRR14354549,Root,Control,Salt,Transcriptome sequencing of canola roots under salt stress
PRJNA721127,SRR14354541,Root,NS-24h,Salt,Transcriptome sequencing of canola roots under salt stress
PRJNA721127,SRR14354559,Root,NS-24h,Salt,Transcriptome sequencing of canola roots under salt stress
PRJNA721127,SRR14354558,Root,NS-24h,Salt,Transcriptome sequencing of canola roots under salt stress
PRJNA721127,SRR14354547,Root,NS-2h,Salt,Transcriptome sequencing of canola roots under salt stress
PRJNA721127,SRR14354546,Root,NS-2h,Salt,Transcriptome sequencing of canola roots under salt stress
PRJNA721127,SRR14354545,Root,NS-2h,Salt,Transcriptome sequencing of canola roots under salt stress
PRJNA721127,SRR14354554,Root,NS-72h,Salt,Transcriptome sequencing of canola roots under salt stress
PRJNA721127,SRR14354553,Root,NS-72h,Salt,Transcriptome sequencing of canola roots under salt stress
PRJNA721127,SRR14354552,Root,NS-72h,Salt,Transcriptome sequencing of canola roots under salt stress
PRJNA615051,SRR11412595,Leaf,Alaska_BBCH60_leaf_control,Drought,Transcriptomics of winter oilseed rape under drought stress and control conditions. Plants were sampled before vernalization (BBCH18), after vernalization (BBCH20), before flowering (BBCH50) and stress treatment, at beginning of flowering (8 days stress, BBCH 60), at full flowering (21 days stress, BBCH 65), and during ripening (BBCH75) for leaves, flowers, and siliques. 
PRJNA615051,SRR11412588,Leaf,Alaska_BBCH60_leaf_control,Drought,Transcriptomics of winter oilseed rape under drought stress and control conditions. Plants were sampled before vernalization (BBCH18), after vernalization (BBCH20), before flowering (BBCH50) and stress treatment, at beginning of flowering (8 days stress, BBCH 60), at full flowering (21 days stress, BBCH 65), and during ripening (BBCH75) for leaves, flowers, and siliques. 
PRJNA615051,SRR11412568,Leaf,Alaska_BBCH60_leaf_control,Drought,Transcriptomics of winter oilseed rape under drought stress and control conditions. Plants were sampled before vernalization (BBCH18), after vernalization (BBCH20), before flowering (BBCH50) and stress treatment, at beginning of flowering (8 days stress, BBCH 60), at full flowering (21 days stress, BBCH 65), and during ripening (BBCH75) for leaves, flowers, and siliques. 
PRJNA615051,SRR11412577,Leaf,Alaska_BBCH60_leaf_stress,Drought,Transcriptomics of winter oilseed rape under drought stress and control conditions. Plants were sampled before vernalization (BBCH18), after vernalization (BBCH20), before flowering (BBCH50) and stress treatment, at beginning of flowering (8 days stress, BBCH 60), at full flowering (21 days stress, BBCH 65), and during ripening (BBCH75) for leaves, flowers, and siliques. 
PRJNA615051,SRR11412593,Leaf,Alaska_BBCH65_leaf_control,Drought,Transcriptomics of winter oilseed rape under drought stress and control conditions. Plants were sampled before vernalization (BBCH18), after vernalization (BBCH20), before flowering (BBCH50) and stress treatment, at beginning of flowering (8 days stress, BBCH 60), at full flowering (21 days stress, BBCH 65), and during ripening (BBCH75) for leaves, flowers, and siliques. 
PRJNA615051,SRR11412587,Leaf,Alaska_BBCH65_leaf_control,Drought,Transcriptomics of winter oilseed rape under drought stress and control conditions. Plants were sampled before vernalization (BBCH18), after vernalization (BBCH20), before flowering (BBCH50) and stress treatment, at beginning of flowering (8 days stress, BBCH 60), at full flowering (21 days stress, BBCH 65), and during ripening (BBCH75) for leaves, flowers, and siliques. 
PRJNA615051,SRR11412567,Leaf,Alaska_BBCH65_leaf_control,Drought,Transcriptomics of winter oilseed rape under drought stress and control conditions. Plants were sampled before vernalization (BBCH18), after vernalization (BBCH20), before flowering (BBCH50) and stress treatment, at beginning of flowering (8 days stress, BBCH 60), at full flowering (21 days stress, BBCH 65), and during ripening (BBCH75) for leaves, flowers, and siliques. 
PRJNA615051,SRR11412576,Leaf,Alaska_BBCH65_leaf_stress,Drought,Transcriptomics of winter oilseed rape under drought stress and control conditions. Plants were sampled before vernalization (BBCH18), after vernalization (BBCH20), before flowering (BBCH50) and stress treatment, at beginning of flowering (8 days stress, BBCH 60), at full flowering (21 days stress, BBCH 65), and during ripening (BBCH75) for leaves, flowers, and siliques. 
PRJNA615051,SRR11412590,Leaf,Campari_BBCH60_leaf_control,Drought,Transcriptomics of winter oilseed rape under drought stress and control conditions. Plants were sampled before vernalization (BBCH18), after vernalization (BBCH20), before flowering (BBCH50) and stress treatment, at beginning of flowering (8 days stress, BBCH 60), at full flowering (21 days stress, BBCH 65), and during ripening (BBCH75) for leaves, flowers, and siliques. 
PRJNA615051,SRR11412572,Leaf,Campari_BBCH60_leaf_control,Drought,Transcriptomics of winter oilseed rape under drought stress and control conditions. Plants were sampled before vernalization (BBCH18), after vernalization (BBCH20), before flowering (BBCH50) and stress treatment, at beginning of flowering (8 days stress, BBCH 60), at full flowering (21 days stress, BBCH 65), and during ripening (BBCH75) for leaves, flowers, and siliques. 
PRJNA615051,SRR11412589,Leaf,Campari_BBCH65_leaf_control,Drought,Transcriptomics of winter oilseed rape under drought stress and control conditions. Plants were sampled before vernalization (BBCH18), after vernalization (BBCH20), before flowering (BBCH50) and stress treatment, at beginning of flowering (8 days stress, BBCH 60), at full flowering (21 days stress, BBCH 65), and during ripening (BBCH75) for leaves, flowers, and siliques. 
PRJNA615051,SRR11412571,Leaf,Campari_BBCH65_leaf_control,Drought,Transcriptomics of winter oilseed rape under drought stress and control conditions. Plants were sampled before vernalization (BBCH18), after vernalization (BBCH20), before flowering (BBCH50) and stress treatment, at beginning of flowering (8 days stress, BBCH 60), at full flowering (21 days stress, BBCH 65), and during ripening (BBCH75) for leaves, flowers, and siliques. 
PRJNA615051,SRR11412592,Leaf,Hokkai3Go_BBCH60_leaf_control,Drought,Transcriptomics of winter oilseed rape under drought stress and control conditions. Plants were sampled before vernalization (BBCH18), after vernalization (BBCH20), before flowering (BBCH50) and stress treatment, at beginning of flowering (8 days stress, BBCH 60), at full flowering (21 days stress, BBCH 65), and during ripening (BBCH75) for leaves, flowers, and siliques. 
PRJNA615051,SRR11412580,Leaf,Hokkai3Go_BBCH60_leaf_stress,Drought,Transcriptomics of winter oilseed rape under drought stress and control conditions. Plants were sampled before vernalization (BBCH18), after vernalization (BBCH20), before flowering (BBCH50) and stress treatment, at beginning of flowering (8 days stress, BBCH 60), at full flowering (21 days stress, BBCH 65), and during ripening (BBCH75) for leaves, flowers, and siliques. 
PRJNA615051,SRR11412591,Leaf,Hokkai3Go_BBCH65_leaf_control,Drought,Transcriptomics of winter oilseed rape under drought stress and control conditions. Plants were sampled before vernalization (BBCH18), after vernalization (BBCH20), before flowering (BBCH50) and stress treatment, at beginning of flowering (8 days stress, BBCH 60), at full flowering (21 days stress, BBCH 65), and during ripening (BBCH75) for leaves, flowers, and siliques. 
PRJNA615051,SRR11412579,Leaf,Hokkai3Go_BBCH65_leaf_stress,Drought,Transcriptomics of winter oilseed rape under drought stress and control conditions. Plants were sampled before vernalization (BBCH18), after vernalization (BBCH20), before flowering (BBCH50) and stress treatment, at beginning of flowering (8 days stress, BBCH 60), at full flowering (21 days stress, BBCH 65), and during ripening (BBCH75) for leaves, flowers, and siliques. 
PRJNA615051,SRR11412574,Leaf,Liporta_BBCH60_leaf_control,Drought,Transcriptomics of winter oilseed rape under drought stress and control conditions. Plants were sampled before vernalization (BBCH18), after vernalization (BBCH20), before flowering (BBCH50) and stress treatment, at beginning of flowering (8 days stress, BBCH 60), at full flowering (21 days stress, BBCH 65), and during ripening (BBCH75) for leaves, flowers, and siliques. 
PRJNA615051,SRR11412578,Leaf,Liporta_BBCH60_leaf_stress,Drought,Transcriptomics of winter oilseed rape under drought stress and control conditions. Plants were sampled before vernalization (BBCH18), after vernalization (BBCH20), before flowering (BBCH50) and stress treatment, at beginning of flowering (8 days stress, BBCH 60), at full flowering (21 days stress, BBCH 65), and during ripening (BBCH75) for leaves, flowers, and siliques. 
PRJNA615051,SRR11412573,Leaf,Liporta_BBCH65_leaf_control,Drought,Transcriptomics of winter oilseed rape under drought stress and control conditions. Plants were sampled before vernalization (BBCH18), after vernalization (BBCH20), before flowering (BBCH50) and stress treatment, at beginning of flowering (8 days stress, BBCH 60), at full flowering (21 days stress, BBCH 65), and during ripening (BBCH75) for leaves, flowers, and siliques. 
PRJNA615051,SRR11412586,Leaf,Musette_BBCH60_leaf_control,Drought,Transcriptomics of winter oilseed rape under drought stress and control conditions. Plants were sampled before vernalization (BBCH18), after vernalization (BBCH20), before flowering (BBCH50) and stress treatment, at beginning of flowering (8 days stress, BBCH 60), at full flowering (21 days stress, BBCH 65), and during ripening (BBCH75) for leaves, flowers, and siliques. 
PRJNA615051,SRR11412565,Leaf,Musette_BBCH60_leaf_stress,Drought,Transcriptomics of winter oilseed rape under drought stress and control conditions. Plants were sampled before vernalization (BBCH18), after vernalization (BBCH20), before flowering (BBCH50) and stress treatment, at beginning of flowering (8 days stress, BBCH 60), at full flowering (21 days stress, BBCH 65), and during ripening (BBCH75) for leaves, flowers, and siliques. 
PRJNA615051,SRR11412585,Leaf,Musette_BBCH65_leaf_control,Drought,Transcriptomics of winter oilseed rape under drought stress and control conditions. Plants were sampled before vernalization (BBCH18), after vernalization (BBCH20), before flowering (BBCH50) and stress treatment, at beginning of flowering (8 days stress, BBCH 60), at full flowering (21 days stress, BBCH 65), and during ripening (BBCH75) for leaves, flowers, and siliques. 
PRJNA615051,SRR11412584,Leaf,NKNemax_BBCH60_leaf_stress,Drought,Transcriptomics of winter oilseed rape under drought stress and control conditions. Plants were sampled before vernalization (BBCH18), after vernalization (BBCH20), before flowering (BBCH50) and stress treatment, at beginning of flowering (8 days stress, BBCH 60), at full flowering (21 days stress, BBCH 65), and during ripening (BBCH75) for leaves, flowers, and siliques. 
PRJNA615051,SRR11412583,Leaf,NKNemax_BBCH65_leaf_stress,Drought,Transcriptomics of winter oilseed rape under drought stress and control conditions. Plants were sampled before vernalization (BBCH18), after vernalization (BBCH20), before flowering (BBCH50) and stress treatment, at beginning of flowering (8 days stress, BBCH 60), at full flowering (21 days stress, BBCH 65), and during ripening (BBCH75) for leaves, flowers, and siliques. 
PRJNA615051,SRR11412570,Leaf,Pollen_BBCH60_leaf_control,Drought,Transcriptomics of winter oilseed rape under drought stress and control conditions. Plants were sampled before vernalization (BBCH18), after vernalization (BBCH20), before flowering (BBCH50) and stress treatment, at beginning of flowering (8 days stress, BBCH 60), at full flowering (21 days stress, BBCH 65), and during ripening (BBCH75) for leaves, flowers, and siliques. 
PRJNA615051,SRR11412582,Leaf,Pollen_BBCH60_leaf_stress,Drought,Transcriptomics of winter oilseed rape under drought stress and control conditions. Plants were sampled before vernalization (BBCH18), after vernalization (BBCH20), before flowering (BBCH50) and stress treatment, at beginning of flowering (8 days stress, BBCH 60), at full flowering (21 days stress, BBCH 65), and during ripening (BBCH75) for leaves, flowers, and siliques. 
PRJNA615051,SRR11412569,Leaf,Pollen_BBCH65_leaf_control,Drought,Transcriptomics of winter oilseed rape under drought stress and control conditions. Plants were sampled before vernalization (BBCH18), after vernalization (BBCH20), before flowering (BBCH50) and stress treatment, at beginning of flowering (8 days stress, BBCH 60), at full flowering (21 days stress, BBCH 65), and during ripening (BBCH75) for leaves, flowers, and siliques. 
PRJNA615051,SRR11412581,Leaf,Pollen_BBCH65_leaf_stress,Drought,Transcriptomics of winter oilseed rape under drought stress and control conditions. Plants were sampled before vernalization (BBCH18), after vernalization (BBCH20), before flowering (BBCH50) and stress treatment, at beginning of flowering (8 days stress, BBCH 60), at full flowering (21 days stress, BBCH 65), and during ripening (BBCH75) for leaves, flowers, and siliques. 
PRJNA615051,SRR11412566,Leaf,Zephir_BBCH60_leaf_control,Drought,Transcriptomics of winter oilseed rape under drought stress and control conditions. Plants were sampled before vernalization (BBCH18), after vernalization (BBCH20), before flowering (BBCH50) and stress treatment, at beginning of flowering (8 days stress, BBCH 60), at full flowering (21 days stress, BBCH 65), and during ripening (BBCH75) for leaves, flowers, and siliques. 
PRJNA615051,SRR11412453,Leaf,Alaska_BBCH60_leaf_stress,Drought,Transcriptomics of winter oilseed rape under drought stress and control conditions. Plants were sampled before vernalization (BBCH18), after vernalization (BBCH20), before flowering (BBCH50) and stress treatment, at beginning of flowering (8 days stress, BBCH 60), at full flowering (21 days stress, BBCH 65), and during ripening (BBCH75) for leaves, flowers, and siliques. 
PRJNA615051,SRR11412369,Leaf,Alaska_BBCH60_leaf_stress,Drought,Transcriptomics of winter oilseed rape under drought stress and control conditions. Plants were sampled before vernalization (BBCH18), after vernalization (BBCH20), before flowering (BBCH50) and stress treatment, at beginning of flowering (8 days stress, BBCH 60), at full flowering (21 days stress, BBCH 65), and during ripening (BBCH75) for leaves, flowers, and siliques. 
PRJNA615051,SRR11412441,Leaf,Alaska_BBCH65_leaf_stress,Drought,Transcriptomics of winter oilseed rape under drought stress and control conditions. Plants were sampled before vernalization (BBCH18), after vernalization (BBCH20), before flowering (BBCH50) and stress treatment, at beginning of flowering (8 days stress, BBCH 60), at full flowering (21 days stress, BBCH 65), and during ripening (BBCH75) for leaves, flowers, and siliques. 
PRJNA615051,SRR11412368,Leaf,Alaska_BBCH65_leaf_stress,Drought,Transcriptomics of winter oilseed rape under drought stress and control conditions. Plants were sampled before vernalization (BBCH18), after vernalization (BBCH20), before flowering (BBCH50) and stress treatment, at beginning of flowering (8 days stress, BBCH 60), at full flowering (21 days stress, BBCH 65), and during ripening (BBCH75) for leaves, flowers, and siliques. 
PRJNA615051,SRR11412440,Leaf,Campari_BBCH60_leaf_control,Drought,Transcriptomics of winter oilseed rape under drought stress and control conditions. Plants were sampled before vernalization (BBCH18), after vernalization (BBCH20), before flowering (BBCH50) and stress treatment, at beginning of flowering (8 days stress, BBCH 60), at full flowering (21 days stress, BBCH 65), and during ripening (BBCH75) for leaves, flowers, and siliques. 
PRJNA615051,SRR11412436,Leaf,Campari_BBCH60_leaf_stress,Drought,Transcriptomics of winter oilseed rape under drought stress and control conditions. Plants were sampled before vernalization (BBCH18), after vernalization (BBCH20), before flowering (BBCH50) and stress treatment, at beginning of flowering (8 days stress, BBCH 60), at full flowering (21 days stress, BBCH 65), and during ripening (BBCH75) for leaves, flowers, and siliques. 
PRJNA615051,SRR11412356,Leaf,Campari_BBCH60_leaf_stress,Drought,Transcriptomics of winter oilseed rape under drought stress and control conditions. Plants were sampled before vernalization (BBCH18), after vernalization (BBCH20), before flowering (BBCH50) and stress treatment, at beginning of flowering (8 days stress, BBCH 60), at full flowering (21 days stress, BBCH 65), and during ripening (BBCH75) for leaves, flowers, and siliques. 
PRJNA615051,SRR11412350,Leaf,Campari_BBCH60_leaf_stress,Drought,Transcriptomics of winter oilseed rape under drought stress and control conditions. Plants were sampled before vernalization (BBCH18), after vernalization (BBCH20), before flowering (BBCH50) and stress treatment, at beginning of flowering (8 days stress, BBCH 60), at full flowering (21 days stress, BBCH 65), and during ripening (BBCH75) for leaves, flowers, and siliques. 
PRJNA615051,SRR11412439,Leaf,Campari_BBCH65_leaf_control,Drought,Transcriptomics of winter oilseed rape under drought stress and control conditions. Plants were sampled before vernalization (BBCH18), after vernalization (BBCH20), before flowering (BBCH50) and stress treatment, at beginning of flowering (8 days stress, BBCH 60), at full flowering (21 days stress, BBCH 65), and during ripening (BBCH75) for leaves, flowers, and siliques. 
PRJNA615051,SRR11412355,Leaf,Campari_BBCH65_leaf_stress,Drought,Transcriptomics of winter oilseed rape under drought stress and control conditions. Plants were sampled before vernalization (BBCH18), after vernalization (BBCH20), before flowering (BBCH50) and stress treatment, at beginning of flowering (8 days stress, BBCH 60), at full flowering (21 days stress, BBCH 65), and during ripening (BBCH75) for leaves, flowers, and siliques. 
PRJNA615051,SRR11412349,Leaf,Campari_BBCH65_leaf_stress,Drought,Transcriptomics of winter oilseed rape under drought stress and control conditions. Plants were sampled before vernalization (BBCH18), after vernalization (BBCH20), before flowering (BBCH50) and stress treatment, at beginning of flowering (8 days stress, BBCH 60), at full flowering (21 days stress, BBCH 65), and during ripening (BBCH75) for leaves, flowers, and siliques. 
PRJNA615051,SRR11412435,Leaf,Hokkai3Go_BBCH60_leaf_control,Drought,Transcriptomics of winter oilseed rape under drought stress and control conditions. Plants were sampled before vernalization (BBCH18), after vernalization (BBCH20), before flowering (BBCH50) and stress treatment, at beginning of flowering (8 days stress, BBCH 60), at full flowering (21 days stress, BBCH 65), and during ripening (BBCH75) for leaves, flowers, and siliques. 
PRJNA615051,SRR11412373,Leaf,Hokkai3Go_BBCH60_leaf_stress,Drought,Transcriptomics of winter oilseed rape under drought stress and control conditions. Plants were sampled before vernalization (BBCH18), after vernalization (BBCH20), before flowering (BBCH50) and stress treatment, at beginning of flowering (8 days stress, BBCH 60), at full flowering (21 days stress, BBCH 65), and during ripening (BBCH75) for leaves, flowers, and siliques. 
PRJNA615051,SRR11412434,Leaf,Hokkai3Go_BBCH65_leaf_control,Drought,Transcriptomics of winter oilseed rape under drought stress and control conditions. Plants were sampled before vernalization (BBCH18), after vernalization (BBCH20), before flowering (BBCH50) and stress treatment, at beginning of flowering (8 days stress, BBCH 60), at full flowering (21 days stress, BBCH 65), and during ripening (BBCH75) for leaves, flowers, and siliques. 
PRJNA615051,SRR11412372,Leaf,Hokkai3Go_BBCH65_leaf_stress,Drought,Transcriptomics of winter oilseed rape under drought stress and control conditions. Plants were sampled before vernalization (BBCH18), after vernalization (BBCH20), before flowering (BBCH50) and stress treatment, at beginning of flowering (8 days stress, BBCH 60), at full flowering (21 days stress, BBCH 65), and during ripening (BBCH75) for leaves, flowers, and siliques. 
PRJNA615051,SRR11412433,Leaf,Liporta_BBCH60_leaf_control,Drought,Transcriptomics of winter oilseed rape under drought stress and control conditions. Plants were sampled before vernalization (BBCH18), after vernalization (BBCH20), before flowering (BBCH50) and stress treatment, at beginning of flowering (8 days stress, BBCH 60), at full flowering (21 days stress, BBCH 65), and during ripening (BBCH75) for leaves, flowers, and siliques. 
PRJNA615051,SRR11412347,Leaf,Liporta_BBCH60_leaf_stress,Drought,Transcriptomics of winter oilseed rape under drought stress and control conditions. Plants were sampled before vernalization (BBCH18), after vernalization (BBCH20), before flowering (BBCH50) and stress treatment, at beginning of flowering (8 days stress, BBCH 60), at full flowering (21 days stress, BBCH 65), and during ripening (BBCH75) for leaves, flowers, and siliques. 
PRJNA615051,SRR11412380,Leaf,Liporta_BBCH65_leaf_control,Drought,Transcriptomics of winter oilseed rape under drought stress and control conditions. Plants were sampled before vernalization (BBCH18), after vernalization (BBCH20), before flowering (BBCH50) and stress treatment, at beginning of flowering (8 days stress, BBCH 60), at full flowering (21 days stress, BBCH 65), and during ripening (BBCH75) for leaves, flowers, and siliques. 
PRJNA615051,SRR11412346,Leaf,Liporta_BBCH65_leaf_stress,Drought,Transcriptomics of winter oilseed rape under drought stress and control conditions. Plants were sampled before vernalization (BBCH18), after vernalization (BBCH20), before flowering (BBCH50) and stress treatment, at beginning of flowering (8 days stress, BBCH 60), at full flowering (21 days stress, BBCH 65), and during ripening (BBCH75) for leaves, flowers, and siliques. 
PRJNA615051,SRR11412377,Leaf,Musette_BBCH60_leaf_control,Drought,Transcriptomics of winter oilseed rape under drought stress and control conditions. Plants were sampled before vernalization (BBCH18), after vernalization (BBCH20), before flowering (BBCH50) and stress treatment, at beginning of flowering (8 days stress, BBCH 60), at full flowering (21 days stress, BBCH 65), and during ripening (BBCH75) for leaves, flowers, and siliques. 
PRJNA615051,SRR11412365,Leaf,Musette_BBCH60_leaf_stress,Drought,Transcriptomics of winter oilseed rape under drought stress and control conditions. Plants were sampled before vernalization (BBCH18), after vernalization (BBCH20), before flowering (BBCH50) and stress treatment, at beginning of flowering (8 days stress, BBCH 60), at full flowering (21 days stress, BBCH 65), and during ripening (BBCH75) for leaves, flowers, and siliques. 
PRJNA615051,SRR11412376,Leaf,Musette_BBCH65_leaf_control,Drought,Transcriptomics of winter oilseed rape under drought stress and control conditions. Plants were sampled before vernalization (BBCH18), after vernalization (BBCH20), before flowering (BBCH50) and stress treatment, at beginning of flowering (8 days stress, BBCH 60), at full flowering (21 days stress, BBCH 65), and during ripening (BBCH75) for leaves, flowers, and siliques. 
PRJNA615051,SRR11412370,Leaf,Musette_BBCH65_leaf_stress,Drought,Transcriptomics of winter oilseed rape under drought stress and control conditions. Plants were sampled before vernalization (BBCH18), after vernalization (BBCH20), before flowering (BBCH50) and stress treatment, at beginning of flowering (8 days stress, BBCH 60), at full flowering (21 days stress, BBCH 65), and during ripening (BBCH75) for leaves, flowers, and siliques. 
PRJNA615051,SRR11412364,Leaf,Musette_BBCH65_leaf_stress,Drought,Transcriptomics of winter oilseed rape under drought stress and control conditions. Plants were sampled before vernalization (BBCH18), after vernalization (BBCH20), before flowering (BBCH50) and stress treatment, at beginning of flowering (8 days stress, BBCH 60), at full flowering (21 days stress, BBCH 65), and during ripening (BBCH75) for leaves, flowers, and siliques. 
PRJNA615051,SRR11412375,Leaf,NKNemax_BBCH60_leaf_control,Drought,Transcriptomics of winter oilseed rape under drought stress and control conditions. Plants were sampled before vernalization (BBCH18), after vernalization (BBCH20), before flowering (BBCH50) and stress treatment, at beginning of flowering (8 days stress, BBCH 60), at full flowering (21 days stress, BBCH 65), and during ripening (BBCH75) for leaves, flowers, and siliques. 
PRJNA615051,SRR11412358,Leaf,NKNemax_BBCH60_leaf_control,Drought,Transcriptomics of winter oilseed rape under drought stress and control conditions. Plants were sampled before vernalization (BBCH18), after vernalization (BBCH20), before flowering (BBCH50) and stress treatment, at beginning of flowering (8 days stress, BBCH 60), at full flowering (21 days stress, BBCH 65), and during ripening (BBCH75) for leaves, flowers, and siliques. 
PRJNA615051,SRR11412438,Leaf,NKNemax_BBCH60_leaf_stress,Drought,Transcriptomics of winter oilseed rape under drought stress and control conditions. Plants were sampled before vernalization (BBCH18), after vernalization (BBCH20), before flowering (BBCH50) and stress treatment, at beginning of flowering (8 days stress, BBCH 60), at full flowering (21 days stress, BBCH 65), and during ripening (BBCH75) for leaves, flowers, and siliques. 
PRJNA615051,SRR11412374,Leaf,NKNemax_BBCH65_leaf_control,Drought,Transcriptomics of winter oilseed rape under drought stress and control conditions. Plants were sampled before vernalization (BBCH18), after vernalization (BBCH20), before flowering (BBCH50) and stress treatment, at beginning of flowering (8 days stress, BBCH 60), at full flowering (21 days stress, BBCH 65), and during ripening (BBCH75) for leaves, flowers, and siliques. 
PRJNA615051,SRR11412357,Leaf,NKNemax_BBCH65_leaf_control,Drought,Transcriptomics of winter oilseed rape under drought stress and control conditions. Plants were sampled before vernalization (BBCH18), after vernalization (BBCH20), before flowering (BBCH50) and stress treatment, at beginning of flowering (8 days stress, BBCH 60), at full flowering (21 days stress, BBCH 65), and during ripening (BBCH75) for leaves, flowers, and siliques. 
PRJNA615051,SRR11412437,Leaf,NKNemax_BBCH65_leaf_stress,Drought,Transcriptomics of winter oilseed rape under drought stress and control conditions. Plants were sampled before vernalization (BBCH18), after vernalization (BBCH20), before flowering (BBCH50) and stress treatment, at beginning of flowering (8 days stress, BBCH 60), at full flowering (21 days stress, BBCH 65), and during ripening (BBCH75) for leaves, flowers, and siliques. 
PRJNA615051,SRR11412363,Leaf,Pollen_BBCH60_leaf_control,Drought,Transcriptomics of winter oilseed rape under drought stress and control conditions. Plants were sampled before vernalization (BBCH18), after vernalization (BBCH20), before flowering (BBCH50) and stress treatment, at beginning of flowering (8 days stress, BBCH 60), at full flowering (21 days stress, BBCH 65), and during ripening (BBCH75) for leaves, flowers, and siliques. 
PRJNA615051,SRR11412361,Leaf,Pollen_BBCH60_leaf_control,Drought,Transcriptomics of winter oilseed rape under drought stress and control conditions. Plants were sampled before vernalization (BBCH18), after vernalization (BBCH20), before flowering (BBCH50) and stress treatment, at beginning of flowering (8 days stress, BBCH 60), at full flowering (21 days stress, BBCH 65), and during ripening (BBCH75) for leaves, flowers, and siliques. 
PRJNA615051,SRR11412354,Leaf,Pollen_BBCH60_leaf_stress,Drought,Transcriptomics of winter oilseed rape under drought stress and control conditions. Plants were sampled before vernalization (BBCH18), after vernalization (BBCH20), before flowering (BBCH50) and stress treatment, at beginning of flowering (8 days stress, BBCH 60), at full flowering (21 days stress, BBCH 65), and during ripening (BBCH75) for leaves, flowers, and siliques. 
PRJNA615051,SRR11412362,Leaf,Pollen_BBCH65_leaf_control,Drought,Transcriptomics of winter oilseed rape under drought stress and control conditions. Plants were sampled before vernalization (BBCH18), after vernalization (BBCH20), before flowering (BBCH50) and stress treatment, at beginning of flowering (8 days stress, BBCH 60), at full flowering (21 days stress, BBCH 65), and during ripening (BBCH75) for leaves, flowers, and siliques. 
PRJNA615051,SRR11412360,Leaf,Pollen_BBCH65_leaf_control,Drought,Transcriptomics of winter oilseed rape under drought stress and control conditions. Plants were sampled before vernalization (BBCH18), after vernalization (BBCH20), before flowering (BBCH50) and stress treatment, at beginning of flowering (8 days stress, BBCH 60), at full flowering (21 days stress, BBCH 65), and during ripening (BBCH75) for leaves, flowers, and siliques. 
PRJNA615051,SRR11412353,Leaf,Pollen_BBCH65_leaf_stress,Drought,Transcriptomics of winter oilseed rape under drought stress and control conditions. Plants were sampled before vernalization (BBCH18), after vernalization (BBCH20), before flowering (BBCH50) and stress treatment, at beginning of flowering (8 days stress, BBCH 60), at full flowering (21 days stress, BBCH 65), and during ripening (BBCH75) for leaves, flowers, and siliques. 
PRJNA615051,SRR11412379,Leaf,Zephir_BBCH60_leaf_control,Drought,Transcriptomics of winter oilseed rape under drought stress and control conditions. Plants were sampled before vernalization (BBCH18), after vernalization (BBCH20), before flowering (BBCH50) and stress treatment, at beginning of flowering (8 days stress, BBCH 60), at full flowering (21 days stress, BBCH 65), and during ripening (BBCH75) for leaves, flowers, and siliques. 
PRJNA615051,SRR11412367,Leaf,Zephir_BBCH60_leaf_stress,Drought,Transcriptomics of winter oilseed rape under drought stress and control conditions. Plants were sampled before vernalization (BBCH18), after vernalization (BBCH20), before flowering (BBCH50) and stress treatment, at beginning of flowering (8 days stress, BBCH 60), at full flowering (21 days stress, BBCH 65), and during ripening (BBCH75) for leaves, flowers, and siliques. 
PRJNA615051,SRR11412352,Leaf,Zephir_BBCH60_leaf_stress,Drought,Transcriptomics of winter oilseed rape under drought stress and control conditions. Plants were sampled before vernalization (BBCH18), after vernalization (BBCH20), before flowering (BBCH50) and stress treatment, at beginning of flowering (8 days stress, BBCH 60), at full flowering (21 days stress, BBCH 65), and during ripening (BBCH75) for leaves, flowers, and siliques. 
PRJNA615051,SRR11412378,Leaf,Zephir_BBCH65_leaf_control,Drought,Transcriptomics of winter oilseed rape under drought stress and control conditions. Plants were sampled before vernalization (BBCH18), after vernalization (BBCH20), before flowering (BBCH50) and stress treatment, at beginning of flowering (8 days stress, BBCH 60), at full flowering (21 days stress, BBCH 65), and during ripening (BBCH75) for leaves, flowers, and siliques. 
PRJNA615051,SRR11412366,Leaf,Zephir_BBCH65_leaf_stress,Drought,Transcriptomics of winter oilseed rape under drought stress and control conditions. Plants were sampled before vernalization (BBCH18), after vernalization (BBCH20), before flowering (BBCH50) and stress treatment, at beginning of flowering (8 days stress, BBCH 60), at full flowering (21 days stress, BBCH 65), and during ripening (BBCH75) for leaves, flowers, and siliques. 
PRJNA615051,SRR11412351,Leaf,Zephir_BBCH65_leaf_stress,Drought,Transcriptomics of winter oilseed rape under drought stress and control conditions. Plants were sampled before vernalization (BBCH18), after vernalization (BBCH20), before flowering (BBCH50) and stress treatment, at beginning of flowering (8 days stress, BBCH 60), at full flowering (21 days stress, BBCH 65), and during ripening (BBCH75) for leaves, flowers, and siliques. 
PRJNA615051,SRR11412446,Leaf,Hokkai3Go_BBCH60_leaf_control,Drought,Transcriptomics of winter oilseed rape under drought stress and control conditions. Plants were sampled before vernalization (BBCH18), after vernalization (BBCH20), before flowering (BBCH50) and stress treatment, at beginning of flowering (8 days stress, BBCH 60), at full flowering (21 days stress, BBCH 65), and during ripening (BBCH75) for leaves, flowers, and siliques. 
PRJNA615051,SRR11412460,Leaf,Hokkai3Go_BBCH60_leaf_stress,Drought,Transcriptomics of winter oilseed rape under drought stress and control conditions. Plants were sampled before vernalization (BBCH18), after vernalization (BBCH20), before flowering (BBCH50) and stress treatment, at beginning of flowering (8 days stress, BBCH 60), at full flowering (21 days stress, BBCH 65), and during ripening (BBCH75) for leaves, flowers, and siliques. 
PRJNA615051,SRR11412445,Leaf,Hokkai3Go_BBCH65_leaf_control,Drought,Transcriptomics of winter oilseed rape under drought stress and control conditions. Plants were sampled before vernalization (BBCH18), after vernalization (BBCH20), before flowering (BBCH50) and stress treatment, at beginning of flowering (8 days stress, BBCH 60), at full flowering (21 days stress, BBCH 65), and during ripening (BBCH75) for leaves, flowers, and siliques. 
PRJNA615051,SRR11412459,Leaf,Hokkai3Go_BBCH65_leaf_stress,Drought,Transcriptomics of winter oilseed rape under drought stress and control conditions. Plants were sampled before vernalization (BBCH18), after vernalization (BBCH20), before flowering (BBCH50) and stress treatment, at beginning of flowering (8 days stress, BBCH 60), at full flowering (21 days stress, BBCH 65), and during ripening (BBCH75) for leaves, flowers, and siliques. 
PRJNA615051,SRR11412452,Leaf,Liporta_BBCH60_leaf_control,Drought,Transcriptomics of winter oilseed rape under drought stress and control conditions. Plants were sampled before vernalization (BBCH18), after vernalization (BBCH20), before flowering (BBCH50) and stress treatment, at beginning of flowering (8 days stress, BBCH 60), at full flowering (21 days stress, BBCH 65), and during ripening (BBCH75) for leaves, flowers, and siliques. 
PRJNA615051,SRR11412462,Leaf,Liporta_BBCH60_leaf_stress,Drought,Transcriptomics of winter oilseed rape under drought stress and control conditions. Plants were sampled before vernalization (BBCH18), after vernalization (BBCH20), before flowering (BBCH50) and stress treatment, at beginning of flowering (8 days stress, BBCH 60), at full flowering (21 days stress, BBCH 65), and during ripening (BBCH75) for leaves, flowers, and siliques. 
PRJNA615051,SRR11412451,Leaf,Liporta_BBCH65_leaf_control,Drought,Transcriptomics of winter oilseed rape under drought stress and control conditions. Plants were sampled before vernalization (BBCH18), after vernalization (BBCH20), before flowering (BBCH50) and stress treatment, at beginning of flowering (8 days stress, BBCH 60), at full flowering (21 days stress, BBCH 65), and during ripening (BBCH75) for leaves, flowers, and siliques. 
PRJNA615051,SRR11412461,Leaf,Liporta_BBCH65_leaf_stress,Drought,Transcriptomics of winter oilseed rape under drought stress and control conditions. Plants were sampled before vernalization (BBCH18), after vernalization (BBCH20), before flowering (BBCH50) and stress treatment, at beginning of flowering (8 days stress, BBCH 60), at full flowering (21 days stress, BBCH 65), and during ripening (BBCH75) for leaves, flowers, and siliques. 
PRJNA615051,SRR11412456,Leaf,Musette_BBCH60_leaf_control,Drought,Transcriptomics of winter oilseed rape under drought stress and control conditions. Plants were sampled before vernalization (BBCH18), after vernalization (BBCH20), before flowering (BBCH50) and stress treatment, at beginning of flowering (8 days stress, BBCH 60), at full flowering (21 days stress, BBCH 65), and during ripening (BBCH75) for leaves, flowers, and siliques. 
PRJNA615051,SRR11412455,Leaf,Musette_BBCH65_leaf_control,Drought,Transcriptomics of winter oilseed rape under drought stress and control conditions. Plants were sampled before vernalization (BBCH18), after vernalization (BBCH20), before flowering (BBCH50) and stress treatment, at beginning of flowering (8 days stress, BBCH 60), at full flowering (21 days stress, BBCH 65), and during ripening (BBCH75) for leaves, flowers, and siliques. 
PRJNA615051,SRR11412448,Leaf,NKNemax_BBCH60_leaf_control,Drought,Transcriptomics of winter oilseed rape under drought stress and control conditions. Plants were sampled before vernalization (BBCH18), after vernalization (BBCH20), before flowering (BBCH50) and stress treatment, at beginning of flowering (8 days stress, BBCH 60), at full flowering (21 days stress, BBCH 65), and during ripening (BBCH75) for leaves, flowers, and siliques. 
PRJNA615051,SRR11412458,Leaf,NKNemax_BBCH60_leaf_stress,Drought,Transcriptomics of winter oilseed rape under drought stress and control conditions. Plants were sampled before vernalization (BBCH18), after vernalization (BBCH20), before flowering (BBCH50) and stress treatment, at beginning of flowering (8 days stress, BBCH 60), at full flowering (21 days stress, BBCH 65), and during ripening (BBCH75) for leaves, flowers, and siliques. 
PRJNA615051,SRR11412447,Leaf,NKNemax_BBCH65_leaf_control,Drought,Transcriptomics of winter oilseed rape under drought stress and control conditions. Plants were sampled before vernalization (BBCH18), after vernalization (BBCH20), before flowering (BBCH50) and stress treatment, at beginning of flowering (8 days stress, BBCH 60), at full flowering (21 days stress, BBCH 65), and during ripening (BBCH75) for leaves, flowers, and siliques. 
PRJNA615051,SRR11412457,Leaf,NKNemax_BBCH65_leaf_stress,Drought,Transcriptomics of winter oilseed rape under drought stress and control conditions. Plants were sampled before vernalization (BBCH18), after vernalization (BBCH20), before flowering (BBCH50) and stress treatment, at beginning of flowering (8 days stress, BBCH 60), at full flowering (21 days stress, BBCH 65), and during ripening (BBCH75) for leaves, flowers, and siliques. 
PRJNA615051,SRR11412464,Leaf,Pollen_BBCH60_leaf_stress,Drought,Transcriptomics of winter oilseed rape under drought stress and control conditions. Plants were sampled before vernalization (BBCH18), after vernalization (BBCH20), before flowering (BBCH50) and stress treatment, at beginning of flowering (8 days stress, BBCH 60), at full flowering (21 days stress, BBCH 65), and during ripening (BBCH75) for leaves, flowers, and siliques. 
PRJNA615051,SRR11412463,Leaf,Pollen_BBCH65_leaf_stress,Drought,Transcriptomics of winter oilseed rape under drought stress and control conditions. Plants were sampled before vernalization (BBCH18), after vernalization (BBCH20), before flowering (BBCH50) and stress treatment, at beginning of flowering (8 days stress, BBCH 60), at full flowering (21 days stress, BBCH 65), and during ripening (BBCH75) for leaves, flowers, and siliques. 
PRJNA615051,SRR11412450,Leaf,Zephir_BBCH60_leaf_control,Drought,Transcriptomics of winter oilseed rape under drought stress and control conditions. Plants were sampled before vernalization (BBCH18), after vernalization (BBCH20), before flowering (BBCH50) and stress treatment, at beginning of flowering (8 days stress, BBCH 60), at full flowering (21 days stress, BBCH 65), and during ripening (BBCH75) for leaves, flowers, and siliques. 
PRJNA615051,SRR11412444,Leaf,Zephir_BBCH60_leaf_stress,Drought,Transcriptomics of winter oilseed rape under drought stress and control conditions. Plants were sampled before vernalization (BBCH18), after vernalization (BBCH20), before flowering (BBCH50) and stress treatment, at beginning of flowering (8 days stress, BBCH 60), at full flowering (21 days stress, BBCH 65), and during ripening (BBCH75) for leaves, flowers, and siliques. 
PRJNA615051,SRR11412449,Leaf,Zephir_BBCH65_leaf_control,Drought,Transcriptomics of winter oilseed rape under drought stress and control conditions. Plants were sampled before vernalization (BBCH18), after vernalization (BBCH20), before flowering (BBCH50) and stress treatment, at beginning of flowering (8 days stress, BBCH 60), at full flowering (21 days stress, BBCH 65), and during ripening (BBCH75) for leaves, flowers, and siliques. 
PRJNA615051,SRR11412443,Leaf,Zephir_BBCH65_leaf_stress,Drought,Transcriptomics of winter oilseed rape under drought stress and control conditions. Plants were sampled before vernalization (BBCH18), after vernalization (BBCH20), before flowering (BBCH50) and stress treatment, at beginning of flowering (8 days stress, BBCH 60), at full flowering (21 days stress, BBCH 65), and during ripening (BBCH75) for leaves, flowers, and siliques. 
PRJNA591595,SRR10529461,Pollen,Pollen_day0,Heat - TSA - Day,Effect of histone/lysine deacetylase (HDAC) inhibitor trichostatin A (TSA) on haploid embryogenesis. Here, the transcriptomes of untreated pollen cultures and pollen cultures treated with either heat-stress or heat-stress plus TSA were compared. 
PRJNA591595,SRR10529462,Pollen,Pollen_day0,Heat - TSA - Day,Effect of histone/lysine deacetylase (HDAC) inhibitor trichostatin A (TSA) on haploid embryogenesis. Here, the transcriptomes of untreated pollen cultures and pollen cultures treated with either heat-stress or heat-stress plus TSA were compared. 
PRJNA591595,SRR10529463,Pollen,Pollen_day0,Heat - TSA - Day,Effect of histone/lysine deacetylase (HDAC) inhibitor trichostatin A (TSA) on haploid embryogenesis. Here, the transcriptomes of untreated pollen cultures and pollen cultures treated with either heat-stress or heat-stress plus TSA were compared. 
PRJNA591595,SRR10529464,Pollen,Heat+TSA 0.5µM_day2,Heat - TSA - Day,Effect of histone/lysine deacetylase (HDAC) inhibitor trichostatin A (TSA) on haploid embryogenesis. Here, the transcriptomes of untreated pollen cultures and pollen cultures treated with either heat-stress or heat-stress plus TSA were compared. 
PRJNA591595,SRR10529465,Pollen,Heat+TSA 0.5µM_day2,Heat - TSA - Day,Effect of histone/lysine deacetylase (HDAC) inhibitor trichostatin A (TSA) on haploid embryogenesis. Here, the transcriptomes of untreated pollen cultures and pollen cultures treated with either heat-stress or heat-stress plus TSA were compared. 
PRJNA591595,SRR10529466,Pollen,Heat+TSA 0.5µM_day2,Heat - TSA - Day,Effect of histone/lysine deacetylase (HDAC) inhibitor trichostatin A (TSA) on haploid embryogenesis. Here, the transcriptomes of untreated pollen cultures and pollen cultures treated with either heat-stress or heat-stress plus TSA were compared. 
PRJNA591595,SRR10529467,Pollen,Heat+TSA 0.05µM_day8,Heat - TSA - Day,Effect of histone/lysine deacetylase (HDAC) inhibitor trichostatin A (TSA) on haploid embryogenesis. Here, the transcriptomes of untreated pollen cultures and pollen cultures treated with either heat-stress or heat-stress plus TSA were compared. 
PRJNA591595,SRR10529468,Pollen,Heat+TSA 0.05µM_day8,Heat - TSA - Day,Effect of histone/lysine deacetylase (HDAC) inhibitor trichostatin A (TSA) on haploid embryogenesis. Here, the transcriptomes of untreated pollen cultures and pollen cultures treated with either heat-stress or heat-stress plus TSA were compared. 
PRJNA591595,SRR12083623,Pollen,Heat+TSA 0.5µM_day4,Heat - TSA - Day,Effect of histone/lysine deacetylase (HDAC) inhibitor trichostatin A (TSA) on haploid embryogenesis. Here, the transcriptomes of untreated pollen cultures and pollen cultures treated with either heat-stress or heat-stress plus TSA were compared. 
PRJNA591595,SRR12083624,Pollen,Heat+TSA 0.5µM_day4,Heat - TSA - Day,Effect of histone/lysine deacetylase (HDAC) inhibitor trichostatin A (TSA) on haploid embryogenesis. Here, the transcriptomes of untreated pollen cultures and pollen cultures treated with either heat-stress or heat-stress plus TSA were compared. 
PRJNA591595,SRR12083625,Pollen,Heat+TSA 0.5µM_day4,Heat - TSA - Day,Effect of histone/lysine deacetylase (HDAC) inhibitor trichostatin A (TSA) on haploid embryogenesis. Here, the transcriptomes of untreated pollen cultures and pollen cultures treated with either heat-stress or heat-stress plus TSA were compared. 
PRJNA591595,SRR12083626,Pollen,Heat_day2,Heat - TSA - Day,Effect of histone/lysine deacetylase (HDAC) inhibitor trichostatin A (TSA) on haploid embryogenesis. Here, the transcriptomes of untreated pollen cultures and pollen cultures treated with either heat-stress or heat-stress plus TSA were compared. 
PRJNA591595,SRR12083627,Pollen,Heat_day2,Heat - TSA - Day,Effect of histone/lysine deacetylase (HDAC) inhibitor trichostatin A (TSA) on haploid embryogenesis. Here, the transcriptomes of untreated pollen cultures and pollen cultures treated with either heat-stress or heat-stress plus TSA were compared. 
PRJNA591595,SRR12083628,Pollen,Heat_day2,Heat - TSA - Day,Effect of histone/lysine deacetylase (HDAC) inhibitor trichostatin A (TSA) on haploid embryogenesis. Here, the transcriptomes of untreated pollen cultures and pollen cultures treated with either heat-stress or heat-stress plus TSA were compared. 
PRJNA591595,SRR12083629,Pollen,Heat_day4,Heat - TSA - Day,Effect of histone/lysine deacetylase (HDAC) inhibitor trichostatin A (TSA) on haploid embryogenesis. Here, the transcriptomes of untreated pollen cultures and pollen cultures treated with either heat-stress or heat-stress plus TSA were compared. 
PRJNA591595,SRR12083630,Pollen,Heat_day4,Heat - TSA - Day,Effect of histone/lysine deacetylase (HDAC) inhibitor trichostatin A (TSA) on haploid embryogenesis. Here, the transcriptomes of untreated pollen cultures and pollen cultures treated with either heat-stress or heat-stress plus TSA were compared. 
PRJNA591595,SRR12083631,Pollen,Heat_day4,Heat - TSA - Day,Effect of histone/lysine deacetylase (HDAC) inhibitor trichostatin A (TSA) on haploid embryogenesis. Here, the transcriptomes of untreated pollen cultures and pollen cultures treated with either heat-stress or heat-stress plus TSA were compared. 
PRJNA591034,SRR10511943,Leaf,Control_Avatar,Submergence - Cultivar,The molecular response of leaves of two Brassica napus cultivars to full submergence (rape) under illumination. Overall design: Two Brassica napus cultivars (Avatar, Zhongshuang 9), one-time point (24 h), two treatments (aeration, submergence)
PRJNA591034,SRR10511944,Leaf,Control_Avatar,Submergence - Cultivar,The molecular response of leaves of two Brassica napus cultivars to full submergence (rape) under illumination. Overall design: Two Brassica napus cultivars (Avatar, Zhongshuang 9), one-time point (24 h), two treatments (aeration, submergence)
PRJNA591034,SRR10511945,Leaf,Control_Avatar,Submergence - Cultivar,The molecular response of leaves of two Brassica napus cultivars to full submergence (rape) under illumination. Overall design: Two Brassica napus cultivars (Avatar, Zhongshuang 9), one-time point (24 h), two treatments (aeration, submergence)
PRJNA591034,SRR10511946,Leaf,submergence_Avatar,Submergence - Cultivar,The molecular response of leaves of two Brassica napus cultivars to full submergence (rape) under illumination. Overall design: Two Brassica napus cultivars (Avatar, Zhongshuang 9), one-time point (24 h), two treatments (aeration, submergence)
PRJNA591034,SRR10511947,Leaf,submergence_Avatar,Submergence - Cultivar,The molecular response of leaves of two Brassica napus cultivars to full submergence (rape) under illumination. Overall design: Two Brassica napus cultivars (Avatar, Zhongshuang 9), one-time point (24 h), two treatments (aeration, submergence)
PRJNA591034,SRR10511948,Leaf,submergence_Avatar,Submergence - Cultivar,The molecular response of leaves of two Brassica napus cultivars to full submergence (rape) under illumination. Overall design: Two Brassica napus cultivars (Avatar, Zhongshuang 9), one-time point (24 h), two treatments (aeration, submergence)
PRJNA591034,SRR10511949,Leaf,Control_Zhongshuang,Submergence - Cultivar,The molecular response of leaves of two Brassica napus cultivars to full submergence (rape) under illumination. Overall design: Two Brassica napus cultivars (Avatar, Zhongshuang 9), one-time point (24 h), two treatments (aeration, submergence)
PRJNA591034,SRR10511950,Leaf,Control_Zhongshuang,Submergence - Cultivar,The molecular response of leaves of two Brassica napus cultivars to full submergence (rape) under illumination. Overall design: Two Brassica napus cultivars (Avatar, Zhongshuang 9), one-time point (24 h), two treatments (aeration, submergence)
PRJNA591034,SRR10511951,Leaf,Control_Zhongshuang,Submergence - Cultivar,The molecular response of leaves of two Brassica napus cultivars to full submergence (rape) under illumination. Overall design: Two Brassica napus cultivars (Avatar, Zhongshuang 9), one-time point (24 h), two treatments (aeration, submergence)
PRJNA591034,SRR10511952,Leaf,submergence_Zhongshuang,Submergence - Cultivar,The molecular response of leaves of two Brassica napus cultivars to full submergence (rape) under illumination. Overall design: Two Brassica napus cultivars (Avatar, Zhongshuang 9), one-time point (24 h), two treatments (aeration, submergence)
PRJNA591034,SRR10511953,Leaf,submergence_Zhongshuang,Submergence - Cultivar,The molecular response of leaves of two Brassica napus cultivars to full submergence (rape) under illumination. Overall design: Two Brassica napus cultivars (Avatar, Zhongshuang 9), one-time point (24 h), two treatments (aeration, submergence)
PRJNA591034,SRR10511954,Leaf,submergence_Zhongshuang,Submergence - Cultivar,The molecular response of leaves of two Brassica napus cultivars to full submergence (rape) under illumination. Overall design: Two Brassica napus cultivars (Avatar, Zhongshuang 9), one-time point (24 h), two treatments (aeration, submergence)
PRJNA590544,SRR10556481,Root,Control_Root,Cadmium - Tissue,Concurrent changes in mRNA profiles in the roots and shoots of B. napus seedlings after Cadmium treatment
PRJNA590544,SRR10556480,Root,Control_Root,Cadmium - Tissue,Concurrent changes in mRNA profiles in the roots and shoots of B. napus seedlings after Cadmium treatment
PRJNA590544,SRR10556469,Root,Control_Root,Cadmium - Tissue,Concurrent changes in mRNA profiles in the roots and shoots of B. napus seedlings after Cadmium treatment
PRJNA590544,SRR10556464,Shoot,Control_Shoot,Cadmium - Tissue,Concurrent changes in mRNA profiles in the roots and shoots of B. napus seedlings after Cadmium treatment
PRJNA590544,SRR10556463,Shoot,Control_Shoot,Cadmium - Tissue,Concurrent changes in mRNA profiles in the roots and shoots of B. napus seedlings after Cadmium treatment
PRJNA590544,SRR10556462,Shoot,Control_Shoot,Cadmium - Tissue,Concurrent changes in mRNA profiles in the roots and shoots of B. napus seedlings after Cadmium treatment
PRJNA590544,SRR10556461,Root,Cadmium_Root,Cadmium - Tissue,Concurrent changes in mRNA profiles in the roots and shoots of B. napus seedlings after Cadmium treatment
PRJNA590544,SRR10556460,Root,Cadmium_Root,Cadmium - Tissue,Concurrent changes in mRNA profiles in the roots and shoots of B. napus seedlings after Cadmium treatment
PRJNA590544,SRR10556459,Root,Cadmium_Root,Cadmium - Tissue,Concurrent changes in mRNA profiles in the roots and shoots of B. napus seedlings after Cadmium treatment
PRJNA590544,SRR10556458,Shoot,Cadmium_Shoot,Cadmium - Tissue,Concurrent changes in mRNA profiles in the roots and shoots of B. napus seedlings after Cadmium treatment
PRJNA590544,SRR10556479,Shoot,Cadmium_Shoot,Cadmium - Tissue,Concurrent changes in mRNA profiles in the roots and shoots of B. napus seedlings after Cadmium treatment
PRJNA590544,SRR10556478,Shoot,Cadmium_Shoot,Cadmium - Tissue,Concurrent changes in mRNA profiles in the roots and shoots of B. napus seedlings after Cadmium treatment
PRJNA560411,SRR9974920,Leaf,312_0A0D,Acclimation - Deacclimation - Cultivar,Acclimation and deacclimation of two canola varieties. Two varieties of canola (189 and 312) with differing freezing tolerance were either unacclimated, acclimated for 4 weeks at 5C , or acclimated as described and then deacclimated for 1 or 2 weeks at 10C. 0A0D: unacclimated, 4A0D: acclimated, 4A2D: 2wk_deacclimated, 4A1D: 1wk_deacclimated
PRJNA560411,SRR9974921,Leaf,189_4A0D,Acclimation - Deacclimation - Cultivar,Acclimation and deacclimation of two canola varieties. Two varieties of canola (189 and 312) with differing freezing tolerance were either unacclimated, acclimated for 4 weeks at 5C , or acclimated as described and then deacclimated for 1 or 2 weeks at 10C. 0A0D: unacclimated, 4A0D: acclimated, 4A2D: 2wk_deacclimated, 4A1D: 1wk_deacclimated
PRJNA560411,SRR9974922,Leaf,189_0A0D,Acclimation - Deacclimation - Cultivar,Acclimation and deacclimation of two canola varieties. Two varieties of canola (189 and 312) with differing freezing tolerance were either unacclimated, acclimated for 4 weeks at 5C , or acclimated as described and then deacclimated for 1 or 2 weeks at 10C. 0A0D: unacclimated, 4A0D: acclimated, 4A2D: 2wk_deacclimated, 4A1D: 1wk_deacclimated
PRJNA560411,SRR9974923,Leaf,312_4A2D,Acclimation - Deacclimation - Cultivar,Acclimation and deacclimation of two canola varieties. Two varieties of canola (189 and 312) with differing freezing tolerance were either unacclimated, acclimated for 4 weeks at 5C , or acclimated as described and then deacclimated for 1 or 2 weeks at 10C. 0A0D: unacclimated, 4A0D: acclimated, 4A2D: 2wk_deacclimated, 4A1D: 1wk_deacclimated
PRJNA560411,SRR9974924,Leaf,312_4A0D,Acclimation - Deacclimation - Cultivar,Acclimation and deacclimation of two canola varieties. Two varieties of canola (189 and 312) with differing freezing tolerance were either unacclimated, acclimated for 4 weeks at 5C , or acclimated as described and then deacclimated for 1 or 2 weeks at 10C. 0A0D: unacclimated, 4A0D: acclimated, 4A2D: 2wk_deacclimated, 4A1D: 1wk_deacclimated
PRJNA560411,SRR9974925,Leaf,312_0A0D,Acclimation - Deacclimation - Cultivar,Acclimation and deacclimation of two canola varieties. Two varieties of canola (189 and 312) with differing freezing tolerance were either unacclimated, acclimated for 4 weeks at 5C , or acclimated as described and then deacclimated for 1 or 2 weeks at 10C. 0A0D: unacclimated, 4A0D: acclimated, 4A2D: 2wk_deacclimated, 4A1D: 1wk_deacclimated
PRJNA560411,SRR9974926,Leaf,189_4A1D,Acclimation - Deacclimation - Cultivar,Acclimation and deacclimation of two canola varieties. Two varieties of canola (189 and 312) with differing freezing tolerance were either unacclimated, acclimated for 4 weeks at 5C , or acclimated as described and then deacclimated for 1 or 2 weeks at 10C. 0A0D: unacclimated, 4A0D: acclimated, 4A2D: 2wk_deacclimated, 4A1D: 1wk_deacclimated
PRJNA560411,SRR9974927,Leaf,189_0A0D,Acclimation - Deacclimation - Cultivar,Acclimation and deacclimation of two canola varieties. Two varieties of canola (189 and 312) with differing freezing tolerance were either unacclimated, acclimated for 4 weeks at 5C , or acclimated as described and then deacclimated for 1 or 2 weeks at 10C. 0A0D: unacclimated, 4A0D: acclimated, 4A2D: 2wk_deacclimated, 4A1D: 1wk_deacclimated
PRJNA560411,SRR9974928,Leaf,189_4A0D,Acclimation - Deacclimation - Cultivar,Acclimation and deacclimation of two canola varieties. Two varieties of canola (189 and 312) with differing freezing tolerance were either unacclimated, acclimated for 4 weeks at 5C , or acclimated as described and then deacclimated for 1 or 2 weeks at 10C. 0A0D: unacclimated, 4A0D: acclimated, 4A2D: 2wk_deacclimated, 4A1D: 1wk_deacclimated
PRJNA560411,SRR9974929,Leaf,189_4A1D,Acclimation - Deacclimation - Cultivar,Acclimation and deacclimation of two canola varieties. Two varieties of canola (189 and 312) with differing freezing tolerance were either unacclimated, acclimated for 4 weeks at 5C , or acclimated as described and then deacclimated for 1 or 2 weeks at 10C. 0A0D: unacclimated, 4A0D: acclimated, 4A2D: 2wk_deacclimated, 4A1D: 1wk_deacclimated
PRJNA560411,SRR9974930,Leaf,189_4A1D,Acclimation - Deacclimation - Cultivar,Acclimation and deacclimation of two canola varieties. Two varieties of canola (189 and 312) with differing freezing tolerance were either unacclimated, acclimated for 4 weeks at 5C , or acclimated as described and then deacclimated for 1 or 2 weeks at 10C. 0A0D: unacclimated, 4A0D: acclimated, 4A2D: 2wk_deacclimated, 4A1D: 1wk_deacclimated
PRJNA560411,SRR9974931,Leaf,189_4A1D,Acclimation - Deacclimation - Cultivar,Acclimation and deacclimation of two canola varieties. Two varieties of canola (189 and 312) with differing freezing tolerance were either unacclimated, acclimated for 4 weeks at 5C , or acclimated as described and then deacclimated for 1 or 2 weeks at 10C. 0A0D: unacclimated, 4A0D: acclimated, 4A2D: 2wk_deacclimated, 4A1D: 1wk_deacclimated
PRJNA560411,SRR9974932,Leaf,189_4A1D,Acclimation - Deacclimation - Cultivar,Acclimation and deacclimation of two canola varieties. Two varieties of canola (189 and 312) with differing freezing tolerance were either unacclimated, acclimated for 4 weeks at 5C , or acclimated as described and then deacclimated for 1 or 2 weeks at 10C. 0A0D: unacclimated, 4A0D: acclimated, 4A2D: 2wk_deacclimated, 4A1D: 1wk_deacclimated
PRJNA560411,SRR9974933,Leaf,312_4A0D,Acclimation - Deacclimation - Cultivar,Acclimation and deacclimation of two canola varieties. Two varieties of canola (189 and 312) with differing freezing tolerance were either unacclimated, acclimated for 4 weeks at 5C , or acclimated as described and then deacclimated for 1 or 2 weeks at 10C. 0A0D: unacclimated, 4A0D: acclimated, 4A2D: 2wk_deacclimated, 4A1D: 1wk_deacclimated
PRJNA560411,SRR9974934,Leaf,312_0A0D,Acclimation - Deacclimation - Cultivar,Acclimation and deacclimation of two canola varieties. Two varieties of canola (189 and 312) with differing freezing tolerance were either unacclimated, acclimated for 4 weeks at 5C , or acclimated as described and then deacclimated for 1 or 2 weeks at 10C. 0A0D: unacclimated, 4A0D: acclimated, 4A2D: 2wk_deacclimated, 4A1D: 1wk_deacclimated
PRJNA560411,SRR9974935,Leaf,312_4A2D,Acclimation - Deacclimation - Cultivar,Acclimation and deacclimation of two canola varieties. Two varieties of canola (189 and 312) with differing freezing tolerance were either unacclimated, acclimated for 4 weeks at 5C , or acclimated as described and then deacclimated for 1 or 2 weeks at 10C. 0A0D: unacclimated, 4A0D: acclimated, 4A2D: 2wk_deacclimated, 4A1D: 1wk_deacclimated
PRJNA560411,SRR9974936,Leaf,312_4A1D,Acclimation - Deacclimation - Cultivar,Acclimation and deacclimation of two canola varieties. Two varieties of canola (189 and 312) with differing freezing tolerance were either unacclimated, acclimated for 4 weeks at 5C , or acclimated as described and then deacclimated for 1 or 2 weeks at 10C. 0A0D: unacclimated, 4A0D: acclimated, 4A2D: 2wk_deacclimated, 4A1D: 1wk_deacclimated
PRJNA560411,SRR9974937,Leaf,312_4A0D,Acclimation - Deacclimation - Cultivar,Acclimation and deacclimation of two canola varieties. Two varieties of canola (189 and 312) with differing freezing tolerance were either unacclimated, acclimated for 4 weeks at 5C , or acclimated as described and then deacclimated for 1 or 2 weeks at 10C. 0A0D: unacclimated, 4A0D: acclimated, 4A2D: 2wk_deacclimated, 4A1D: 1wk_deacclimated
PRJNA560411,SRR9974938,Leaf,312_4A1D,Acclimation - Deacclimation - Cultivar,Acclimation and deacclimation of two canola varieties. Two varieties of canola (189 and 312) with differing freezing tolerance were either unacclimated, acclimated for 4 weeks at 5C , or acclimated as described and then deacclimated for 1 or 2 weeks at 10C. 0A0D: unacclimated, 4A0D: acclimated, 4A2D: 2wk_deacclimated, 4A1D: 1wk_deacclimated
PRJNA560411,SRR9974939,Leaf,189_4A0D,Acclimation - Deacclimation - Cultivar,Acclimation and deacclimation of two canola varieties. Two varieties of canola (189 and 312) with differing freezing tolerance were either unacclimated, acclimated for 4 weeks at 5C , or acclimated as described and then deacclimated for 1 or 2 weeks at 10C. 0A0D: unacclimated, 4A0D: acclimated, 4A2D: 2wk_deacclimated, 4A1D: 1wk_deacclimated
PRJNA560411,SRR9974940,Leaf,312_4A2D,Acclimation - Deacclimation - Cultivar,Acclimation and deacclimation of two canola varieties. Two varieties of canola (189 and 312) with differing freezing tolerance were either unacclimated, acclimated for 4 weeks at 5C , or acclimated as described and then deacclimated for 1 or 2 weeks at 10C. 0A0D: unacclimated, 4A0D: acclimated, 4A2D: 2wk_deacclimated, 4A1D: 1wk_deacclimated
PRJNA560411,SRR9974941,Leaf,189_4A1D,Acclimation - Deacclimation - Cultivar,Acclimation and deacclimation of two canola varieties. Two varieties of canola (189 and 312) with differing freezing tolerance were either unacclimated, acclimated for 4 weeks at 5C , or acclimated as described and then deacclimated for 1 or 2 weeks at 10C. 0A0D: unacclimated, 4A0D: acclimated, 4A2D: 2wk_deacclimated, 4A1D: 1wk_deacclimated
PRJNA560411,SRR9974942,Leaf,189_0A0D,Acclimation - Deacclimation - Cultivar,Acclimation and deacclimation of two canola varieties. Two varieties of canola (189 and 312) with differing freezing tolerance were either unacclimated, acclimated for 4 weeks at 5C , or acclimated as described and then deacclimated for 1 or 2 weeks at 10C. 0A0D: unacclimated, 4A0D: acclimated, 4A2D: 2wk_deacclimated, 4A1D: 1wk_deacclimated
PRJNA560411,SRR9974943,Leaf,312_4A1D,Acclimation - Deacclimation - Cultivar,Acclimation and deacclimation of two canola varieties. Two varieties of canola (189 and 312) with differing freezing tolerance were either unacclimated, acclimated for 4 weeks at 5C , or acclimated as described and then deacclimated for 1 or 2 weeks at 10C. 0A0D: unacclimated, 4A0D: acclimated, 4A2D: 2wk_deacclimated, 4A1D: 1wk_deacclimated
PRJNA558913,SRR10065360,Leaf,Oscar - Salt,Salt - Cultivar,RNA-seq analysis of two salt-tolerant canola (Brassica napus L.) cultivar Dunkled and salt-sensitive canola cultivar Oscar. Seedlings were subjected to 200 mM NaCl salinity for two weeks.
PRJNA558913,SRR10065361,Leaf,Dunkled - Salt,Salt - Cultivar,RNA-seq analysis of two salt-tolerant canola (Brassica napus L.) cultivar Dunkled and salt-sensitive canola cultivar Oscar. Seedlings were subjected to 200 mM NaCl salinity for two weeks.
PRJNA558913,SRR10065362,Leaf,Oscar - Control,Salt - Cultivar,RNA-seq analysis of two salt-tolerant canola (Brassica napus L.) cultivar Dunkled and salt-sensitive canola cultivar Oscar. Seedlings were subjected to 200 mM NaCl salinity for two weeks.
PRJNA558913,SRR10065363,Leaf,Dunkled - Control,Salt - Cultivar,RNA-seq analysis of two salt-tolerant canola (Brassica napus L.) cultivar Dunkled and salt-sensitive canola cultivar Oscar. Seedlings were subjected to 200 mM NaCl salinity for two weeks.
PRJNA214511,SRR948826,Leaf,Normal,Salt - Organs,Dissecting the salt (200 mM) responsive transcriptome of Brassica napus
PRJNA214511,SRR948832,Leaf,Normal,Salt - Organs,Dissecting the salt (200 mM) responsive transcriptome of Brassica napus
PRJNA214511,SRR948834,Root,Normal,Salt - Organs,Dissecting the salt (200 mM) responsive transcriptome of Brassica napus
PRJNA214511,SRR948836,Root,Normal,Salt - Organs,Dissecting the salt (200 mM) responsive transcriptome of Brassica napus
PRJNA214511,SRR948830,Leaf,Nacl - 200 mM,Salt - Organs,Dissecting the salt (200 mM) responsive transcriptome of Brassica napus
PRJNA214511,SRR948833,Leaf,Nacl - 200 mM,Salt - Organs,Dissecting the salt (200 mM) responsive transcriptome of Brassica napus
PRJNA214511,SRR948835,Root,Nacl - 200 mM,Salt - Organs,Dissecting the salt (200 mM) responsive transcriptome of Brassica napus
PRJNA214511,SRR948857,Root,Nacl - 200 mM,Salt - Organs,Dissecting the salt (200 mM) responsive transcriptome of Brassica napus
PRJNA270960,SRR1731806,Leaf,Normal,Drought,Transcriptome analysis of two B. napus cultivars (07Y19, 07Y29) in response to drought stress
PRJNA270960,SRR1732356,Leaf,Normal,Drought,Transcriptome analysis of two B. napus cultivars (07Y19, 07Y29) in response to drought stress
PRJNA270960,SRR1732355,Leaf,PEG-6000 - 200 g/L,Drought,Transcriptome analysis of two B. napus cultivars (07Y19, 07Y29) in response to drought stress
PRJNA270960,SRR1732358,Leaf,PEG-6000 - 200 g/L,Drought,Transcriptome analysis of two B. napus cultivars (07Y19, 07Y29) in response to drought stress
PRJNA273932,SRR1778056,Leaf,Normal,Drought,Selection higher energy efficiency and drought tolerance in canola results in distinct transcriptome and epigenome changes
PRJNA273932,SRR1781543,Leaf,Normal,Drought,Selection higher energy efficiency and drought tolerance in canola results in distinct transcriptome and epigenome changes
PRJNA273932,SRR1783186,Leaf,Normal,Drought,Selection higher energy efficiency and drought tolerance in canola results in distinct transcriptome and epigenome changes
PRJNA273932,SRR1783187,Leaf,Normal,Drought,Selection higher energy efficiency and drought tolerance in canola results in distinct transcriptome and epigenome changes
PRJNA273932,SRR1783188,Leaf,Normal,Drought,Selection higher energy efficiency and drought tolerance in canola results in distinct transcriptome and epigenome changes
PRJNA273932,SRR1781548,Leaf,PEG1,Drought,Selection higher energy efficiency and drought tolerance in canola results in distinct transcriptome and epigenome changes
PRJNA273932,SRR1781559,Leaf,PEG1,Drought,Selection higher energy efficiency and drought tolerance in canola results in distinct transcriptome and epigenome changes
PRJNA273932,SRR1781603,Leaf,PEG2,Drought,Selection higher energy efficiency and drought tolerance in canola results in distinct transcriptome and epigenome changes
PRJNA273932,SRR1783156,Leaf,PEG2,Drought,Selection higher energy efficiency and drought tolerance in canola results in distinct transcriptome and epigenome changes
PRJNA273932,SRR1783189,Leaf,EUE,Drought,Selection higher energy efficiency and drought tolerance in canola results in distinct transcriptome and epigenome changes
PRJNA273932,SRR1783190,Leaf,EUE,Drought,Selection higher energy efficiency and drought tolerance in canola results in distinct transcriptome and epigenome changes
PRJNA273932,SRR1783191,Leaf,EUE,Drought,Selection higher energy efficiency and drought tolerance in canola results in distinct transcriptome and epigenome changes
PRJNA307145,SRR3062290,Leaf,Low Temperature,Low temperature,Identification of Brassica napus transcripts under low-temperature stress
PRJNA307145,SRR3062291,Leaf,Low Temperature,Low temperature,Identification of Brassica napus transcripts under low-temperature stress
PRJNA307145,SRR3062292,Leaf,Low Temperature,Low temperature,Identification of Brassica napus transcripts under low-temperature stress
PRJNA307145,SRR3062293,Leaf,Low Temperature,Low temperature,Identification of Brassica napus transcripts under low-temperature stress
PRJNA389508,SRR5715232,whole plant,Normal,ABA - Salt - PEG - Cold - Heat,Transcriptome of diiferent abiotic stress in Brassica napus L
PRJNA389508,SRR5715233,whole plant,Normal,ABA - Salt - PEG - Cold - Heat,Transcriptome of diiferent abiotic stress in Brassica napus L
PRJNA389508,SRR5715234,whole plant,Normal,ABA - Salt - PEG - Cold - Heat,Transcriptome of diiferent abiotic stress in Brassica napus L
PRJNA389508,SRR5715235,whole plant,Normal,ABA - Salt - PEG - Cold - Heat,Transcriptome of diiferent abiotic stress in Brassica napus L
PRJNA389508,SRR5715236,whole plant,Normal,ABA - Salt - PEG - Cold - Heat,Transcriptome of diiferent abiotic stress in Brassica napus L
PRJNA389508,SRR5715247,whole plant,Normal,ABA - Salt - PEG - Cold - Heat,Transcriptome of diiferent abiotic stress in Brassica napus L
PRJNA389508,SRR5715222,whole plant,ABA - 30 um,ABA - Salt - PEG - Cold - Heat,Transcriptome of diiferent abiotic stress in Brassica napus L
PRJNA389508,SRR5715223,whole plant,ABA - 30 um,ABA - Salt - PEG - Cold - Heat,Transcriptome of diiferent abiotic stress in Brassica napus L
PRJNA389508,SRR5715224,whole plant,ABA - 30 um,ABA - Salt - PEG - Cold - Heat,Transcriptome of diiferent abiotic stress in Brassica napus L
PRJNA389508,SRR5715225,whole plant,ABA - 30 um,ABA - Salt - PEG - Cold - Heat,Transcriptome of diiferent abiotic stress in Brassica napus L
PRJNA389508,SRR5715245,whole plant,ABA - 30 um,ABA - Salt - PEG - Cold - Heat,Transcriptome of diiferent abiotic stress in Brassica napus L
PRJNA389508,SRR5715246,whole plant,ABA - 30 um,ABA - Salt - PEG - Cold - Heat,Transcriptome of diiferent abiotic stress in Brassica napus L
PRJNA389508,SRR5715226,whole plant,Nacl - 150 mM,ABA - Salt - PEG - Cold - Heat,Transcriptome of diiferent abiotic stress in Brassica napus L
PRJNA389508,SRR5715227,whole plant,Nacl - 150 mM,ABA - Salt - PEG - Cold - Heat,Transcriptome of diiferent abiotic stress in Brassica napus L
PRJNA389508,SRR5715228,whole plant,Nacl - 150 mM,ABA - Salt - PEG - Cold - Heat,Transcriptome of diiferent abiotic stress in Brassica napus L
PRJNA389508,SRR5715229,whole plant,Nacl - 150 mM,ABA - Salt - PEG - Cold - Heat,Transcriptome of diiferent abiotic stress in Brassica napus L
PRJNA389508,SRR5715230,whole plant,Nacl - 150 mM,ABA - Salt - PEG - Cold - Heat,Transcriptome of diiferent abiotic stress in Brassica napus L
PRJNA389508,SRR5715231,whole plant,Nacl - 150 mM,ABA - Salt - PEG - Cold - Heat,Transcriptome of diiferent abiotic stress in Brassica napus L
PRJNA389508,SRR5715237,whole plant,PEG - 0.15,ABA - Salt - PEG - Cold - Heat,Transcriptome of diiferent abiotic stress in Brassica napus L
PRJNA389508,SRR5715238,whole plant,PEG - 0.15,ABA - Salt - PEG - Cold - Heat,Transcriptome of diiferent abiotic stress in Brassica napus L
PRJNA389508,SRR5715239,whole plant,PEG - 0.15,ABA - Salt - PEG - Cold - Heat,Transcriptome of diiferent abiotic stress in Brassica napus L
PRJNA389508,SRR5715240,whole plant,PEG - 0.15,ABA - Salt - PEG - Cold - Heat,Transcriptome of diiferent abiotic stress in Brassica napus L
PRJNA389508,SRR5715243,whole plant,PEG - 0.15,ABA - Salt - PEG - Cold - Heat,Transcriptome of diiferent abiotic stress in Brassica napus L
PRJNA389508,SRR5715244,whole plant,PEG - 0.15,ABA - Salt - PEG - Cold - Heat,Transcriptome of diiferent abiotic stress in Brassica napus L
PRJNA389508,SRR5715248,whole plant,4℃,ABA - Salt - PEG - Cold - Heat,Transcriptome of diiferent abiotic stress in Brassica napus L
PRJNA389508,SRR5715249,whole plant,4℃,ABA - Salt - PEG - Cold - Heat,Transcriptome of diiferent abiotic stress in Brassica napus L
PRJNA389508,SRR5715250,whole plant,4℃,ABA - Salt - PEG - Cold - Heat,Transcriptome of diiferent abiotic stress in Brassica napus L
PRJNA389508,SRR5715251,whole plant,4℃,ABA - Salt - PEG - Cold - Heat,Transcriptome of diiferent abiotic stress in Brassica napus L
PRJNA389508,SRR5715252,whole plant,4℃,ABA - Salt - PEG - Cold - Heat,Transcriptome of diiferent abiotic stress in Brassica napus L
PRJNA389508,SRR5715253,whole plant,4℃,ABA - Salt - PEG - Cold - Heat,Transcriptome of diiferent abiotic stress in Brassica napus L
PRJNA389508,SRR5715241,whole plant,40℃,ABA - Salt - PEG - Cold - Heat,Transcriptome of diiferent abiotic stress in Brassica napus L
PRJNA389508,SRR5715242,whole plant,40℃,ABA - Salt - PEG - Cold - Heat,Transcriptome of diiferent abiotic stress in Brassica napus L
PRJNA389508,SRR5715254,whole plant,40℃,ABA - Salt - PEG - Cold - Heat,Transcriptome of diiferent abiotic stress in Brassica napus L
PRJNA389508,SRR5715255,whole plant,40℃,ABA - Salt - PEG - Cold - Heat,Transcriptome of diiferent abiotic stress in Brassica napus L
PRJNA389508,SRR5715256,whole plant,40℃,ABA - Salt - PEG - Cold - Heat,Transcriptome of diiferent abiotic stress in Brassica napus L
PRJNA389508,SRR5715257,whole plant,40℃,ABA - Salt - PEG - Cold - Heat,Transcriptome of diiferent abiotic stress in Brassica napus L
PRJNA391558,SRR5802441,flower,Normal - 1 DAI,Low temperature - Day,Comparative transcriptomic analysis for fast and slow germination speed of rapeseed (Brassica napus L.) in response to low temperature
PRJNA391558,SRR5802442,flower,Normal - 1 DAI,Low temperature - Day,Comparative transcriptomic analysis for fast and slow germination speed of rapeseed (Brassica napus L.) in response to low temperature
PRJNA391558,SRR5802443,flower,Normal - 1 DAI,Low temperature - Day,Comparative transcriptomic analysis for fast and slow germination speed of rapeseed (Brassica napus L.) in response to low temperature
PRJNA391558,SRR5802456,flower,Normal - 1 DAI,Low temperature - Day,Comparative transcriptomic analysis for fast and slow germination speed of rapeseed (Brassica napus L.) in response to low temperature
PRJNA391558,SRR5802461,flower,Normal - 1 DAI,Low temperature - Day,Comparative transcriptomic analysis for fast and slow germination speed of rapeseed (Brassica napus L.) in response to low temperature
PRJNA391558,SRR5802462,flower,Normal - 1 DAI,Low temperature - Day,Comparative transcriptomic analysis for fast and slow germination speed of rapeseed (Brassica napus L.) in response to low temperature
PRJNA391558,SRR5802427,flower,Low Temperature - 1 DAI,Low temperature - Day,Comparative transcriptomic analysis for fast and slow germination speed of rapeseed (Brassica napus L.) in response to low temperature
PRJNA391558,SRR5802428,flower,Low Temperature - 1 DAI,Low temperature - Day,Comparative transcriptomic analysis for fast and slow germination speed of rapeseed (Brassica napus L.) in response to low temperature
PRJNA391558,SRR5802444,flower,Low Temperature - 1 DAI,Low temperature - Day,Comparative transcriptomic analysis for fast and slow germination speed of rapeseed (Brassica napus L.) in response to low temperature
PRJNA391558,SRR5802455,flower,Low Temperature - 1 DAI,Low temperature - Day,Comparative transcriptomic analysis for fast and slow germination speed of rapeseed (Brassica napus L.) in response to low temperature
PRJNA391558,SRR5802457,flower,Low Temperature - 1 DAI,Low temperature - Day,Comparative transcriptomic analysis for fast and slow germination speed of rapeseed (Brassica napus L.) in response to low temperature
PRJNA391558,SRR5802458,flower,Low Temperature - 1 DAI,Low temperature - Day,Comparative transcriptomic analysis for fast and slow germination speed of rapeseed (Brassica napus L.) in response to low temperature
PRJNA391558,SRR5802431,flower,Normal - 2 DAI,Low temperature - Day,Comparative transcriptomic analysis for fast and slow germination speed of rapeseed (Brassica napus L.) in response to low temperature
PRJNA391558,SRR5802432,flower,Normal - 2 DAI,Low temperature - Day,Comparative transcriptomic analysis for fast and slow germination speed of rapeseed (Brassica napus L.) in response to low temperature
PRJNA391558,SRR5802454,flower,Normal - 2 DAI,Low temperature - Day,Comparative transcriptomic analysis for fast and slow germination speed of rapeseed (Brassica napus L.) in response to low temperature
PRJNA391558,SRR5802439,flower,Low Temperature - 2 DAI,Low temperature - Day,Comparative transcriptomic analysis for fast and slow germination speed of rapeseed (Brassica napus L.) in response to low temperature
PRJNA391558,SRR5802459,flower,Low Temperature - 2 DAI,Low temperature - Day,Comparative transcriptomic analysis for fast and slow germination speed of rapeseed (Brassica napus L.) in response to low temperature
PRJNA391558,SRR5802460,flower,Low Temperature - 2 DAI,Low temperature - Day,Comparative transcriptomic analysis for fast and slow germination speed of rapeseed (Brassica napus L.) in response to low temperature
PRJNA391558,SRR5802433,flower,Normal - 3 DAI,Low temperature - Day,Comparative transcriptomic analysis for fast and slow germination speed of rapeseed (Brassica napus L.) in response to low temperature
PRJNA391558,SRR5802434,flower,Normal - 3 DAI,Low temperature - Day,Comparative transcriptomic analysis for fast and slow germination speed of rapeseed (Brassica napus L.) in response to low temperature
PRJNA391558,SRR5802436,flower,Normal - 3 DAI,Low temperature - Day,Comparative transcriptomic analysis for fast and slow germination speed of rapeseed (Brassica napus L.) in response to low temperature
PRJNA391558,SRR5802445,flower,Normal - 3 DAI,Low temperature - Day,Comparative transcriptomic analysis for fast and slow germination speed of rapeseed (Brassica napus L.) in response to low temperature
PRJNA391558,SRR5802450,flower,Normal - 3 DAI,Low temperature - Day,Comparative transcriptomic analysis for fast and slow germination speed of rapeseed (Brassica napus L.) in response to low temperature
PRJNA391558,SRR5802451,flower,Normal - 3 DAI,Low temperature - Day,Comparative transcriptomic analysis for fast and slow germination speed of rapeseed (Brassica napus L.) in response to low temperature
PRJNA391558,SRR5802429,flower,Low Temperature - 3 DAI,Low temperature - Day,Comparative transcriptomic analysis for fast and slow germination speed of rapeseed (Brassica napus L.) in response to low temperature
PRJNA391558,SRR5802430,flower,Low Temperature - 3 DAI,Low temperature - Day,Comparative transcriptomic analysis for fast and slow germination speed of rapeseed (Brassica napus L.) in response to low temperature
PRJNA391558,SRR5802435,flower,Low Temperature - 3 DAI,Low temperature - Day,Comparative transcriptomic analysis for fast and slow germination speed of rapeseed (Brassica napus L.) in response to low temperature
PRJNA391558,SRR5802446,flower,Low Temperature - 3 DAI,Low temperature - Day,Comparative transcriptomic analysis for fast and slow germination speed of rapeseed (Brassica napus L.) in response to low temperature
PRJNA391558,SRR5802447,flower,Low Temperature - 3 DAI,Low temperature - Day,Comparative transcriptomic analysis for fast and slow germination speed of rapeseed (Brassica napus L.) in response to low temperature
PRJNA391558,SRR5802448,flower,Low Temperature - 3 DAI,Low temperature - Day,Comparative transcriptomic analysis for fast and slow germination speed of rapeseed (Brassica napus L.) in response to low temperature
PRJNA391558,SRR5802437,flower,Normal - 5 DAI,Low temperature - Day,Comparative transcriptomic analysis for fast and slow germination speed of rapeseed (Brassica napus L.) in response to low temperature
PRJNA391558,SRR5802438,flower,Normal - 5 DAI,Low temperature - Day,Comparative transcriptomic analysis for fast and slow germination speed of rapeseed (Brassica napus L.) in response to low temperature
PRJNA391558,SRR5802452,flower,Normal - 5 DAI,Low temperature - Day,Comparative transcriptomic analysis for fast and slow germination speed of rapeseed (Brassica napus L.) in response to low temperature
PRJNA391558,SRR5802440,flower,Low Temperature - 5 DAI,Low temperature - Day,Comparative transcriptomic analysis for fast and slow germination speed of rapeseed (Brassica napus L.) in response to low temperature
PRJNA391558,SRR5802449,flower,Low Temperature - 5 DAI,Low temperature - Day,Comparative transcriptomic analysis for fast and slow germination speed of rapeseed (Brassica napus L.) in response to low temperature
PRJNA391558,SRR5802453,flower,Low Temperature - 5 DAI,Low temperature - Day,Comparative transcriptomic analysis for fast and slow germination speed of rapeseed (Brassica napus L.) in response to low temperature
PRJNA488314,SRR7764350,Leaf,Normal,Cold - Drought - Heat,A transcriptomic survey to analyze the expression and alternative splicing in an allopolyploid under different abiotic stresses (drought, cold, Heat, and control)
PRJNA488314,SRR7764351,Leaf,Normal,Cold - Drought - Heat,A transcriptomic survey to analyze the expression and alternative splicing in an allopolyploid under different abiotic stresses (drought, cold, Heat, and control)
PRJNA488314,SRR7764352,Leaf,Normal,Cold - Drought - Heat,A transcriptomic survey to analyze the expression and alternative splicing in an allopolyploid under different abiotic stresses (drought, cold, Heat, and control)
PRJNA488314,SRR7764354,Leaf,Cold,Cold - Drought - Heat,A transcriptomic survey to analyze the expression and alternative splicing in an allopolyploid under different abiotic stresses (drought, cold, Heat, and control)
PRJNA488314,SRR7764358,Leaf,Cold,Cold - Drought - Heat,A transcriptomic survey to analyze the expression and alternative splicing in an allopolyploid under different abiotic stresses (drought, cold, Heat, and control)
PRJNA488314,SRR7764349,Leaf,Drought,Cold - Drought - Heat,A transcriptomic survey to analyze the expression and alternative splicing in an allopolyploid under different abiotic stresses (drought, cold, Heat, and control)
PRJNA488314,SRR7764355,Leaf,Drought,Cold - Drought - Heat,A transcriptomic survey to analyze the expression and alternative splicing in an allopolyploid under different abiotic stresses (drought, cold, Heat, and control)
PRJNA488314,SRR7764356,Leaf,Drought,Cold - Drought - Heat,A transcriptomic survey to analyze the expression and alternative splicing in an allopolyploid under different abiotic stresses (drought, cold, Heat, and control)
PRJNA488314,SRR7764357,Leaf,Heat,Cold - Drought - Heat,A transcriptomic survey to analyze the expression and alternative splicing in an allopolyploid under different abiotic stresses (drought, cold, Heat, and control)
PRJNA488314,SRR7764359,Leaf,Heat,Cold - Drought - Heat,A transcriptomic survey to analyze the expression and alternative splicing in an allopolyploid under different abiotic stresses (drought, cold, Heat, and control)
PRJNA488314,SRR7764360,Leaf,Heat,Cold - Drought - Heat,A transcriptomic survey to analyze the expression and alternative splicing in an allopolyploid under different abiotic stresses (drought, cold, Heat, and control)
PRJNA562064,SRR10019853,Leaf,Normal - 2℃ - C18,Low temperature (-2 to 2℃),Transcriptome Analysis of Rapeseed (Brassica napus L.) in Response to Chilling And Freezing Stress
PRJNA562064,SRR10019855,Leaf,Normal - 2℃ - C18,Low temperature (-2 to 2℃),Transcriptome Analysis of Rapeseed (Brassica napus L.) in Response to Chilling And Freezing Stress
PRJNA562064,SRR10019856,Leaf,Normal - 2℃ - C18,Low temperature (-2 to 2℃),Transcriptome Analysis of Rapeseed (Brassica napus L.) in Response to Chilling And Freezing Stress
PRJNA562064,SRR10019831,Leaf,Normal - 0℃ - C18,Low temperature (-2 to 2℃),Transcriptome Analysis of Rapeseed (Brassica napus L.) in Response to Chilling And Freezing Stress
PRJNA562064,SRR10019832,Leaf,Normal - 0℃ - C18,Low temperature (-2 to 2℃),Transcriptome Analysis of Rapeseed (Brassica napus L.) in Response to Chilling And Freezing Stress
PRJNA562064,SRR10019833,Leaf,Normal - 0℃ - C18,Low temperature (-2 to 2℃),Transcriptome Analysis of Rapeseed (Brassica napus L.) in Response to Chilling And Freezing Stress
PRJNA562064,SRR10019834,Leaf,Normal - -2℃ - C18,Low temperature (-2 to 2℃),Transcriptome Analysis of Rapeseed (Brassica napus L.) in Response to Chilling And Freezing Stress
PRJNA562064,SRR10019835,Leaf,Normal - -2℃ - C18,Low temperature (-2 to 2℃),Transcriptome Analysis of Rapeseed (Brassica napus L.) in Response to Chilling And Freezing Stress
PRJNA562064,SRR10019836,Leaf,Normal - -2℃ - C18,Low temperature (-2 to 2℃),Transcriptome Analysis of Rapeseed (Brassica napus L.) in Response to Chilling And Freezing Stress
PRJNA562064,SRR10019854,Leaf,2℃ - C18,Low temperature (-2 to 2℃),Transcriptome Analysis of Rapeseed (Brassica napus L.) in Response to Chilling And Freezing Stress
PRJNA562064,SRR10019862,Leaf,2℃ - C18,Low temperature (-2 to 2℃),Transcriptome Analysis of Rapeseed (Brassica napus L.) in Response to Chilling And Freezing Stress
PRJNA562064,SRR10019863,Leaf,2℃ - C18,Low temperature (-2 to 2℃),Transcriptome Analysis of Rapeseed (Brassica napus L.) in Response to Chilling And Freezing Stress
PRJNA562064,SRR10019840,Leaf,0℃ - C18,Low temperature (-2 to 2℃),Transcriptome Analysis of Rapeseed (Brassica napus L.) in Response to Chilling And Freezing Stress
PRJNA562064,SRR10019851,Leaf,0℃ - C18,Low temperature (-2 to 2℃),Transcriptome Analysis of Rapeseed (Brassica napus L.) in Response to Chilling And Freezing Stress
PRJNA562064,SRR10019852,Leaf,0℃ - C18,Low temperature (-2 to 2℃),Transcriptome Analysis of Rapeseed (Brassica napus L.) in Response to Chilling And Freezing Stress
PRJNA562064,SRR10019848,Leaf,-2℃ - C18,Low temperature (-2 to 2℃),Transcriptome Analysis of Rapeseed (Brassica napus L.) in Response to Chilling And Freezing Stress
PRJNA562064,SRR10019849,Leaf,-2℃ - C18,Low temperature (-2 to 2℃),Transcriptome Analysis of Rapeseed (Brassica napus L.) in Response to Chilling And Freezing Stress
PRJNA562064,SRR10019850,Leaf,-2℃ - C18,Low temperature (-2 to 2℃),Transcriptome Analysis of Rapeseed (Brassica napus L.) in Response to Chilling And Freezing Stress
PRJNA562064,SRR10019837,Leaf,Normal - 2℃ - C20,Low temperature (-2 to 2℃),Transcriptome Analysis of Rapeseed (Brassica napus L.) in Response to Chilling And Freezing Stress
PRJNA562064,SRR10019838,Leaf,Normal - 2℃ - C20,Low temperature (-2 to 2℃),Transcriptome Analysis of Rapeseed (Brassica napus L.) in Response to Chilling And Freezing Stress
PRJNA562064,SRR10019839,Leaf,Normal - 2℃ - C20,Low temperature (-2 to 2℃),Transcriptome Analysis of Rapeseed (Brassica napus L.) in Response to Chilling And Freezing Stress
PRJNA562064,SRR10019841,Leaf,Normal - 0℃ - C20,Low temperature (-2 to 2℃),Transcriptome Analysis of Rapeseed (Brassica napus L.) in Response to Chilling And Freezing Stress
PRJNA562064,SRR10019842,Leaf,Normal - 0℃ - C20,Low temperature (-2 to 2℃),Transcriptome Analysis of Rapeseed (Brassica napus L.) in Response to Chilling And Freezing Stress
PRJNA562064,SRR10019843,Leaf,Normal - 0℃ - C20,Low temperature (-2 to 2℃),Transcriptome Analysis of Rapeseed (Brassica napus L.) in Response to Chilling And Freezing Stress
PRJNA562064,SRR10019844,Leaf,Normal - -2℃ - C20,Low temperature (-2 to 2℃),Transcriptome Analysis of Rapeseed (Brassica napus L.) in Response to Chilling And Freezing Stress
PRJNA562064,SRR10019845,Leaf,Normal - -2℃ - C20,Low temperature (-2 to 2℃),Transcriptome Analysis of Rapeseed (Brassica napus L.) in Response to Chilling And Freezing Stress
PRJNA562064,SRR10019846,Leaf,Normal - -2℃ - C20,Low temperature (-2 to 2℃),Transcriptome Analysis of Rapeseed (Brassica napus L.) in Response to Chilling And Freezing Stress
PRJNA562064,SRR10019847,Leaf,2℃ - C20,Low temperature (-2 to 2℃),Transcriptome Analysis of Rapeseed (Brassica napus L.) in Response to Chilling And Freezing Stress
PRJNA562064,SRR10019860,Leaf,2℃ - C20,Low temperature (-2 to 2℃),Transcriptome Analysis of Rapeseed (Brassica napus L.) in Response to Chilling And Freezing Stress
PRJNA562064,SRR10019861,Leaf,2℃ - C20,Low temperature (-2 to 2℃),Transcriptome Analysis of Rapeseed (Brassica napus L.) in Response to Chilling And Freezing Stress
PRJNA562064,SRR10019828,Leaf,0℃ - C20,Low temperature (-2 to 2℃),Transcriptome Analysis of Rapeseed (Brassica napus L.) in Response to Chilling And Freezing Stress
PRJNA562064,SRR10019858,Leaf,0℃ - C20,Low temperature (-2 to 2℃),Transcriptome Analysis of Rapeseed (Brassica napus L.) in Response to Chilling And Freezing Stress
PRJNA562064,SRR10019859,Leaf,0℃ - C20,Low temperature (-2 to 2℃),Transcriptome Analysis of Rapeseed (Brassica napus L.) in Response to Chilling And Freezing Stress
PRJNA562064,SRR10019829,Leaf,-2℃ - C20,Low temperature (-2 to 2℃),Transcriptome Analysis of Rapeseed (Brassica napus L.) in Response to Chilling And Freezing Stress
PRJNA562064,SRR10019830,Leaf,-2℃ - C20,Low temperature (-2 to 2℃),Transcriptome Analysis of Rapeseed (Brassica napus L.) in Response to Chilling And Freezing Stress
PRJNA562064,SRR10019857,Leaf,-2℃ - C20,Low temperature (-2 to 2℃),Transcriptome Analysis of Rapeseed (Brassica napus L.) in Response to Chilling And Freezing Stress