Gene ID	Transcript ID	StringTie ID	Chr	Location	Length	Classification	Exon number
BnaA01LNG0000100	BnaA01LNG0000100.1	MSTRG.200.2	chrA01	962242-964673	2431	o	2
BnaA01LNG0000200	BnaA01LNG0000200.1	MSTRG.363.1	chrA01	2044896-2047679	2783	u	3
BnaA01LNG0000300	BnaA01LNG0000300.1	MSTRG.481.1	chrA01	2720147-2723133	2986	o	3
BnaA01LNG0000400	BnaA01LNG0000400.1	MSTRG.545.1	chrA01	3146385-3147128	743	u	1
BnaA01LNG0000500	BnaA01LNG0000500.1	MSTRG.626.1	chrA01	3762988-3763477	489	u	1
BnaA01LNG0000600	BnaA01LNG0000600.1	MSTRG.662.1	chrA01	3996023-3996547	524	u	1
BnaA01LNG0000700	BnaA01LNG0000700.1	MSTRG.727.3	chrA01	4260536-4262027	1491	o	2
BnaA01LNG0000700	BnaA01LNG0000700.2	MSTRG.727.4	chrA01	4260536-4262027	1491	o	2
BnaA01LNG0000800	BnaA01LNG0000800.1	MSTRG.835.3	chrA01	4755139-4756619	1480	o	3
BnaA01LNG0000900	BnaA01LNG0000900.1	MSTRG.972.1	chrA01	5877046-5877796	750	u	1
BnaA01LNG0001000	BnaA01LNG0001000.1	MSTRG.984.1	chrA01	5929525-5930112	587	u	1
BnaA01LNG0001100	BnaA01LNG0001100.1	MSTRG.986.1	chrA01	5941473-5941973	500	u	1
BnaA01LNG0001200	BnaA01LNG0001200.1	MSTRG.987.1	chrA01	5943352-5943675	323	u	1
BnaA01LNG0001300	BnaA01LNG0001300.1	MSTRG.995.1	chrA01	6245838-6246285	447	u	1
BnaA01LNG0001400	BnaA01LNG0001400.1	MSTRG.1067.1	chrA01	6453735-6454293	558	u	1
BnaA01LNG0001500	BnaA01LNG0001500.1	MSTRG.1093.1	chrA01	6662273-6663288	1015	u	1
BnaA01LNG0001600	BnaA01LNG0001600.1	MSTRG.1247.1	chrA01	7545335-7546258	923	u	1
BnaA01LNG0001700	BnaA01LNG0001700.1	MSTRG.1317.1	chrA01	8084051-8084598	547	u	1
BnaA01LNG0001800	BnaA01LNG0001800.1	MSTRG.1391.1	chrA01	8563437-8564867	1430	u	1
BnaA01LNG0001900	BnaA01LNG0001900.1	MSTRG.1451.1	chrA01	8936967-8939710	2743	o	3
BnaA01LNG0002000	BnaA01LNG0002000.1	MSTRG.1498.1	chrA01	9278715-9279483	768	u	1
BnaA01LNG0002100	BnaA01LNG0002100.1	MSTRG.1553.1	chrA01	9627519-9629287	1768	u	1
BnaA01LNG0002200	BnaA01LNG0002200.1	MSTRG.1564.1	chrA01	9731648-9733988	2340	u	1
BnaA01LNG0002300	BnaA01LNG0002300.1	MSTRG.1572.1	chrA01	9757925-9758233	308	u	1
BnaA01LNG0002400	BnaA01LNG0002400.1	MSTRG.1578.1	chrA01	9799677-9800093	416	u	1
BnaA01LNG0002500	BnaA01LNG0002500.1	MSTRG.1635.1	chrA01	10264953-10265965	1012	u	1
BnaA01LNG0002600	BnaA01LNG0002600.1	MSTRG.1649.1	chrA01	10378034-10381102	3068	u	1
BnaA01LNG0002700	BnaA01LNG0002700.1	MSTRG.1680.1	chrA01	10581980-10582963	983	u	1
BnaA01LNG0002800	BnaA01LNG0002800.1	MSTRG.1811.1	chrA01	12171543-12172451	908	u	1
BnaA01LNG0002900	BnaA01LNG0002900.1	MSTRG.1867.2	chrA01	12737221-12739111	1890	o	5
BnaA01LNG0003000	BnaA01LNG0003000.1	MSTRG.1865.1	chrA01	12749620-12750702	1082	u	1
BnaA01LNG0003100	BnaA01LNG0003100.1	MSTRG.1878.1	chrA01	12812627-12816499	3872	u	1
BnaA01LNG0003200	BnaA01LNG0003200.1	MSTRG.1878.3	chrA01	12812845-12816499	3654	u	2
BnaA01LNG0003300	BnaA01LNG0003300.1	MSTRG.1880.1	chrA01	12825667-12828037	2370	o	2
BnaA01LNG0003400	BnaA01LNG0003400.1	MSTRG.2061.1	chrA01	14921937-14924293	2356	u	1
BnaA01LNG0003500	BnaA01LNG0003500.1	MSTRG.2153.1	chrA01	15710105-15710377	272	u	1
BnaA01LNG0003600	BnaA01LNG0003600.1	MSTRG.2278.1	chrA01	16674393-16675383	990	u	1
BnaA01LNG0003700	BnaA01LNG0003700.1	MSTRG.2342.1	chrA01	17117829-17120848	3019	o	4
BnaA01LNG0003800	BnaA01LNG0003800.1	MSTRG.2378.1	chrA01	17445535-17446609	1074	u	1
BnaA01LNG0003900	BnaA01LNG0003900.1	MSTRG.2381.1	chrA01	17453080-17453587	507	u	1
BnaA01LNG0004000	BnaA01LNG0004000.1	MSTRG.2406.1	chrA01	17556839-17557099	260	u	1
BnaA01LNG0004100	BnaA01LNG0004100.1	MSTRG.2416.1	chrA01	17602940-17612755	9815	u	1
BnaA01LNG0004200	BnaA01LNG0004200.1	MSTRG.2491.1	chrA01	18158235-18163710	5475	u	1
BnaA01LNG0004300	BnaA01LNG0004300.1	MSTRG.2504.1	chrA01	18249906-18250355	449	u	1
BnaA01LNG0004400	BnaA01LNG0004400.1	MSTRG.2520.1	chrA01	18326346-18327642	1296	u	1
BnaA01LNG0004500	BnaA01LNG0004500.1	MSTRG.2618.1	chrA01	19105686-19107435	1749	u	1
BnaA01LNG0004600	BnaA01LNG0004600.1	MSTRG.2686.1	chrA01	19582363-19582849	486	u	1
BnaA01LNG0004700	BnaA01LNG0004700.1	MSTRG.2745.1	chrA01	19911838-19913508	1670	u	1
BnaA01LNG0004800	BnaA01LNG0004800.1	MSTRG.2749.1	chrA01	19937396-19938891	1495	u	1
BnaA01LNG0004900	BnaA01LNG0004900.1	MSTRG.2759.1	chrA01	19969438-19973733	4295	u	1
BnaA01LNG0005000	BnaA01LNG0005000.1	MSTRG.2808.1	chrA01	20196974-20197884	910	u	1
BnaA01LNG0005100	BnaA01LNG0005100.1	MSTRG.2830.1	chrA01	20335761-20337342	1581	u	1
BnaA01LNG0005200	BnaA01LNG0005200.1	MSTRG.2832.1	chrA01	20376979-20378045	1066	u	1
BnaA01LNG0005300	BnaA01LNG0005300.1	MSTRG.2866.1	chrA01	20554803-20555327	524	u	1
BnaA01LNG0005400	BnaA01LNG0005400.1	MSTRG.2919.1	chrA01	20739824-20740566	742	x	2
BnaA01LNG0005500	BnaA01LNG0005500.1	MSTRG.2890.1	chrA01	20756484-20758267	1783	u	1
BnaA01LNG0005600	BnaA01LNG0005600.1	MSTRG.3019.1	chrA01	21574358-21575055	697	i	2
BnaA01LNG0005700	BnaA01LNG0005700.1	MSTRG.3040.5	chrA01	21707328-21708544	1216	o	4
BnaA01LNG0005800	BnaA01LNG0005800.1	MSTRG.3027.1	chrA01	21788953-21789684	731	u	1
BnaA01LNG0005900	BnaA01LNG0005900.1	MSTRG.3083.1	chrA01	22148655-22149168	513	u	1
BnaA01LNG0006000	BnaA01LNG0006000.1	MSTRG.3139.1	chrA01	22637336-22638236	900	u	1
BnaA01LNG0006100	BnaA01LNG0006100.1	MSTRG.3147.1	chrA01	22752218-22753627	1409	u	1
BnaA01LNG0006200	BnaA01LNG0006200.1	MSTRG.3206.1	chrA01_random	12373-13434	1061	u	1
BnaA01LNG0006300	BnaA01LNG0006300.1	MSTRG.3240.1	chrA01_random	168932-174833	5901	u	1
BnaA01LNG0006400	BnaA01LNG0006400.1	MSTRG.3241.1	chrA01_random	183092-183800	708	u	1
BnaA01LNG0006500	BnaA01LNG0006500.1	MSTRG.3243.1	chrA01_random	189253-190619	1366	u	1
BnaA01LNG0006600	BnaA01LNG0006600.1	MSTRG.3344.1	chrA01_random	923395-923690	295	u	1
BnaA01LNG0006700	BnaA01LNG0006700.1	MSTRG.3370.1	chrA01_random	1321588-1323744	2156	u	1
BnaA01LNG0006800	BnaA01LNG0006800.1	MSTRG.3382.1	chrA01_random	1473477-1476546	3069	o	2
BnaA01LNG0006900	BnaA01LNG0006900.1	MSTRG.3382.4	chrA01_random	1474497-1476546	2049	o	2
BnaA01LNG0007000	BnaA01LNG0007000.1	MSTRG.3468.1	chrA01_random	2062303-2062998	695	u	1
BnaA02LNG0000100	BnaA02LNG0000100.1	MSTRG.3686.2	chrA02	907469-908617	1148	o	2
BnaA02LNG0000200	BnaA02LNG0000200.1	MSTRG.3927.1	chrA02	2002469-2003197	728	u	1
BnaA02LNG0000300	BnaA02LNG0000300.1	MSTRG.3936.1	chrA02	2041854-2042711	857	u	1
BnaA02LNG0000400	BnaA02LNG0000400.1	MSTRG.4002.4	chrA02	2446179-2448218	2039	o	3
BnaA02LNG0000500	BnaA02LNG0000500.1	MSTRG.4023.1	chrA02	2627694-2628319	625	u	1
BnaA02LNG0000600	BnaA02LNG0000600.1	MSTRG.4214.1	chrA02	3890532-3892209	1677	u	1
BnaA02LNG0000700	BnaA02LNG0000700.1	MSTRG.4224.1	chrA02	3955563-3956317	754	u	1
BnaA02LNG0000800	BnaA02LNG0000800.1	MSTRG.4231.1	chrA02	3978016-3978841	825	u	1
BnaA02LNG0000900	BnaA02LNG0000900.1	MSTRG.4232.1	chrA02	3980585-3980890	305	u	1
BnaA02LNG0001000	BnaA02LNG0001000.1	MSTRG.4273.1	chrA02	4333973-4334507	534	u	1
BnaA02LNG0001100	BnaA02LNG0001100.1	MSTRG.4365.1	chrA02	4800940-4801293	353	u	1
BnaA02LNG0001200	BnaA02LNG0001200.1	MSTRG.4435.1	chrA02	5174721-5176784	2063	u	1
BnaA02LNG0001300	BnaA02LNG0001300.1	MSTRG.4454.1	chrA02	5281519-5281884	365	u	1
BnaA02LNG0001400	BnaA02LNG0001400.1	MSTRG.4455.1	chrA02	5282167-5282687	520	u	1
BnaA02LNG0001500	BnaA02LNG0001500.1	MSTRG.4466.1	chrA02	5310563-5311426	863	u	1
BnaA02LNG0001600	BnaA02LNG0001600.1	MSTRG.4641.1	chrA02	6474131-6474816	685	u	1
BnaA02LNG0001700	BnaA02LNG0001700.1	MSTRG.4667.1	chrA02	6653830-6654217	387	u	1
BnaA02LNG0001800	BnaA02LNG0001800.1	MSTRG.4668.1	chrA02	6656513-6656898	385	u	1
BnaA02LNG0001900	BnaA02LNG0001900.1	MSTRG.4681.1	chrA02	6740493-6741284	791	u	1
BnaA02LNG0002000	BnaA02LNG0002000.1	MSTRG.4682.1	chrA02	6741711-6742712	1001	u	1
BnaA02LNG0002100	BnaA02LNG0002100.1	MSTRG.4706.1	chrA02	6880834-6881089	255	u	1
BnaA02LNG0002200	BnaA02LNG0002200.1	MSTRG.4710.1	chrA02	6945745-6946226	481	u	1
BnaA02LNG0002300	BnaA02LNG0002300.1	MSTRG.4850.1	chrA02	7740437-7741624	1187	u	1
BnaA02LNG0002400	BnaA02LNG0002400.1	MSTRG.4902.1	chrA02	8151522-8151939	417	u	1
BnaA02LNG0002500	BnaA02LNG0002500.1	MSTRG.4963.1	chrA02	8521326-8522082	756	u	1
BnaA02LNG0002600	BnaA02LNG0002600.1	MSTRG.5049.1	chrA02	9074132-9075129	997	u	1
BnaA02LNG0002700	BnaA02LNG0002700.1	MSTRG.5051.1	chrA02	9083115-9083800	685	u	1
BnaA02LNG0002800	BnaA02LNG0002800.1	MSTRG.5069.1	chrA02	9169761-9170675	914	u	1
BnaA02LNG0002900	BnaA02LNG0002900.1	MSTRG.5152.1	chrA02	9755521-9756212	691	u	1
BnaA02LNG0003000	BnaA02LNG0003000.1	MSTRG.5165.1	chrA02	9831624-9838680	7056	u	1
BnaA02LNG0003100	BnaA02LNG0003100.1	MSTRG.5236.1	chrA02	10427548-10428131	583	u	1
BnaA02LNG0003200	BnaA02LNG0003200.1	MSTRG.5307.1	chrA02	10737142-10737526	384	u	1
BnaA02LNG0003300	BnaA02LNG0003300.1	MSTRG.5438.1	chrA02	11847131-11847511	380	u	1
BnaA02LNG0003400	BnaA02LNG0003400.1	MSTRG.5485.1	chrA02	12061924-12063203	1279	u	1
BnaA02LNG0003500	BnaA02LNG0003500.1	MSTRG.5559.1	chrA02	12487331-12487542	211	u	1
BnaA02LNG0003600	BnaA02LNG0003600.1	MSTRG.5565.1	chrA02	12547548-12547928	380	u	1
BnaA02LNG0003700	BnaA02LNG0003700.1	MSTRG.5582.1	chrA02	12601387-12601750	363	u	1
BnaA02LNG0003800	BnaA02LNG0003800.1	MSTRG.5583.1	chrA02	12610942-12611744	802	u	1
BnaA02LNG0003900	BnaA02LNG0003900.1	MSTRG.5585.1	chrA02	12650871-12651982	1111	u	1
BnaA02LNG0004000	BnaA02LNG0004000.1	MSTRG.5633.1	chrA02	13121942-13122313	371	u	1
BnaA02LNG0004100	BnaA02LNG0004100.1	MSTRG.5668.1	chrA02	13443244-13443714	470	u	1
BnaA02LNG0004200	BnaA02LNG0004200.1	MSTRG.5719.1	chrA02	13914208-13915310	1102	u	1
BnaA02LNG0004300	BnaA02LNG0004300.1	MSTRG.5859.1	chrA02	15120279-15121001	722	u	1
BnaA02LNG0004400	BnaA02LNG0004400.1	MSTRG.5880.1	chrA02	15283640-15284579	939	u	1
BnaA02LNG0004500	BnaA02LNG0004500.1	MSTRG.5882.1	chrA02	15289131-15289565	434	u	1
BnaA02LNG0004600	BnaA02LNG0004600.1	MSTRG.5936.1	chrA02	15807607-15810186	2579	u	1
BnaA02LNG0004700	BnaA02LNG0004700.1	MSTRG.6185.1	chrA02	18223428-18224712	1284	u	1
BnaA02LNG0004800	BnaA02LNG0004800.1	MSTRG.6282.1	chrA02	18978097-18984527	6430	u	1
BnaA02LNG0004900	BnaA02LNG0004900.1	MSTRG.6312.1	chrA02	19128555-19130437	1882	u	1
BnaA02LNG0005000	BnaA02LNG0005000.1	MSTRG.6409.1	chrA02	19771174-19771856	682	u	1
BnaA02LNG0005100	BnaA02LNG0005100.1	MSTRG.6410.1	chrA02	19772612-19773021	409	u	1
BnaA02LNG0005200	BnaA02LNG0005200.1	MSTRG.6423.1	chrA02	19810383-19810601	218	u	1
BnaA02LNG0005300	BnaA02LNG0005300.1	MSTRG.6590.1	chrA02	20851998-20852511	513	u	1
BnaA02LNG0005400	BnaA02LNG0005400.1	MSTRG.6614.1	chrA02	20989988-20990488	500	u	1
BnaA02LNG0005500	BnaA02LNG0005500.1	MSTRG.6623.1	chrA02	21022690-21022991	301	u	1
BnaA02LNG0005600	BnaA02LNG0005600.1	MSTRG.6637.1	chrA02	21104238-21106427	2189	u	2
BnaA02LNG0005700	BnaA02LNG0005700.1	MSTRG.6935.1	chrA02	22978147-22979847	1700	u	1
BnaA02LNG0005800	BnaA02LNG0005800.1	MSTRG.6949.1	chrA02	23026421-23028720	2299	u	1
BnaA02LNG0005900	BnaA02LNG0005900.1	MSTRG.6967.1	chrA02	23117234-23117608	374	u	1
BnaA02LNG0006000	BnaA02LNG0006000.1	MSTRG.7012.1	chrA02	23493629-23494385	756	u	1
BnaA02LNG0006100	BnaA02LNG0006100.1	MSTRG.7119.1	chrA02	24345619-24346410	791	u	1
BnaA02LNG0006200	BnaA02LNG0006200.1	MSTRG.7284.1	chrA02_random	385343-385781	438	u	1
BnaA02LNG0006300	BnaA02LNG0006300.1	MSTRG.7318.1	chrA02_random	576582-577097	515	u	1
BnaA02LNG0006400	BnaA02LNG0006400.1	MSTRG.7325.1	chrA02_random	607055-607370	315	u	1
BnaA02LNG0006500	BnaA02LNG0006500.1	MSTRG.7393.1	chrA02_random	1066223-1066795	572	u	1
BnaA03LNG0000100	BnaA03LNG0000100.1	MSTRG.7692.1	chrA03	1439121-1439437	316	i	1
BnaA03LNG0000200	BnaA03LNG0000200.1	MSTRG.7815.1	chrA03	2089142-2092759	3617	u	3
BnaA03LNG0000300	BnaA03LNG0000300.1	MSTRG.7941.1	chrA03	2771337-2771579	242	u	1
BnaA03LNG0000400	BnaA03LNG0000400.1	MSTRG.8041.1	chrA03	3303780-3304266	486	u	1
BnaA03LNG0000500	BnaA03LNG0000500.1	MSTRG.8081.2	chrA03	3479527-3479935	408	o	2
BnaA03LNG0000600	BnaA03LNG0000600.1	MSTRG.8083.1	chrA03	3488961-3489559	598	u	2
BnaA03LNG0000700	BnaA03LNG0000700.1	MSTRG.8311.2	chrA03	5039471-5040198	727	o	2
BnaA03LNG0000800	BnaA03LNG0000800.1	MSTRG.8391.1	chrA03	5180137-5180938	801	u	1
BnaA03LNG0000900	BnaA03LNG0000900.1	MSTRG.8416.1	chrA03	5289605-5290624	1019	u	1
BnaA03LNG0001000	BnaA03LNG0001000.1	MSTRG.8420.1	chrA03	5308495-5308988	493	u	1
BnaA03LNG0001100	BnaA03LNG0001100.1	MSTRG.8465.1	chrA03	5513675-5513982	307	u	1
BnaA03LNG0001200	BnaA03LNG0001200.1	MSTRG.8469.1	chrA03	5532846-5533208	362	u	1
BnaA03LNG0001300	BnaA03LNG0001300.1	MSTRG.8604.1	chrA03	6257759-6258290	531	u	1
BnaA03LNG0001400	BnaA03LNG0001400.1	MSTRG.8644.1	chrA03	6386555-6388972	2417	o	2
BnaA03LNG0001500	BnaA03LNG0001500.1	MSTRG.8649.1	chrA03	6406069-6407491	1422	o	2
BnaA03LNG0001600	BnaA03LNG0001600.1	MSTRG.8687.1	chrA03	6628935-6630044	1109	u	1
BnaA03LNG0001700	BnaA03LNG0001700.1	MSTRG.8827.1	chrA03	7889812-7890943	1131	u	1
BnaA03LNG0001800	BnaA03LNG0001800.1	MSTRG.8839.1	chrA03	7927907-7928660	753	u	1
BnaA03LNG0001900	BnaA03LNG0001900.1	MSTRG.8955.1	chrA03	8131768-8133380	1612	u	1
BnaA03LNG0002000	BnaA03LNG0002000.1	MSTRG.9000.1	chrA03	8347191-8347656	465	u	1
BnaA03LNG0002100	BnaA03LNG0002100.1	MSTRG.9096.1	chrA03	8916222-8916778	556	u	1
BnaA03LNG0002200	BnaA03LNG0002200.1	MSTRG.9167.1	chrA03	9255883-9258126	2243	u	1
BnaA03LNG0002300	BnaA03LNG0002300.1	MSTRG.9299.1	chrA03	9942191-9943566	1375	o	2
BnaA03LNG0002400	BnaA03LNG0002400.1	MSTRG.9284.2	chrA03	9983981-9985337	1356	u	2
BnaA03LNG0002500	BnaA03LNG0002500.1	MSTRG.9311.1	chrA03	10077500-10078773	1273	u	1
BnaA03LNG0002600	BnaA03LNG0002600.1	MSTRG.9383.1	chrA03	10408161-10408907	746	u	2
BnaA03LNG0002700	BnaA03LNG0002700.1	MSTRG.9391.1	chrA03	10464620-10466592	1972	u	1
BnaA03LNG0002800	BnaA03LNG0002800.1	MSTRG.9419.1	chrA03	10628939-10629238	299	u	1
BnaA03LNG0002900	BnaA03LNG0002900.1	MSTRG.9532.1	chrA03	11216178-11216429	251	u	1
BnaA03LNG0003000	BnaA03LNG0003000.1	MSTRG.9574.1	chrA03	11461506-11465825	4319	u	2
BnaA03LNG0003100	BnaA03LNG0003100.1	MSTRG.9580.1	chrA03	11487520-11488540	1020	o	2
BnaA03LNG0003200	BnaA03LNG0003200.1	MSTRG.9583.1	chrA03	11509712-11510371	659	u	1
BnaA03LNG0003300	BnaA03LNG0003300.1	MSTRG.9625.1	chrA03	11733352-11733670	318	u	1
BnaA03LNG0003400	BnaA03LNG0003400.1	MSTRG.9630.1	chrA03	11748725-11749460	735	u	1
BnaA03LNG0003500	BnaA03LNG0003500.1	MSTRG.9685.1	chrA03	12048872-12050088	1216	u	1
BnaA03LNG0003600	BnaA03LNG0003600.1	MSTRG.9775.1	chrA03	12571771-12572915	1144	u	2
BnaA03LNG0003700	BnaA03LNG0003700.1	MSTRG.9828.1	chrA03	12937247-12937474	227	u	1
BnaA03LNG0003800	BnaA03LNG0003800.1	MSTRG.9938.1	chrA03	13567459-13567852	393	i	1
BnaA03LNG0003900	BnaA03LNG0003900.1	MSTRG.10061.1	chrA03	14211537-14213502	1965	x	2
BnaA03LNG0004000	BnaA03LNG0004000.1	MSTRG.10110.2	chrA03	14420598-14421221	623	o	2
BnaA03LNG0004100	BnaA03LNG0004100.1	MSTRG.10299.1	chrA03	15438589-15438858	269	u	1
BnaA03LNG0004200	BnaA03LNG0004200.1	MSTRG.10334.1	chrA03	15627734-15628238	504	u	1
BnaA03LNG0004300	BnaA03LNG0004300.1	MSTRG.10420.1	chrA03	16181050-16182429	1379	u	1
BnaA03LNG0004400	BnaA03LNG0004400.1	MSTRG.10446.1	chrA03	16239724-16240548	824	u	1
BnaA03LNG0004500	BnaA03LNG0004500.1	MSTRG.10506.1	chrA03	16577965-16578746	781	u	1
BnaA03LNG0004600	BnaA03LNG0004600.1	MSTRG.10546.1	chrA03	16813459-16814466	1007	o	2
BnaA03LNG0004700	BnaA03LNG0004700.1	MSTRG.10582.1	chrA03	17001730-17002061	331	u	1
BnaA03LNG0004800	BnaA03LNG0004800.1	MSTRG.10593.1	chrA03	17027671-17028439	768	u	1
BnaA03LNG0004900	BnaA03LNG0004900.1	MSTRG.10659.1	chrA03	17315958-17321600	5642	u	2
BnaA03LNG0005000	BnaA03LNG0005000.1	MSTRG.10707.1	chrA03	17597268-17598867	1599	u	1
BnaA03LNG0005100	BnaA03LNG0005100.1	MSTRG.10734.1	chrA03	17751029-17751674	645	u	1
BnaA03LNG0005200	BnaA03LNG0005200.1	MSTRG.10762.1	chrA03	18008230-18010053	1823	u	1
BnaA03LNG0005300	BnaA03LNG0005300.1	MSTRG.10828.1	chrA03	18347262-18348134	872	u	1
BnaA03LNG0005400	BnaA03LNG0005400.1	MSTRG.10909.2	chrA03	18828486-18830312	1826	o	2
BnaA03LNG0005500	BnaA03LNG0005500.1	MSTRG.10931.1	chrA03	18974429-18975768	1339	u	1
BnaA03LNG0005600	BnaA03LNG0005600.1	MSTRG.10966.1	chrA03	19249348-19249551	203	u	1
BnaA03LNG0005700	BnaA03LNG0005700.1	MSTRG.10988.1	chrA03	19317079-19319402	2323	u	1
BnaA03LNG0005800	BnaA03LNG0005800.1	MSTRG.11120.1	chrA03	20072897-20073236	339	u	1
BnaA03LNG0005900	BnaA03LNG0005900.1	MSTRG.11157.1	chrA03	20260212-20260734	522	u	1
BnaA03LNG0006000	BnaA03LNG0006000.1	MSTRG.11161.1	chrA03	20292026-20293148	1122	u	1
BnaA03LNG0006100	BnaA03LNG0006100.1	MSTRG.11251.1	chrA03	20694775-20695154	379	u	1
BnaA03LNG0006200	BnaA03LNG0006200.1	MSTRG.11327.1	chrA03	21098973-21099452	479	u	1
BnaA03LNG0006300	BnaA03LNG0006300.1	MSTRG.11360.1	chrA03	21239459-21240078	619	u	1
BnaA03LNG0006400	BnaA03LNG0006400.1	MSTRG.11382.1	chrA03	21345048-21345925	877	u	1
BnaA03LNG0006500	BnaA03LNG0006500.1	MSTRG.11437.1	chrA03	21613564-21613969	405	u	1
BnaA03LNG0006600	BnaA03LNG0006600.1	MSTRG.11478.1	chrA03	21830122-21831240	1118	u	1
BnaA03LNG0006700	BnaA03LNG0006700.1	MSTRG.11502.1	chrA03	21968735-21969550	815	u	1
BnaA03LNG0006800	BnaA03LNG0006800.1	MSTRG.11559.1	chrA03	22289712-22291851	2139	o	3
BnaA03LNG0006900	BnaA03LNG0006900.1	MSTRG.11615.1	chrA03	22778991-22779848	857	u	1
BnaA03LNG0007000	BnaA03LNG0007000.1	MSTRG.11624.1	chrA03	22819053-22820414	1361	i	2
BnaA03LNG0007100	BnaA03LNG0007100.1	MSTRG.12043.1	chrA03	25525430-25526872	1442	u	2
BnaA03LNG0007200	BnaA03LNG0007200.1	MSTRG.12123.1	chrA03	26012701-26014043	1342	u	1
BnaA03LNG0007300	BnaA03LNG0007300.1	MSTRG.12113.1	chrA03	26139577-26141299	1722	u	1
BnaA03LNG0007400	BnaA03LNG0007400.1	MSTRG.12140.1	chrA03	26210422-26210823	401	u	1
BnaA03LNG0007500	BnaA03LNG0007500.1	MSTRG.12224.1	chrA03	26659134-26659953	819	u	1
BnaA03LNG0007600	BnaA03LNG0007600.1	MSTRG.12269.1	chrA03	27160931-27161268	337	u	1
BnaA03LNG0007700	BnaA03LNG0007700.1	MSTRG.12303.1	chrA03	27162890-27165410	2520	u	1
BnaA03LNG0007800	BnaA03LNG0007800.1	MSTRG.12312.1	chrA03	27230959-27231791	832	u	1
BnaA03LNG0007900	BnaA03LNG0007900.1	MSTRG.12335.1	chrA03	27353987-27355049	1062	u	1
BnaA03LNG0008000	BnaA03LNG0008000.1	MSTRG.12399.1	chrA03	27732485-27733709	1224	u	1
BnaA03LNG0008100	BnaA03LNG0008100.1	MSTRG.12416.2	chrA03	27884666-27886871	2205	u	2
BnaA03LNG0008200	BnaA03LNG0008200.1	MSTRG.12445.1	chrA03	28075343-28075849	506	i	1
BnaA03LNG0008300	BnaA03LNG0008300.1	MSTRG.12473.1	chrA03	28316238-28316692	454	u	1
BnaA03LNG0008400	BnaA03LNG0008400.1	MSTRG.12504.1	chrA03	28581021-28583853	2832	u	1
BnaA03LNG0008500	BnaA03LNG0008500.1	MSTRG.12559.1	chrA03	28985844-28986209	365	u	1
BnaA03LNG0008600	BnaA03LNG0008600.1	MSTRG.12583.1	chrA03	29154892-29155127	235	u	1
BnaA03LNG0008700	BnaA03LNG0008700.1	MSTRG.12592.1	chrA03	29337455-29340796	3341	u	1
BnaA03LNG0008800	BnaA03LNG0008800.1	MSTRG.12606.1	chrA03	29513646-29514151	505	u	1
BnaA03LNG0008900	BnaA03LNG0008900.1	MSTRG.12730.1	chrA03_random	635941-639279	3338	u	2
BnaA03LNG0008900	BnaA03LNG0008900.2	MSTRG.12730.2	chrA03_random	635941-639279	3338	u	2
BnaA03LNG0009000	BnaA03LNG0009000.1	MSTRG.12810.1	chrA03_random	944321-946088	1767	u	2
BnaA03LNG0009100	BnaA03LNG0009100.1	MSTRG.12843.1	chrA03_random	1089293-1089889	596	u	1
BnaA03LNG0009200	BnaA03LNG0009200.1	MSTRG.12970.1	chrA03_random	1764228-1764945	717	u	1
BnaA03LNG0009300	BnaA03LNG0009300.1	MSTRG.12972.1	chrA03_random	1778457-1780587	2130	u	1
BnaA03LNG0009400	BnaA03LNG0009400.1	MSTRG.12990.1	chrA03_random	1798118-1798979	861	u	1
BnaA03LNG0009500	BnaA03LNG0009500.1	MSTRG.13040.1	chrA03_random	2138905-2145811	6906	u	1
BnaA03LNG0009600	BnaA03LNG0009600.1	MSTRG.13048.1	chrA03_random	2183371-2184656	1285	u	1
BnaA03LNG0009700	BnaA03LNG0009700.1	MSTRG.13057.1	chrA03_random	2235218-2235883	665	u	1
BnaA03LNG0009800	BnaA03LNG0009800.1	MSTRG.13068.1	chrA03_random	2265587-2266702	1115	u	1
BnaA03LNG0009900	BnaA03LNG0009900.1	MSTRG.13116.1	chrA03_random	3297211-3298266	1055	u	1
BnaA03LNG0010000	BnaA03LNG0010000.1	MSTRG.13147.1	chrA03_random	3596692-3598753	2061	u	1
BnaA03LNG0010100	BnaA03LNG0010100.1	MSTRG.13155.1	chrA03_random	3718204-3718757	553	u	1
BnaA03LNG0010200	BnaA03LNG0010200.1	MSTRG.13232.1	chrA03_random	4529427-4533286	3859	u	1
BnaA03LNG0010300	BnaA03LNG0010300.1	MSTRG.13237.1	chrA03_random	4582080-4583072	992	u	1
BnaA03LNG0010400	BnaA03LNG0010400.1	MSTRG.13269.1	chrA03_random	4845515-4846732	1217	u	1
BnaA03LNG0010500	BnaA03LNG0010500.1	MSTRG.13272.1	chrA03_random	4863804-4865897	2093	u	1
BnaA03LNG0010600	BnaA03LNG0010600.1	MSTRG.13310.1	chrA03_random	5303647-5305797	2150	u	1
BnaA03LNG0010700	BnaA03LNG0010700.1	MSTRG.13328.1	chrA03_random	5627605-5628203	598	u	1
BnaA04LNG0000100	BnaA04LNG0000100.1	MSTRG.13591.1	chrA04	1466434-1466844	410	u	1
BnaA04LNG0000200	BnaA04LNG0000200.1	MSTRG.13669.1	chrA04	2057457-2058146	689	u	1
BnaA04LNG0000300	BnaA04LNG0000300.1	MSTRG.13687.1	chrA04	2113741-2115752	2011	u	1
BnaA04LNG0000400	BnaA04LNG0000400.1	MSTRG.13837.1	chrA04	3375366-3377403	2037	u	1
BnaA04LNG0000500	BnaA04LNG0000500.1	MSTRG.13902.1	chrA04	3796995-3797417	422	u	1
BnaA04LNG0000600	BnaA04LNG0000600.1	MSTRG.13911.1	chrA04	3894514-3898880	4366	u	1
BnaA04LNG0000700	BnaA04LNG0000700.1	MSTRG.13935.1	chrA04	4037024-4037591	567	u	1
BnaA04LNG0000800	BnaA04LNG0000800.1	MSTRG.14015.1	chrA04	4568314-4569768	1454	u	1
BnaA04LNG0000900	BnaA04LNG0000900.1	MSTRG.14032.1	chrA04	4628398-4628759	361	u	1
BnaA04LNG0001000	BnaA04LNG0001000.1	MSTRG.14064.1	chrA04	4990314-4990903	589	u	1
BnaA04LNG0001100	BnaA04LNG0001100.1	MSTRG.14078.1	chrA04	5110268-5111092	824	u	1
BnaA04LNG0001200	BnaA04LNG0001200.1	MSTRG.14083.1	chrA04	5133868-5135075	1207	u	1
BnaA04LNG0001300	BnaA04LNG0001300.1	MSTRG.14089.1	chrA04	5223826-5224852	1026	u	1
BnaA04LNG0001400	BnaA04LNG0001400.1	MSTRG.14112.1	chrA04	5353193-5353874	681	u	1
BnaA04LNG0001500	BnaA04LNG0001500.1	MSTRG.14120.1	chrA04	5387524-5388460	936	u	1
BnaA04LNG0001600	BnaA04LNG0001600.1	MSTRG.14127.1	chrA04	5665285-5666248	963	u	1
BnaA04LNG0001700	BnaA04LNG0001700.1	MSTRG.14166.1	chrA04	5830512-5830965	453	u	1
BnaA04LNG0001800	BnaA04LNG0001800.1	MSTRG.14174.1	chrA04	5872518-5873111	593	u	1
BnaA04LNG0001900	BnaA04LNG0001900.1	MSTRG.14288.1	chrA04	6952872-6953618	746	u	1
BnaA04LNG0002000	BnaA04LNG0002000.1	MSTRG.14383.1	chrA04	7771771-7772491	720	u	1
BnaA04LNG0002100	BnaA04LNG0002100.1	MSTRG.14460.1	chrA04	8252065-8254121	2056	u	1
BnaA04LNG0002200	BnaA04LNG0002200.1	MSTRG.14461.1	chrA04	8255914-8256380	466	u	1
BnaA04LNG0002300	BnaA04LNG0002300.1	MSTRG.14477.1	chrA04	8354602-8354855	253	u	1
BnaA04LNG0002400	BnaA04LNG0002400.1	MSTRG.14499.1	chrA04	8549071-8551575	2504	u	1
BnaA04LNG0002500	BnaA04LNG0002500.1	MSTRG.14568.1	chrA04	9034272-9034930	658	u	1
BnaA04LNG0002600	BnaA04LNG0002600.1	MSTRG.14595.1	chrA04	9254769-9255450	681	u	1
BnaA04LNG0002700	BnaA04LNG0002700.1	MSTRG.14658.1	chrA04	9582201-9582465	264	u	1
BnaA04LNG0002800	BnaA04LNG0002800.1	MSTRG.14732.1	chrA04	10085207-10086120	913	u	1
BnaA04LNG0002900	BnaA04LNG0002900.1	MSTRG.14827.1	chrA04	10754824-10757281	2457	u	2
BnaA04LNG0003000	BnaA04LNG0003000.1	MSTRG.14857.1	chrA04	10890582-10890987	405	u	1
BnaA04LNG0003100	BnaA04LNG0003100.1	MSTRG.14896.1	chrA04	11118682-11119545	863	u	1
BnaA04LNG0003200	BnaA04LNG0003200.1	MSTRG.14912.1	chrA04	11315285-11316045	760	u	1
BnaA04LNG0003300	BnaA04LNG0003300.1	MSTRG.14933.1	chrA04	11464720-11465652	932	u	1
BnaA04LNG0003400	BnaA04LNG0003400.1	MSTRG.14940.1	chrA04	11491157-11492788	1631	u	2
BnaA04LNG0003500	BnaA04LNG0003500.1	MSTRG.14967.1	chrA04	11672492-11674678	2186	u	1
BnaA04LNG0003600	BnaA04LNG0003600.1	MSTRG.15003.1	chrA04	11912834-11913925	1091	u	1
BnaA04LNG0003700	BnaA04LNG0003700.1	MSTRG.15005.1	chrA04	11917045-11917571	526	u	1
BnaA04LNG0003800	BnaA04LNG0003800.1	MSTRG.15031.1	chrA04	12045626-12046853	1227	u	1
BnaA04LNG0003900	BnaA04LNG0003900.1	MSTRG.15214.1	chrA04	13090275-13093159	2884	u	1
BnaA04LNG0004000	BnaA04LNG0004000.1	MSTRG.15217.1	chrA04	13101187-13102355	1168	u	1
BnaA04LNG0004100	BnaA04LNG0004100.1	MSTRG.15324.1	chrA04	13780168-13781048	880	u	1
BnaA04LNG0004200	BnaA04LNG0004200.1	MSTRG.15487.1	chrA04	14815939-14816767	828	u	1
BnaA04LNG0004300	BnaA04LNG0004300.1	MSTRG.15598.1	chrA04	15466985-15468458	1473	o	2
BnaA04LNG0004400	BnaA04LNG0004400.1	MSTRG.15637.1	chrA04	15662448-15667988	5540	u	1
BnaA04LNG0004500	BnaA04LNG0004500.1	MSTRG.15638.1	chrA04	15668205-15668896	691	u	1
BnaA04LNG0004600	BnaA04LNG0004600.1	MSTRG.15677.1	chrA04	15836864-15838956	2092	u	2
BnaA04LNG0004700	BnaA04LNG0004700.1	MSTRG.15692.1	chrA04	15976565-15978132	1567	u	1
BnaA04LNG0004800	BnaA04LNG0004800.1	MSTRG.15963.1	chrA04	17605487-17606365	878	u	1
BnaA04LNG0004900	BnaA04LNG0004900.1	MSTRG.15964.1	chrA04	17607607-17608343	736	u	1
BnaA04LNG0005000	BnaA04LNG0005000.1	MSTRG.16054.1	chrA04	18174688-18175304	616	u	1
BnaA04LNG0005100	BnaA04LNG0005100.1	MSTRG.16298.1	chrA04_random	170185-170715	530	u	1
BnaA04LNG0005200	BnaA04LNG0005200.1	MSTRG.16320.1	chrA04_random	321345-322838	1493	u	1
BnaA04LNG0005300	BnaA04LNG0005300.1	MSTRG.16383.1	chrA04_random	633684-634280	596	u	1
BnaA04LNG0005400	BnaA04LNG0005400.1	MSTRG.16409.1	chrA04_random	763727-765287	1560	u	1
BnaA05LNG0000100	BnaA05LNG0000100.1	MSTRG.16624.1	chrA05	612681-612921	240	u	1
BnaA05LNG0000200	BnaA05LNG0000200.1	MSTRG.16702.1	chrA05	1081197-1082224	1027	u	1
BnaA05LNG0000300	BnaA05LNG0000300.1	MSTRG.16879.1	chrA05	2270876-2271625	749	u	2
BnaA05LNG0000400	BnaA05LNG0000400.1	MSTRG.16894.1	chrA05	2363864-2364541	677	u	1
BnaA05LNG0000500	BnaA05LNG0000500.1	MSTRG.16898.1	chrA05	2380079-2380739	660	u	1
BnaA05LNG0000600	BnaA05LNG0000600.1	MSTRG.16913.1	chrA05	2544204-2544501	297	u	1
BnaA05LNG0000700	BnaA05LNG0000700.1	MSTRG.17007.1	chrA05	2998328-2998727	399	u	1
BnaA05LNG0000800	BnaA05LNG0000800.1	MSTRG.17066.1	chrA05	3457989-3458590	601	u	1
BnaA05LNG0000900	BnaA05LNG0000900.1	MSTRG.17075.1	chrA05	3517936-3518393	457	u	1
BnaA05LNG0001000	BnaA05LNG0001000.1	MSTRG.17199.1	chrA05	4231422-4233886	2464	u	1
BnaA05LNG0001100	BnaA05LNG0001100.1	MSTRG.17207.1	chrA05	4278936-4279261	325	u	1
BnaA05LNG0001200	BnaA05LNG0001200.1	MSTRG.17209.1	chrA05	4285409-4286485	1076	u	1
BnaA05LNG0001300	BnaA05LNG0001300.1	MSTRG.17217.1	chrA05	4480414-4480626	212	u	1
BnaA05LNG0001400	BnaA05LNG0001400.1	MSTRG.17222.1	chrA05	4536456-4537171	715	u	1
BnaA05LNG0001500	BnaA05LNG0001500.1	MSTRG.17256.1	chrA05	4679778-4683579	3801	u	1
BnaA05LNG0001600	BnaA05LNG0001600.1	MSTRG.17337.1	chrA05	5061295-5061975	680	u	1
BnaA05LNG0001700	BnaA05LNG0001700.1	MSTRG.17364.1	chrA05	5170140-5170559	419	i	1
BnaA05LNG0001800	BnaA05LNG0001800.1	MSTRG.17383.1	chrA05	5244250-5244547	297	u	1
BnaA05LNG0001900	BnaA05LNG0001900.1	MSTRG.17384.1	chrA05	5254396-5254721	325	u	1
BnaA05LNG0002000	BnaA05LNG0002000.1	MSTRG.17393.1	chrA05	5275258-5275857	599	o	2
BnaA05LNG0002100	BnaA05LNG0002100.1	MSTRG.17390.1	chrA05	5300661-5301200	539	u	1
BnaA05LNG0002200	BnaA05LNG0002200.1	MSTRG.17560.1	chrA05	6387736-6390577	2841	u	1
BnaA05LNG0002300	BnaA05LNG0002300.1	MSTRG.17595.1	chrA05	6567668-6568822	1154	u	1
BnaA05LNG0002400	BnaA05LNG0002400.1	MSTRG.17621.1	chrA05	6737157-6737529	372	u	1
BnaA05LNG0002500	BnaA05LNG0002500.1	MSTRG.17674.1	chrA05	7076915-7085331	8416	o	2
BnaA05LNG0002600	BnaA05LNG0002600.1	MSTRG.17706.1	chrA05	7483730-7484146	416	u	1
BnaA05LNG0002700	BnaA05LNG0002700.1	MSTRG.17720.1	chrA05	7589848-7596909	7061	o	2
BnaA05LNG0002800	BnaA05LNG0002800.1	MSTRG.17949.1	chrA05	9383803-9384819	1016	u	1
BnaA05LNG0002900	BnaA05LNG0002900.1	MSTRG.18009.1	chrA05	9907929-9908314	385	u	1
BnaA05LNG0003000	BnaA05LNG0003000.1	MSTRG.18014.1	chrA05	9925515-9926047	532	u	1
BnaA05LNG0003100	BnaA05LNG0003100.1	MSTRG.18021.1	chrA05	9938323-9939067	744	u	1
BnaA05LNG0003200	BnaA05LNG0003200.1	MSTRG.18099.1	chrA05	10543147-10543496	349	u	1
BnaA05LNG0003300	BnaA05LNG0003300.1	MSTRG.18101.1	chrA05	10548587-10549075	488	u	1
BnaA05LNG0003400	BnaA05LNG0003400.1	MSTRG.18134.1	chrA05	10873682-10874455	773	u	1
BnaA05LNG0003500	BnaA05LNG0003500.1	MSTRG.18183.1	chrA05	11392444-11393298	854	u	1
BnaA05LNG0003600	BnaA05LNG0003600.1	MSTRG.18200.1	chrA05	11457019-11458540	1521	u	1
BnaA05LNG0003700	BnaA05LNG0003700.1	MSTRG.18221.1	chrA05	11559571-11560213	642	u	1
BnaA05LNG0003800	BnaA05LNG0003800.1	MSTRG.18234.2	chrA05	11609963-11611676	1713	o	4
BnaA05LNG0003900	BnaA05LNG0003900.2	MSTRG.18234.3	chrA05	11609963-11611676	1713	o	3
BnaA05LNG0004000	BnaA05LNG0004000.1	MSTRG.18313.1	chrA05	12507578-12508203	625	u	1
BnaA05LNG0004100	BnaA05LNG0004100.1	MSTRG.18365.1	chrA05	13029292-13029624	332	u	1
BnaA05LNG0004200	BnaA05LNG0004200.1	MSTRG.18369.1	chrA05	13131093-13132519	1426	u	1
BnaA05LNG0004300	BnaA05LNG0004300.1	MSTRG.18373.1	chrA05	13138408-13138909	501	u	1
BnaA05LNG0004400	BnaA05LNG0004400.1	MSTRG.18488.1	chrA05	14495670-14498800	3130	u	2
BnaA05LNG0004500	BnaA05LNG0004500.1	MSTRG.18546.1	chrA05	14852058-14855291	3233	u	1
BnaA05LNG0004600	BnaA05LNG0004600.1	MSTRG.18624.1	chrA05	15523454-15524525	1071	u	1
BnaA05LNG0004700	BnaA05LNG0004700.1	MSTRG.18731.1	chrA05	16432831-16433524	693	u	1
BnaA05LNG0004800	BnaA05LNG0004800.1	MSTRG.18732.1	chrA05	16433747-16435537	1790	u	1
BnaA05LNG0004900	BnaA05LNG0004900.1	MSTRG.18869.1	chrA05	17206334-17207538	1204	o	2
BnaA05LNG0005000	BnaA05LNG0005000.1	MSTRG.18923.1	chrA05	17628915-17629413	498	u	1
BnaA05LNG0005100	BnaA05LNG0005100.1	MSTRG.18959.1	chrA05	17844509-17853566	9057	u	1
BnaA05LNG0005200	BnaA05LNG0005200.1	MSTRG.19017.1	chrA05	18280778-18282262	1484	u	1
BnaA05LNG0005300	BnaA05LNG0005300.1	MSTRG.19042.1	chrA05	18335708-18336078	370	u	1
BnaA05LNG0005400	BnaA05LNG0005400.1	MSTRG.19179.1	chrA05	19185925-19189306	3381	o	3
BnaA05LNG0005500	BnaA05LNG0005500.1	MSTRG.19211.1	chrA05	19316728-19319236	2508	x	2
BnaA05LNG0005600	BnaA05LNG0005600.1	MSTRG.19187.1	chrA05	19421115-19422751	1636	u	1
BnaA05LNG0005700	BnaA05LNG0005700.1	MSTRG.19286.1	chrA05	19790009-19790791	782	u	1
BnaA05LNG0005800	BnaA05LNG0005800.1	MSTRG.19739.1	chrA05	22604796-22605302	506	u	1
BnaA05LNG0005900	BnaA05LNG0005900.1	MSTRG.19795.1	chrA05	23014419-23016249	1830	u	3
BnaA05LNG0006000	BnaA05LNG0006000.1	MSTRG.19815.1	chrA05_random	23042-23799	757	o	2
BnaA05LNG0006100	BnaA05LNG0006100.1	MSTRG.19818.1	chrA05_random	59153-59725	572	u	1
BnaA05LNG0006200	BnaA05LNG0006200.1	MSTRG.19827.1	chrA05_random	83696-85899	2203	u	1
BnaA05LNG0006300	BnaA05LNG0006300.1	MSTRG.19852.1	chrA05_random	182654-183980	1326	u	1
BnaA05LNG0006400	BnaA05LNG0006400.1	MSTRG.19934.1	chrA05_random	692280-692682	402	u	1
BnaA05LNG0006500	BnaA05LNG0006500.1	MSTRG.19948.1	chrA05_random	741430-742766	1336	u	1
BnaA05LNG0006600	BnaA05LNG0006600.1	MSTRG.19979.1	chrA05_random	951763-952962	1199	u	1
BnaA05LNG0006700	BnaA05LNG0006700.1	MSTRG.20003.1	chrA05_random	1158338-1158916	578	u	1
BnaA05LNG0006800	BnaA05LNG0006800.1	MSTRG.20047.1	chrA05_random	1408145-1408799	654	u	1
BnaA05LNG0006900	BnaA05LNG0006900.1	MSTRG.20048.1	chrA05_random	1419996-1420241	245	u	1
BnaA05LNG0007000	BnaA05LNG0007000.1	MSTRG.20068.1	chrA05_random	1544145-1544435	290	u	1
BnaA05LNG0007100	BnaA05LNG0007100.1	MSTRG.20125.1	chrA05_random	2429604-2430153	549	u	1
BnaA05LNG0007200	BnaA05LNG0007200.1	MSTRG.20126.1	chrA05_random	2432643-2433841	1198	u	1
BnaA05LNG0007300	BnaA05LNG0007300.1	MSTRG.20179.1	chrA05_random	2806653-2807100	447	u	1
BnaA06LNG0000100	BnaA06LNG0000100.1	MSTRG.20283.1	chrA06	317645-319067	1422	u	1
BnaA06LNG0000200	BnaA06LNG0000200.1	MSTRG.20288.1	chrA06	408140-408753	613	u	1
BnaA06LNG0000300	BnaA06LNG0000300.1	MSTRG.20304.1	chrA06	485881-488606	2725	u	1
BnaA06LNG0000400	BnaA06LNG0000400.1	MSTRG.20309.3	chrA06	498251-501582	3331	u	2
BnaA06LNG0000500	BnaA06LNG0000500.1	MSTRG.20408.1	chrA06	1109919-1110300	381	u	1
BnaA06LNG0000600	BnaA06LNG0000600.1	MSTRG.20409.1	chrA06	1124552-1126478	1926	u	1
BnaA06LNG0000700	BnaA06LNG0000700.1	MSTRG.20632.1	chrA06	2559975-2561199	1224	u	1
BnaA06LNG0000800	BnaA06LNG0000800.1	MSTRG.20844.1	chrA06	3660851-3661412	561	o	2
BnaA06LNG0000900	BnaA06LNG0000900.1	MSTRG.20888.1	chrA06	3942848-3943384	536	u	1
BnaA06LNG0001000	BnaA06LNG0001000.1	MSTRG.21000.1	chrA06	4646683-4648719	2036	u	1
BnaA06LNG0001100	BnaA06LNG0001100.1	MSTRG.21138.3	chrA06	5380344-5382107	1763	o	2
BnaA06LNG0001200	BnaA06LNG0001200.1	MSTRG.21141.1	chrA06	5392353-5393071	718	u	2
BnaA06LNG0001300	BnaA06LNG0001300.1	MSTRG.21259.1	chrA06	6128753-6129178	425	u	1
BnaA06LNG0001400	BnaA06LNG0001400.1	MSTRG.21309.1	chrA06	6460601-6465525	4924	u	2
BnaA06LNG0001500	BnaA06LNG0001500.1	MSTRG.21322.1	chrA06	6567014-6569767	2753	u	1
BnaA06LNG0001600	BnaA06LNG0001600.1	MSTRG.21325.1	chrA06	6574389-6575218	829	u	1
BnaA06LNG0001700	BnaA06LNG0001700.1	MSTRG.21339.1	chrA06	6602544-6603940	1396	u	1
BnaA06LNG0001800	BnaA06LNG0001800.1	MSTRG.21458.1	chrA06	7580319-7582056	1737	u	1
BnaA06LNG0001900	BnaA06LNG0001900.1	MSTRG.21479.1	chrA06	7666392-7667693	1301	o	2
BnaA06LNG0002000	BnaA06LNG0002000.1	MSTRG.21543.1	chrA06	8006489-8006710	221	u	1
BnaA06LNG0002100	BnaA06LNG0002100.1	MSTRG.21559.1	chrA06	8123221-8123662	441	u	1
BnaA06LNG0002200	BnaA06LNG0002200.1	MSTRG.21560.1	chrA06	8126009-8126351	342	u	1
BnaA06LNG0002300	BnaA06LNG0002300.1	MSTRG.21597.1	chrA06	8335942-8336330	388	u	1
BnaA06LNG0002400	BnaA06LNG0002400.1	MSTRG.21601.1	chrA06	8344194-8344467	273	u	1
BnaA06LNG0002500	BnaA06LNG0002500.1	MSTRG.21606.1	chrA06	8372402-8373156	754	u	1
BnaA06LNG0002600	BnaA06LNG0002600.1	MSTRG.21675.1	chrA06	8789806-8790417	611	u	1
BnaA06LNG0002700	BnaA06LNG0002700.1	MSTRG.21695.1	chrA06	8932200-8933103	903	u	1
BnaA06LNG0002800	BnaA06LNG0002800.1	MSTRG.21842.1	chrA06	9875499-9876744	1245	u	1
BnaA06LNG0002900	BnaA06LNG0002900.1	MSTRG.21855.1	chrA06	9916152-9917770	1618	o	3
BnaA06LNG0003000	BnaA06LNG0003000.1	MSTRG.21936.1	chrA06	10467069-10467897	828	u	1
BnaA06LNG0003100	BnaA06LNG0003100.1	MSTRG.21975.1	chrA06	10913636-10914210	574	u	1
BnaA06LNG0003200	BnaA06LNG0003200.1	MSTRG.21993.1	chrA06	11005493-11007572	2079	o	2
BnaA06LNG0003300	BnaA06LNG0003300.1	MSTRG.22022.1	chrA06	11302471-11303717	1246	u	1
BnaA06LNG0003400	BnaA06LNG0003400.1	MSTRG.22037.1	chrA06	11304986-11305741	755	u	1
BnaA06LNG0003500	BnaA06LNG0003500.1	MSTRG.22036.1	chrA06	11321889-11322934	1045	u	1
BnaA06LNG0003600	BnaA06LNG0003600.1	MSTRG.22049.1	chrA06	11469221-11469825	604	u	1
BnaA06LNG0003700	BnaA06LNG0003700.1	MSTRG.22090.1	chrA06	11993911-11994923	1012	u	1
BnaA06LNG0003800	BnaA06LNG0003800.1	MSTRG.22165.1	chrA06	13271712-13273079	1367	u	1
BnaA06LNG0003900	BnaA06LNG0003900.1	MSTRG.22265.1	chrA06	14308457-14309480	1023	u	1
BnaA06LNG0004000	BnaA06LNG0004000.1	MSTRG.22268.1	chrA06	14318017-14320701	2684	u	1
BnaA06LNG0004100	BnaA06LNG0004100.1	MSTRG.22308.1	chrA06	14530420-14530626	206	u	1
BnaA06LNG0004200	BnaA06LNG0004200.1	MSTRG.22359.1	chrA06	15141250-15141475	225	u	1
BnaA06LNG0004300	BnaA06LNG0004300.1	MSTRG.22408.1	chrA06	15252210-15252527	317	u	1
BnaA06LNG0004400	BnaA06LNG0004400.1	MSTRG.22421.1	chrA06	15324598-15326496	1898	u	1
BnaA06LNG0004500	BnaA06LNG0004500.1	MSTRG.22448.1	chrA06	15509051-15513224	4173	u	1
BnaA06LNG0004600	BnaA06LNG0004600.1	MSTRG.22460.1	chrA06	15584375-15584871	496	u	1
BnaA06LNG0004700	BnaA06LNG0004700.1	MSTRG.22723.1	chrA06	17411153-17413173	2020	u	1
BnaA06LNG0004800	BnaA06LNG0004800.1	MSTRG.22786.1	chrA06	17842896-17843138	242	i	1
BnaA06LNG0004900	BnaA06LNG0004900.1	MSTRG.22820.1	chrA06	18061307-18062411	1104	u	1
BnaA06LNG0005000	BnaA06LNG0005000.1	MSTRG.22848.1	chrA06	18216283-18218048	1765	u	1
BnaA06LNG0005100	BnaA06LNG0005100.1	MSTRG.22947.1	chrA06	18856892-18857992	1100	u	1
BnaA06LNG0005200	BnaA06LNG0005200.1	MSTRG.22974.1	chrA06	18999196-18999830	634	u	1
BnaA06LNG0005300	BnaA06LNG0005300.1	MSTRG.23050.1	chrA06	19489827-19490389	562	u	1
BnaA06LNG0005400	BnaA06LNG0005400.1	MSTRG.23166.1	chrA06	20204181-20205392	1211	u	1
BnaA06LNG0005500	BnaA06LNG0005500.1	MSTRG.23379.1	chrA06	21537439-21541830	4391	u	2
BnaA06LNG0005600	BnaA06LNG0005600.1	MSTRG.23433.1	chrA06	21789532-21791358	1826	u	1
BnaA06LNG0005700	BnaA06LNG0005700.1	MSTRG.23479.1	chrA06	22276097-22276488	391	u	1
BnaA06LNG0005800	BnaA06LNG0005800.1	MSTRG.23601.2	chrA06	22848051-22854453	6402	o	3
BnaA06LNG0005900	BnaA06LNG0005900.1	MSTRG.23601.6	chrA06	22848093-22851589	3496	o	2
BnaA06LNG0006000	BnaA06LNG0006000.1	MSTRG.23601.8	chrA06	22848095-22851589	3494	o	2
BnaA06LNG0006100	BnaA06LNG0006100.1	MSTRG.23601.16	chrA06	22848115-22851589	3474	o	2
BnaA06LNG0006200	BnaA06LNG0006200.1	MSTRG.23666.1	chrA06	23375459-23375979	520	u	1
BnaA06LNG0006300	BnaA06LNG0006300.1	MSTRG.23696.1	chrA06	23579417-23581782	2365	u	1
BnaA06LNG0006400	BnaA06LNG0006400.1	MSTRG.23739.1	chrA06	23808045-23809710	1665	u	2
BnaA06LNG0006500	BnaA06LNG0006500.1	MSTRG.23768.1	chrA06	23983468-23984356	888	u	1
BnaA06LNG0006600	BnaA06LNG0006600.1	MSTRG.23799.1	chrA06	24131110-24133703	2593	u	2
BnaA06LNG0006700	BnaA06LNG0006700.1	MSTRG.23873.1	chrA06_random	186631-187317	686	u	1
BnaA06LNG0006800	BnaA06LNG0006800.1	MSTRG.23921.1	chrA06_random	508570-510804	2234	u	1
BnaA06LNG0006900	BnaA06LNG0006900.1	MSTRG.23972.1	chrA06_random	652122-654355	2233	u	1
BnaA06LNG0007000	BnaA06LNG0007000.1	MSTRG.23974.1	chrA06_random	680102-680514	412	u	1
BnaA06LNG0007100	BnaA06LNG0007100.1	MSTRG.23978.1	chrA06_random	693900-694414	514	u	1
BnaA06LNG0007200	BnaA06LNG0007200.1	MSTRG.23985.1	chrA06_random	778604-780679	2075	u	1
BnaA06LNG0007300	BnaA06LNG0007300.1	MSTRG.23993.1	chrA06_random	833358-833745	387	u	1
BnaA06LNG0007400	BnaA06LNG0007400.1	MSTRG.23994.1	chrA06_random	834493-838647	4154	u	1
BnaA06LNG0007500	BnaA06LNG0007500.1	MSTRG.24025.1	chrA06_random	1148314-1149681	1367	u	1
BnaA06LNG0007600	BnaA06LNG0007600.1	MSTRG.24039.1	chrA06_random	1253613-1255968	2355	u	3
BnaA06LNG0007700	BnaA06LNG0007700.1	MSTRG.24102.2	chrA06_random	1662538-1665772	3234	o	3
BnaA06LNG0007800	BnaA06LNG0007800.1	MSTRG.24102.3	chrA06_random	1665021-1665772	751	o	2
BnaA06LNG0007900	BnaA06LNG0007900.1	MSTRG.24098.1	chrA06_random	1720955-1721561	606	o	2
BnaA06LNG0008000	BnaA06LNG0008000.1	MSTRG.24111.1	chrA06_random	1739950-1740831	881	u	1
BnaA07LNG0000100	BnaA07LNG0000100.1	MSTRG.24201.1	chrA07	2126-5141	3015	u	1
BnaA07LNG0000200	BnaA07LNG0000200.1	MSTRG.24299.1	chrA07	629791-631753	1962	o	2
BnaA07LNG0000300	BnaA07LNG0000300.1	MSTRG.24359.1	chrA07	1131006-1132052	1046	u	1
BnaA07LNG0000400	BnaA07LNG0000400.1	MSTRG.24361.1	chrA07	1153774-1154124	350	u	1
BnaA07LNG0000500	BnaA07LNG0000500.1	MSTRG.24363.1	chrA07	1155398-1156022	624	u	1
BnaA07LNG0000600	BnaA07LNG0000600.1	MSTRG.24364.1	chrA07	1156460-1157044	584	u	1
BnaA07LNG0000700	BnaA07LNG0000700.1	MSTRG.24429.1	chrA07	1595464-1596208	744	u	1
BnaA07LNG0000800	BnaA07LNG0000800.1	MSTRG.24430.1	chrA07	1596576-1598455	1879	u	1
BnaA07LNG0000900	BnaA07LNG0000900.1	MSTRG.24431.1	chrA07	1600075-1603347	3272	u	1
BnaA07LNG0001000	BnaA07LNG0001000.1	MSTRG.24433.1	chrA07	1610926-1611224	298	u	1
BnaA07LNG0001100	BnaA07LNG0001100.1	MSTRG.24448.1	chrA07	1698117-1698711	594	u	1
BnaA07LNG0001200	BnaA07LNG0001200.1	MSTRG.24450.1	chrA07	1724590-1728709	4119	u	1
BnaA07LNG0001300	BnaA07LNG0001300.1	MSTRG.24473.1	chrA07	1818225-1820058	1833	u	1
BnaA07LNG0001400	BnaA07LNG0001400.1	MSTRG.24494.1	chrA07	1944958-1945188	230	u	1
BnaA07LNG0001500	BnaA07LNG0001500.1	MSTRG.24518.1	chrA07	2238269-2239177	908	u	1
BnaA07LNG0001600	BnaA07LNG0001600.1	MSTRG.24522.1	chrA07	2251873-2253706	1833	o	2
BnaA07LNG0001700	BnaA07LNG0001700.1	MSTRG.24550.1	chrA07	2483928-2485417	1489	u	1
BnaA07LNG0001800	BnaA07LNG0001800.1	MSTRG.24567.1	chrA07	2562487-2563044	557	u	1
BnaA07LNG0001900	BnaA07LNG0001900.1	MSTRG.24609.1	chrA07	2894883-2895100	217	u	1
BnaA07LNG0002000	BnaA07LNG0002000.1	MSTRG.24611.1	chrA07	2908627-2909278	651	u	1
BnaA07LNG0002100	BnaA07LNG0002100.1	MSTRG.24671.1	chrA07	3506272-3507845	1573	u	1
BnaA07LNG0002200	BnaA07LNG0002200.1	MSTRG.24704.1	chrA07	3983310-3983847	537	u	1
BnaA07LNG0002300	BnaA07LNG0002300.1	MSTRG.24715.1	chrA07	4108805-4109375	570	u	1
BnaA07LNG0002400	BnaA07LNG0002400.1	MSTRG.24795.1	chrA07	4901739-4902412	673	u	1
BnaA07LNG0002500	BnaA07LNG0002500.1	MSTRG.24833.1	chrA07	5211132-5212242	1110	u	1
BnaA07LNG0002600	BnaA07LNG0002600.1	MSTRG.24845.1	chrA07	5283131-5283683	552	u	1
BnaA07LNG0002700	BnaA07LNG0002700.1	MSTRG.24876.1	chrA07	5581408-5582963	1555	u	1
BnaA07LNG0002800	BnaA07LNG0002800.1	MSTRG.24878.1	chrA07	5592808-5594793	1985	u	1
BnaA07LNG0002900	BnaA07LNG0002900.1	MSTRG.24990.1	chrA07	6507695-6510025	2330	u	1
BnaA07LNG0003000	BnaA07LNG0003000.1	MSTRG.25015.1	chrA07	6665896-6666313	417	u	1
BnaA07LNG0003100	BnaA07LNG0003100.1	MSTRG.25041.1	chrA07	6857205-6859853	2648	u	1
BnaA07LNG0003200	BnaA07LNG0003200.1	MSTRG.25164.1	chrA07	7738562-7739533	971	u	1
BnaA07LNG0003300	BnaA07LNG0003300.1	MSTRG.25184.1	chrA07	8140860-8141529	669	u	1
BnaA07LNG0003400	BnaA07LNG0003400.1	MSTRG.25202.1	chrA07	8192640-8193220	580	u	1
BnaA07LNG0003500	BnaA07LNG0003500.1	MSTRG.25594.1	chrA07	10851726-10858620	6894	u	1
BnaA07LNG0003600	BnaA07LNG0003600.1	MSTRG.25719.1	chrA07	11586169-11586728	559	u	1
BnaA07LNG0003700	BnaA07LNG0003700.1	MSTRG.25890.1	chrA07	12679280-12680526	1246	u	2
BnaA07LNG0003800	BnaA07LNG0003800.1	MSTRG.25988.1	chrA07	13304798-13307373	2575	o	3
BnaA07LNG0003900	BnaA07LNG0003900.1	MSTRG.26136.1	chrA07	14165974-14167327	1353	u	1
BnaA07LNG0004000	BnaA07LNG0004000.1	MSTRG.26152.1	chrA07	14254414-14254845	431	u	1
BnaA07LNG0004100	BnaA07LNG0004100.1	MSTRG.26206.7	chrA07	14536061-14537850	1789	o	2
BnaA07LNG0004200	BnaA07LNG0004200.1	MSTRG.26346.1	chrA07	15422843-15423458	615	u	1
BnaA07LNG0004300	BnaA07LNG0004300.1	MSTRG.26403.1	chrA07	15732806-15733340	534	u	1
BnaA07LNG0004400	BnaA07LNG0004400.1	MSTRG.26434.1	chrA07	15910833-15911867	1034	u	1
BnaA07LNG0004500	BnaA07LNG0004500.1	MSTRG.26505.1	chrA07	16298523-16299910	1387	u	1
BnaA07LNG0004600	BnaA07LNG0004600.1	MSTRG.26642.1	chrA07	16949825-16950158	333	u	1
BnaA07LNG0004700	BnaA07LNG0004700.1	MSTRG.26682.1	chrA07	17130148-17130623	475	u	1
BnaA07LNG0004800	BnaA07LNG0004800.1	MSTRG.26699.1	chrA07	17418201-17418932	731	u	1
BnaA07LNG0004900	BnaA07LNG0004900.1	MSTRG.26711.1	chrA07	17463707-17464096	389	u	1
BnaA07LNG0005000	BnaA07LNG0005000.1	MSTRG.26712.1	chrA07	17466311-17468115	1804	u	1
BnaA07LNG0005100	BnaA07LNG0005100.1	MSTRG.26815.3	chrA07	17909885-17911372	1487	u	2
BnaA07LNG0005200	BnaA07LNG0005200.1	MSTRG.26815.5	chrA07	17909973-17911372	1399	u	2
BnaA07LNG0005300	BnaA07LNG0005300.1	MSTRG.26850.1	chrA07	18154837-18158349	3512	u	1
BnaA07LNG0005400	BnaA07LNG0005400.1	MSTRG.26853.1	chrA07	18171796-18174434	2638	u	1
BnaA07LNG0005500	BnaA07LNG0005500.1	MSTRG.26861.1	chrA07	18212314-18212640	326	u	1
BnaA07LNG0005600	BnaA07LNG0005600.1	MSTRG.26889.1	chrA07	18377921-18379459	1538	u	1
BnaA07LNG0005700	BnaA07LNG0005700.1	MSTRG.26902.2	chrA07	18453987-18455527	1540	o	2
BnaA07LNG0005800	BnaA07LNG0005800.1	MSTRG.26899.1	chrA07	18459081-18459828	747	u	1
BnaA07LNG0005900	BnaA07LNG0005900.1	MSTRG.26942.1	chrA07	18724899-18725456	557	u	1
BnaA07LNG0006000	BnaA07LNG0006000.1	MSTRG.27025.1	chrA07	19156298-19157239	941	u	1
BnaA07LNG0006100	BnaA07LNG0006100.1	MSTRG.27109.1	chrA07	19641212-19641668	456	i	1
BnaA07LNG0006200	BnaA07LNG0006200.1	MSTRG.27149.1	chrA07	19819731-19820411	680	u	1
BnaA07LNG0006300	BnaA07LNG0006300.1	MSTRG.27173.1	chrA07	19975635-19976081	446	u	1
BnaA07LNG0006400	BnaA07LNG0006400.1	MSTRG.27185.1	chrA07	20087916-20088652	736	u	1
BnaA07LNG0006500	BnaA07LNG0006500.1	MSTRG.27201.1	chrA07	20135384-20137923	2539	u	2
BnaA07LNG0006600	BnaA07LNG0006600.1	MSTRG.27207.1	chrA07	20161737-20164686	2949	u	1
BnaA07LNG0006700	BnaA07LNG0006700.1	MSTRG.27224.1	chrA07	20255984-20257643	1659	u	1
BnaA07LNG0006800	BnaA07LNG0006800.1	MSTRG.27248.1	chrA07	20398328-20398582	254	u	1
BnaA07LNG0006900	BnaA07LNG0006900.1	MSTRG.27256.1	chrA07	20409281-20410002	721	u	1
BnaA07LNG0007000	BnaA07LNG0007000.1	MSTRG.27278.1	chrA07	20572743-20574237	1494	u	2
BnaA07LNG0007100	BnaA07LNG0007100.1	MSTRG.27320.1	chrA07	21078974-21079315	341	u	1
BnaA07LNG0007200	BnaA07LNG0007200.1	MSTRG.27422.1	chrA07	21454349-21454935	586	u	1
BnaA07LNG0007300	BnaA07LNG0007300.1	MSTRG.27538.7	chrA07	22075286-22076303	1017	o	2
BnaA07LNG0007400	BnaA07LNG0007400.1	MSTRG.27660.1	chrA07	22744720-22747326	2606	u	1
BnaA07LNG0007500	BnaA07LNG0007500.1	MSTRG.27667.1	chrA07	22762344-22762694	350	u	1
BnaA07LNG0007600	BnaA07LNG0007600.1	MSTRG.27670.1	chrA07	22775948-22777136	1188	u	1
BnaA07LNG0007700	BnaA07LNG0007700.1	MSTRG.27819.1	chrA07	23627025-23628502	1477	o	2
BnaA07LNG0007800	BnaA07LNG0007800.1	MSTRG.27889.1	chrA07	23971912-23973352	1440	u	1
BnaA07LNG0007900	BnaA07LNG0007900.1	MSTRG.27910.1	chrA07_random	71883-72154	271	i	1
BnaA07LNG0008000	BnaA07LNG0008000.1	MSTRG.27936.1	chrA07_random	334464-335183	719	u	1
BnaA07LNG0008100	BnaA07LNG0008100.1	MSTRG.28042.1	chrA07_random	1042379-1044477	2098	u	1
BnaA07LNG0008200	BnaA07LNG0008200.1	MSTRG.28086.2	chrA07_random	1282270-1283111	841	o	2
BnaA07LNG0008300	BnaA07LNG0008300.1	MSTRG.28092.1	chrA07_random	1311756-1312940	1184	o	2
BnaA07LNG0008400	BnaA07LNG0008400.1	MSTRG.28188.1	chrA07_random	1744861-1745751	890	u	1
BnaA07LNG0008500	BnaA07LNG0008500.1	MSTRG.28194.1	chrA07_random	1768233-1769310	1077	u	1
BnaA07LNG0008600	BnaA07LNG0008600.1	MSTRG.28204.1	chrA07_random	1821803-1824350	2547	u	1
BnaA08LNG0000100	BnaA08LNG0000100.1	MSTRG.28348.1	chrA08	793627-794923	1296	u	1
BnaA08LNG0000200	BnaA08LNG0000200.1	MSTRG.28377.1	chrA08	1002585-1003060	475	u	1
BnaA08LNG0000300	BnaA08LNG0000300.1	MSTRG.28378.1	chrA08	1006576-1007383	807	u	1
BnaA08LNG0000400	BnaA08LNG0000400.1	MSTRG.28465.1	chrA08	1716454-1717769	1315	u	1
BnaA08LNG0000500	BnaA08LNG0000500.1	MSTRG.28484.1	chrA08	1834933-1835907	974	u	1
BnaA08LNG0000600	BnaA08LNG0000600.1	MSTRG.28523.1	chrA08	2041378-2042887	1509	u	1
BnaA08LNG0000700	BnaA08LNG0000700.1	MSTRG.28548.1	chrA08	2200726-2201367	641	u	1
BnaA08LNG0000800	BnaA08LNG0000800.1	MSTRG.28618.1	chrA08	2750837-2752025	1188	i	1
BnaA08LNG0000900	BnaA08LNG0000900.1	MSTRG.28738.1	chrA08	3767081-3768079	998	u	1
BnaA08LNG0001000	BnaA08LNG0001000.1	MSTRG.28762.1	chrA08	3908324-3911009	2685	u	1
BnaA08LNG0001100	BnaA08LNG0001100.1	MSTRG.28798.1	chrA08	4367118-4367744	626	u	1
BnaA08LNG0001200	BnaA08LNG0001200.1	MSTRG.28833.1	chrA08	4681888-4683383	1495	u	1
BnaA08LNG0001300	BnaA08LNG0001300.1	MSTRG.28866.1	chrA08	5182383-5185630	3247	u	1
BnaA08LNG0001400	BnaA08LNG0001400.1	MSTRG.28888.1	chrA08	5407708-5407937	229	u	1
BnaA08LNG0001500	BnaA08LNG0001500.1	MSTRG.28917.1	chrA08	5547335-5548051	716	u	1
BnaA08LNG0001600	BnaA08LNG0001600.1	MSTRG.28939.1	chrA08	5704875-5706418	1543	u	1
BnaA08LNG0001700	BnaA08LNG0001700.1	MSTRG.28961.1	chrA08	5925792-5927105	1313	u	1
BnaA08LNG0001800	BnaA08LNG0001800.1	MSTRG.28966.1	chrA08	5946037-5946618	581	u	1
BnaA08LNG0001900	BnaA08LNG0001900.1	MSTRG.29048.1	chrA08	6630710-6631155	445	u	1
BnaA08LNG0002000	BnaA08LNG0002000.1	MSTRG.29095.3	chrA08	6940580-6942460	1880	o	2
BnaA08LNG0002100	BnaA08LNG0002100.1	MSTRG.29100.1	chrA08	7048672-7049310	638	u	1
BnaA08LNG0002200	BnaA08LNG0002200.1	MSTRG.29153.1	chrA08	7504386-7504820	434	u	1
BnaA08LNG0002300	BnaA08LNG0002300.1	MSTRG.29191.1	chrA08	7749926-7751498	1572	u	1
BnaA08LNG0002400	BnaA08LNG0002400.1	MSTRG.29197.1	chrA08	7783422-7785002	1580	u	1
BnaA08LNG0002500	BnaA08LNG0002500.1	MSTRG.29303.1	chrA08	8583969-8584210	241	u	1
BnaA08LNG0002600	BnaA08LNG0002600.1	MSTRG.29329.1	chrA08	8803383-8807661	4278	o	2
BnaA08LNG0002700	BnaA08LNG0002700.1	MSTRG.29372.3	chrA08	9173216-9173806	590	o	2
BnaA08LNG0002800	BnaA08LNG0002800.1	MSTRG.29442.1	chrA08	9598146-9599858	1712	x	2
BnaA08LNG0002900	BnaA08LNG0002900.1	MSTRG.29539.1	chrA08	10117368-10117784	416	u	1
BnaA08LNG0003000	BnaA08LNG0003000.1	MSTRG.29678.1	chrA08	10959502-10960833	1331	u	2
BnaA08LNG0003100	BnaA08LNG0003100.1	MSTRG.29728.1	chrA08	11261083-11261341	258	u	1
BnaA08LNG0003200	BnaA08LNG0003200.1	MSTRG.29808.1	chrA08	11805859-11808975	3116	u	1
BnaA08LNG0003300	BnaA08LNG0003300.1	MSTRG.29884.1	chrA08	12254695-12255144	449	u	1
BnaA08LNG0003400	BnaA08LNG0003400.1	MSTRG.29888.1	chrA08	12289767-12290799	1032	u	1
BnaA08LNG0003500	BnaA08LNG0003500.1	MSTRG.29951.1	chrA08	12583609-12584006	397	u	1
BnaA08LNG0003600	BnaA08LNG0003600.1	MSTRG.29954.1	chrA08	12614277-12614688	411	u	1
BnaA08LNG0003700	BnaA08LNG0003700.1	MSTRG.30013.1	chrA08	12872766-12873195	429	u	1
BnaA08LNG0003800	BnaA08LNG0003800.1	MSTRG.30028.1	chrA08	12947028-12948497	1469	u	1
BnaA08LNG0003900	BnaA08LNG0003900.1	MSTRG.30040.1	chrA08	13007686-13007979	293	u	1
BnaA08LNG0004000	BnaA08LNG0004000.1	MSTRG.30092.1	chrA08	13274597-13275967	1370	u	1
BnaA08LNG0004100	BnaA08LNG0004100.1	MSTRG.30201.1	chrA08	13841395-13841735	340	u	1
BnaA08LNG0004200	BnaA08LNG0004200.1	MSTRG.30210.1	chrA08	13909061-13910114	1053	u	1
BnaA08LNG0004300	BnaA08LNG0004300.1	MSTRG.30239.1	chrA08	14000321-14001735	1414	u	1
BnaA08LNG0004400	BnaA08LNG0004400.1	MSTRG.30645.1	chrA08	16316390-16316875	485	u	1
BnaA08LNG0004500	BnaA08LNG0004500.1	MSTRG.30935.2	chrA08	17790561-17791991	1430	o	2
BnaA08LNG0004600	BnaA08LNG0004600.1	MSTRG.31083.1	chrA08	18709193-18709659	466	u	1
BnaA08LNG0004700	BnaA08LNG0004700.1	MSTRG.31120.1	chrA08	18854068-18856934	2866	o	5
BnaA08LNG0004800	BnaA08LNG0004800.1	MSTRG.31163.1	chrA08_random	176449-180659	4210	u	1
BnaA08LNG0004900	BnaA08LNG0004900.1	MSTRG.31167.1	chrA08_random	206825-207731	906	u	1
BnaA08LNG0005000	BnaA08LNG0005000.1	MSTRG.31208.1	chrA08_random	622738-623657	919	u	1
BnaA08LNG0005100	BnaA08LNG0005100.1	MSTRG.31239.1	chrA08_random	1072744-1073959	1215	u	1
BnaA08LNG0005200	BnaA08LNG0005200.1	MSTRG.31247.1	chrA08_random	1130746-1131305	559	u	1
BnaA08LNG0005300	BnaA08LNG0005300.1	MSTRG.31248.1	chrA08_random	1135972-1136567	595	u	1
BnaA08LNG0005400	BnaA08LNG0005400.1	MSTRG.31287.1	chrA08_random	1386146-1386778	632	u	1
BnaA08LNG0005500	BnaA08LNG0005500.1	MSTRG.31300.3	chrA08_random	1468923-1469443	520	o	3
BnaA09LNG0000100	BnaA09LNG0000100.1	MSTRG.31468.4	chrA09	113087-115554	2467	o	2
BnaA09LNG0000200	BnaA09LNG0000200.1	MSTRG.31611.1	chrA09	1376640-1377160	520	u	1
BnaA09LNG0000300	BnaA09LNG0000300.1	MSTRG.31717.1	chrA09	1774189-1774871	682	o	2
BnaA09LNG0000400	BnaA09LNG0000400.1	MSTRG.31817.1	chrA09	1980061-1982493	2432	o	2
BnaA09LNG0000500	BnaA09LNG0000500.1	MSTRG.31989.3	chrA09	3137359-3142659	5300	o	3
BnaA09LNG0000600	BnaA09LNG0000600.1	MSTRG.32005.1	chrA09	3250566-3251811	1245	u	1
BnaA09LNG0000700	BnaA09LNG0000700.1	MSTRG.32049.1	chrA09	3471589-3472644	1055	u	1
BnaA09LNG0000800	BnaA09LNG0000800.1	MSTRG.32050.1	chrA09	3476023-3476477	454	u	1
BnaA09LNG0000900	BnaA09LNG0000900.1	MSTRG.32072.1	chrA09	3594803-3595964	1161	u	1
BnaA09LNG0001000	BnaA09LNG0001000.1	MSTRG.32181.1	chrA09	4142458-4143294	836	u	1
BnaA09LNG0001100	BnaA09LNG0001100.1	MSTRG.32183.1	chrA09	4147503-4147831	328	u	1
BnaA09LNG0001200	BnaA09LNG0001200.1	MSTRG.32185.1	chrA09	4148424-4149035	611	u	1
BnaA09LNG0001300	BnaA09LNG0001300.1	MSTRG.32203.1	chrA09	4240741-4241342	601	u	1
BnaA09LNG0001400	BnaA09LNG0001400.1	MSTRG.32252.1	chrA09	4510276-4511671	1395	o	2
BnaA09LNG0001500	BnaA09LNG0001500.1	MSTRG.32261.1	chrA09	4551933-4553173	1240	u	1
BnaA09LNG0001600	BnaA09LNG0001600.1	MSTRG.32343.1	chrA09	5117024-5117830	806	u	1
BnaA09LNG0001700	BnaA09LNG0001700.1	MSTRG.32472.1	chrA09	6405593-6406162	569	u	1
BnaA09LNG0001800	BnaA09LNG0001800.1	MSTRG.32575.1	chrA09	6605629-6606232	603	u	1
BnaA09LNG0001900	BnaA09LNG0001900.1	MSTRG.32608.1	chrA09	6786596-6788174	1578	u	1
BnaA09LNG0002000	BnaA09LNG0002000.1	MSTRG.32616.1	chrA09	6815167-6815458	291	u	1
BnaA09LNG0002100	BnaA09LNG0002100.1	MSTRG.32651.1	chrA09	7048351-7048902	551	u	1
BnaA09LNG0002200	BnaA09LNG0002200.1	MSTRG.32685.1	chrA09	7225728-7226335	607	u	1
BnaA09LNG0002300	BnaA09LNG0002300.1	MSTRG.32709.1	chrA09	7401412-7403841	2429	u	1
BnaA09LNG0002400	BnaA09LNG0002400.1	MSTRG.32718.2	chrA09	7520220-7521948	1728	u	2
BnaA09LNG0002500	BnaA09LNG0002500.1	MSTRG.32801.1	chrA09	8034463-8035902	1439	u	1
BnaA09LNG0002600	BnaA09LNG0002600.1	MSTRG.32930.1	chrA09	9025397-9026110	713	u	1
BnaA09LNG0002700	BnaA09LNG0002700.1	MSTRG.32950.1	chrA09	9177910-9178242	332	u	1
BnaA09LNG0002800	BnaA09LNG0002800.1	MSTRG.32958.1	chrA09	9206410-9208372	1962	u	2
BnaA09LNG0002900	BnaA09LNG0002900.1	MSTRG.32965.1	chrA09	9407812-9408416	604	u	1
BnaA09LNG0003000	BnaA09LNG0003000.1	MSTRG.33023.1	chrA09	9711073-9712166	1093	u	1
BnaA09LNG0003100	BnaA09LNG0003100.1	MSTRG.33048.1	chrA09	9926585-9927012	427	u	1
BnaA09LNG0003200	BnaA09LNG0003200.1	MSTRG.33124.1	chrA09	10433966-10434392	426	u	1
BnaA09LNG0003300	BnaA09LNG0003300.1	MSTRG.33166.1	chrA09	10803349-10803631	282	u	1
BnaA09LNG0003400	BnaA09LNG0003400.1	MSTRG.33227.1	chrA09	11245706-11246022	316	u	1
BnaA09LNG0003500	BnaA09LNG0003500.1	MSTRG.33233.1	chrA09	11264294-11265037	743	u	1
BnaA09LNG0003600	BnaA09LNG0003600.1	MSTRG.33274.1	chrA09	11528168-11529901	1733	u	1
BnaA09LNG0003700	BnaA09LNG0003700.1	MSTRG.33275.1	chrA09	11534785-11535006	221	u	1
BnaA09LNG0003800	BnaA09LNG0003800.1	MSTRG.33289.1	chrA09	11655997-11656748	751	u	1
BnaA09LNG0003900	BnaA09LNG0003900.1	MSTRG.33331.1	chrA09	11902973-11903322	349	u	1
BnaA09LNG0004000	BnaA09LNG0004000.1	MSTRG.33360.1	chrA09	12148626-12149645	1019	u	1
BnaA09LNG0004100	BnaA09LNG0004100.1	MSTRG.33399.1	chrA09	12518324-12521784	3460	u	1
BnaA09LNG0004200	BnaA09LNG0004200.1	MSTRG.33532.1	chrA09	13404738-13406179	1441	u	1
BnaA09LNG0004300	BnaA09LNG0004300.1	MSTRG.33545.1	chrA09	13446539-13447334	795	u	1
BnaA09LNG0004400	BnaA09LNG0004400.1	MSTRG.33552.1	chrA09	13791473-13792221	748	u	1
BnaA09LNG0004500	BnaA09LNG0004500.1	MSTRG.33604.1	chrA09	13865176-13865499	323	u	1
BnaA09LNG0004600	BnaA09LNG0004600.1	MSTRG.33605.1	chrA09	13872602-13873084	482	u	1
BnaA09LNG0004700	BnaA09LNG0004700.1	MSTRG.33629.2	chrA09	14139259-14140779	1520	o	2
BnaA09LNG0004800	BnaA09LNG0004800.1	MSTRG.33689.1	chrA09	14497340-14498064	724	u	1
BnaA09LNG0004900	BnaA09LNG0004900.1	MSTRG.33693.1	chrA09	14519313-14520665	1352	u	1
BnaA09LNG0005000	BnaA09LNG0005000.1	MSTRG.33755.1	chrA09	14844285-14847779	3494	o	3
BnaA09LNG0005100	BnaA09LNG0005100.1	MSTRG.33755.4	chrA09	14845758-14847197	1439	o	2
BnaA09LNG0005200	BnaA09LNG0005200.1	MSTRG.33756.1	chrA09	14848773-14851628	2855	o	2
BnaA09LNG0005300	BnaA09LNG0005300.1	MSTRG.33838.1	chrA09	15626862-15627688	826	u	1
BnaA09LNG0005400	BnaA09LNG0005400.1	MSTRG.33888.1	chrA09	15900678-15901722	1044	u	1
BnaA09LNG0005500	BnaA09LNG0005500.1	MSTRG.33947.1	chrA09	16261382-16261781	399	u	1
BnaA09LNG0005600	BnaA09LNG0005600.1	MSTRG.33994.1	chrA09	16526426-16526959	533	u	1
BnaA09LNG0005700	BnaA09LNG0005700.1	MSTRG.34020.1	chrA09	16693055-16693814	759	u	1
BnaA09LNG0005800	BnaA09LNG0005800.1	MSTRG.34026.1	chrA09	16717572-16718894	1322	u	1
BnaA09LNG0005900	BnaA09LNG0005900.1	MSTRG.34056.1	chrA09	16924457-16925102	645	u	1
BnaA09LNG0006000	BnaA09LNG0006000.1	MSTRG.34209.1	chrA09	18448918-18449644	726	u	1
BnaA09LNG0006100	BnaA09LNG0006100.1	MSTRG.34233.1	chrA09	18707083-18709899	2816	u	1
BnaA09LNG0006200	BnaA09LNG0006200.1	MSTRG.34287.1	chrA09	19154263-19154680	417	u	1
BnaA09LNG0006300	BnaA09LNG0006300.1	MSTRG.34301.1	chrA09	19269833-19270869	1036	u	1
BnaA09LNG0006400	BnaA09LNG0006400.1	MSTRG.34314.1	chrA09	19349716-19350488	772	u	1
BnaA09LNG0006500	BnaA09LNG0006500.1	MSTRG.34319.1	chrA09	19378567-19379116	549	u	1
BnaA09LNG0006600	BnaA09LNG0006600.1	MSTRG.34349.1	chrA09	19612887-19613372	485	u	1
BnaA09LNG0006700	BnaA09LNG0006700.1	MSTRG.34427.1	chrA09	20207811-20208373	562	u	1
BnaA09LNG0006800	BnaA09LNG0006800.1	MSTRG.34440.1	chrA09	20261250-20261622	372	u	1
BnaA09LNG0006900	BnaA09LNG0006900.1	MSTRG.34509.1	chrA09	20742289-20742592	303	u	1
BnaA09LNG0007000	BnaA09LNG0007000.1	MSTRG.34610.1	chrA09	21541613-21542110	497	u	1
BnaA09LNG0007100	BnaA09LNG0007100.1	MSTRG.34641.1	chrA09	21720035-21722525	2490	u	1
BnaA09LNG0007200	BnaA09LNG0007200.1	MSTRG.34647.1	chrA09	21744795-21745780	985	u	1
BnaA09LNG0007300	BnaA09LNG0007300.1	MSTRG.34691.1	chrA09	21983750-21985196	1446	u	1
BnaA09LNG0007400	BnaA09LNG0007400.1	MSTRG.34797.1	chrA09	22821770-22832731	10961	u	1
BnaA09LNG0007500	BnaA09LNG0007500.1	MSTRG.34841.1	chrA09	22930489-22930988	499	u	1
BnaA09LNG0007600	BnaA09LNG0007600.1	MSTRG.34853.1	chrA09	23004752-23005691	939	u	1
BnaA09LNG0007700	BnaA09LNG0007700.1	MSTRG.34855.1	chrA09	23026303-23026625	322	u	1
BnaA09LNG0007800	BnaA09LNG0007800.1	MSTRG.34887.1	chrA09	23234732-23237786	3054	o	3
BnaA09LNG0007900	BnaA09LNG0007900.1	MSTRG.34879.1	chrA09	23302362-23304872	2510	u	1
BnaA09LNG0008000	BnaA09LNG0008000.1	MSTRG.34902.1	chrA09	23356443-23358677	2234	u	1
BnaA09LNG0008100	BnaA09LNG0008100.1	MSTRG.34956.1	chrA09	23715978-23718517	2539	u	1
BnaA09LNG0008200	BnaA09LNG0008200.1	MSTRG.35077.1	chrA09	24446131-24446763	632	u	1
BnaA09LNG0008300	BnaA09LNG0008300.1	MSTRG.35084.1	chrA09	24467265-24468407	1142	o	2
BnaA09LNG0008400	BnaA09LNG0008400.1	MSTRG.35125.1	chrA09	24724355-24724950	595	o	2
BnaA09LNG0008500	BnaA09LNG0008500.1	MSTRG.35271.1	chrA09	25666336-25666981	645	u	1
BnaA09LNG0008600	BnaA09LNG0008600.1	MSTRG.35302.1	chrA09	25828238-25829460	1222	i	1
BnaA09LNG0008700	BnaA09LNG0008700.1	MSTRG.35340.1	chrA09	26099412-26101622	2210	u	2
BnaA09LNG0008800	BnaA09LNG0008800.1	MSTRG.35360.1	chrA09	26246352-26247037	685	u	1
BnaA09LNG0008900	BnaA09LNG0008900.1	MSTRG.35455.1	chrA09	26821101-26821949	848	u	1
BnaA09LNG0009000	BnaA09LNG0009000.1	MSTRG.35527.1	chrA09	27393699-27393907	208	u	1
BnaA09LNG0009100	BnaA09LNG0009100.1	MSTRG.35664.1	chrA09	28076118-28077664	1546	o	3
BnaA09LNG0009200	BnaA09LNG0009200.1	MSTRG.35697.3	chrA09	28195581-28196463	882	o	2
BnaA09LNG0009300	BnaA09LNG0009300.1	MSTRG.35948.1	chrA09	29676623-29678407	1784	u	1
BnaA09LNG0009400	BnaA09LNG0009400.1	MSTRG.35952.1	chrA09	29688107-29689883	1776	o	2
BnaA09LNG0009500	BnaA09LNG0009500.1	MSTRG.36006.1	chrA09	30001939-30004324	2385	u	2
BnaA09LNG0009600	BnaA09LNG0009600.1	MSTRG.36013.1	chrA09	30105470-30106479	1009	u	1
BnaA09LNG0009700	BnaA09LNG0009700.1	MSTRG.36036.1	chrA09	30137823-30139222	1399	u	1
BnaA09LNG0009800	BnaA09LNG0009800.1	MSTRG.36100.1	chrA09	30412986-30413343	357	u	1
BnaA09LNG0009900	BnaA09LNG0009900.1	MSTRG.36130.1	chrA09	30650907-30652277	1370	u	1
BnaA09LNG0010000	BnaA09LNG0010000.1	MSTRG.36153.1	chrA09	30737669-30738890	1221	u	1
BnaA09LNG0010100	BnaA09LNG0010100.1	MSTRG.36218.1	chrA09	31315484-31315958	474	u	1
BnaA09LNG0010200	BnaA09LNG0010200.1	MSTRG.36310.1	chrA09	31752424-31755870	3423	u	1
BnaA09LNG0010300	BnaA09LNG0010300.1	MSTRG.36358.1	chrA09	32102895-32105178	2283	u	1
BnaA09LNG0010400	BnaA09LNG0010400.1	MSTRG.36379.1	chrA09	32212519-32213148	629	u	1
BnaA09LNG0010500	BnaA09LNG0010500.1	MSTRG.36452.1	chrA09	32631837-32632435	598	u	1
BnaA09LNG0010600	BnaA09LNG0010600.1	MSTRG.36517.1	chrA09	33035177-33036590	1413	u	1
BnaA09LNG0010700	BnaA09LNG0010700.1	MSTRG.36586.1	chrA09	33448840-33449575	735	u	1
BnaA09LNG0010800	BnaA09LNG0010800.1	MSTRG.36634.1	chrA09	33704477-33704999	522	u	1
BnaA09LNG0010900	BnaA09LNG0010900.1	MSTRG.36661.1	chrA09	33800455-33801808	1353	u	1
BnaA09LNG0011000	BnaA09LNG0011000.1	MSTRG.36784.1	chrA09_random	682522-682855	333	u	1
BnaA09LNG0011100	BnaA09LNG0011100.1	MSTRG.36854.1	chrA09_random	1483867-1485147	1280	u	1
BnaA09LNG0011200	BnaA09LNG0011200.1	MSTRG.36887.1	chrA09_random	1655396-1655938	542	u	1
BnaA09LNG0011300	BnaA09LNG0011300.1	MSTRG.36910.1	chrA09_random	2109953-2110922	969	u	1
BnaA09LNG0011400	BnaA09LNG0011400.1	MSTRG.37107.1	chrA09_random	3323188-3323747	559	u	1
BnaA09LNG0011500	BnaA09LNG0011500.1	MSTRG.37134.1	chrA09_random	3644347-3645526	1179	u	1
BnaA10LNG0000100	BnaA10LNG0000100.1	MSTRG.37260.2	chrA10	103726-105385	1659	o	2
BnaA10LNG0000200	BnaA10LNG0000200.1	MSTRG.37318.1	chrA10	477140-478335	1195	u	1
BnaA10LNG0000300	BnaA10LNG0000300.1	MSTRG.37486.1	chrA10	1504180-1504474	294	u	1
BnaA10LNG0000400	BnaA10LNG0000400.1	MSTRG.37625.1	chrA10	2383839-2385822	1983	o	4
BnaA10LNG0000500	BnaA10LNG0000500.1	MSTRG.37792.1	chrA10	3729267-3729867	600	u	1
BnaA10LNG0000600	BnaA10LNG0000600.1	MSTRG.37802.1	chrA10	3801285-3801754	469	u	1
BnaA10LNG0000700	BnaA10LNG0000700.1	MSTRG.37873.1	chrA10	4648411-4648734	323	u	1
BnaA10LNG0000800	BnaA10LNG0000800.1	MSTRG.37991.1	chrA10	5578179-5578539	360	u	1
BnaA10LNG0000900	BnaA10LNG0000900.1	MSTRG.37994.1	chrA10	5610145-5611016	871	u	1
BnaA10LNG0001000	BnaA10LNG0001000.1	MSTRG.37997.1	chrA10	5614896-5615826	930	u	1
BnaA10LNG0001100	BnaA10LNG0001100.1	MSTRG.38008.1	chrA10	5654520-5655339	819	u	1
BnaA10LNG0001200	BnaA10LNG0001200.1	MSTRG.38010.1	chrA10	5660405-5661120	715	u	1
BnaA10LNG0001300	BnaA10LNG0001300.1	MSTRG.38012.1	chrA10	5665455-5666142	687	u	1
BnaA10LNG0001400	BnaA10LNG0001400.1	MSTRG.38013.1	chrA10	5667076-5672215	5139	u	1
BnaA10LNG0001500	BnaA10LNG0001500.1	MSTRG.38041.1	chrA10	5894896-5902570	7674	u	1
BnaA10LNG0001600	BnaA10LNG0001600.1	MSTRG.38087.1	chrA10	6220204-6223208	3004	u	1
BnaA10LNG0001700	BnaA10LNG0001700.1	MSTRG.38112.1	chrA10	6390750-6391376	626	u	1
BnaA10LNG0001800	BnaA10LNG0001800.1	MSTRG.38113.1	chrA10	6413248-6413864	616	u	1
BnaA10LNG0001900	BnaA10LNG0001900.1	MSTRG.38141.1	chrA10	6672132-6672672	540	u	1
BnaA10LNG0002000	BnaA10LNG0002000.1	MSTRG.38144.1	chrA10	6678012-6678640	628	u	1
BnaA10LNG0002100	BnaA10LNG0002100.1	MSTRG.38177.1	chrA10	7087032-7087894	862	u	1
BnaA10LNG0002200	BnaA10LNG0002200.1	MSTRG.38198.1	chrA10	7174410-7174976	566	u	1
BnaA10LNG0002300	BnaA10LNG0002300.1	MSTRG.38271.1	chrA10	7707987-7710879	2892	u	1
BnaA10LNG0002400	BnaA10LNG0002400.1	MSTRG.38290.1	chrA10	7873965-7874774	809	u	1
BnaA10LNG0002500	BnaA10LNG0002500.1	MSTRG.38298.1	chrA10	8016150-8016911	761	u	1
BnaA10LNG0002600	BnaA10LNG0002600.1	MSTRG.38314.1	chrA10	8151077-8151442	365	u	1
BnaA10LNG0002700	BnaA10LNG0002700.1	MSTRG.38437.1	chrA10	8977201-8982429	5228	u	1
BnaA10LNG0002800	BnaA10LNG0002800.1	MSTRG.38638.1	chrA10	10493427-10494066	639	u	1
BnaA10LNG0002900	BnaA10LNG0002900.1	MSTRG.38639.1	chrA10	10504701-10504935	234	u	1
BnaA10LNG0003000	BnaA10LNG0003000.1	MSTRG.38897.1	chrA10	12234335-12235613	1278	u	3
BnaA10LNG0003100	BnaA10LNG0003100.1	MSTRG.38898.1	chrA10	12280630-12286348	5718	u	1
BnaA10LNG0003200	BnaA10LNG0003200.1	MSTRG.39136.1	chrA10	13603294-13607825	4531	u	2
BnaA10LNG0003300	BnaA10LNG0003300.1	MSTRG.39218.1	chrA10	14013545-14015258	1713	x	2
BnaA10LNG0003400	BnaA10LNG0003400.1	MSTRG.39257.1	chrA10	14306261-14307761	1500	o	2
BnaA10LNG0003500	BnaA10LNG0003500.1	MSTRG.39292.1	chrA10	14492795-14495486	2691	u	1
BnaA10LNG0003600	BnaA10LNG0003600.1	MSTRG.39428.1	chrA10	15162466-15165884	3418	u	1
BnaA10LNG0003700	BnaA10LNG0003700.1	MSTRG.39535.1	chrA10	15881783-15882349	566	u	1
BnaA10LNG0003800	BnaA10LNG0003800.1	MSTRG.39635.1	chrA10	16373105-16373974	869	u	2
BnaA10LNG0003900	BnaA10LNG0003900.1	MSTRG.39760.1	chrA10	17134484-17135424	940	u	1
BnaA10LNG0004000	BnaA10LNG0004000.1	MSTRG.39781.1	chrA10	17190869-17191523	654	u	1
BnaA10LNG0004100	BnaA10LNG0004100.1	MSTRG.39843.1	chrA10_random	125501-126061	560	u	1
BnaA10LNG0004200	BnaA10LNG0004200.1	MSTRG.39952.1	chrA10_random	1079323-1084757	5434	u	1
BnaA10LNG0004300	BnaA10LNG0004300.1	MSTRG.39989.1	chrA10_random	1348203-1348774	571	u	1
BnaA10LNG0004400	BnaA10LNG0004400.1	MSTRG.40005.1	chrA10_random	1437631-1438419	788	u	1
BnaA10LNG0004500	BnaA10LNG0004500.1	MSTRG.40014.1	chrA10_random	1503959-1504443	484	u	1
BnaA10LNG0004600	BnaA10LNG0004600.1	MSTRG.40097.1	chrA10_random	1838788-1841669	2881	u	1
BnaA10LNG0004700	BnaA10LNG0004700.1	MSTRG.40163.1	chrA10_random	2132409-2132843	434	u	1
BnaAnnLNG0000100	BnaAnnLNG0000100.1	MSTRG.40199.1	chrAnn_random	112352-113071	719	u	1
BnaAnnLNG0000200	BnaAnnLNG0000200.1	MSTRG.40297.1	chrAnn_random	869178-869406	228	u	1
BnaAnnLNG0000300	BnaAnnLNG0000300.1	MSTRG.40534.1	chrAnn_random	4246010-4246749	739	u	1
BnaAnnLNG0000400	BnaAnnLNG0000400.1	MSTRG.40562.1	chrAnn_random	4392737-4394045	1308	u	1
BnaAnnLNG0000500	BnaAnnLNG0000500.1	MSTRG.40774.1	chrAnn_random	6210375-6213625	3250	u	2
BnaAnnLNG0000600	BnaAnnLNG0000600.1	MSTRG.40860.2	chrAnn_random	7331701-7333964	2263	o	3
BnaAnnLNG0000700	BnaAnnLNG0000700.1	MSTRG.40883.1	chrAnn_random	7404171-7405012	841	u	1
BnaAnnLNG0000800	BnaAnnLNG0000800.1	MSTRG.40998.1	chrAnn_random	9196795-9200192	3397	u	1
BnaAnnLNG0000900	BnaAnnLNG0000900.1	MSTRG.41084.1	chrAnn_random	10220654-10221629	975	u	1
BnaAnnLNG0001000	BnaAnnLNG0001000.1	MSTRG.41096.1	chrAnn_random	10354080-10354493	413	u	1
BnaAnnLNG0001100	BnaAnnLNG0001100.1	MSTRG.41271.1	chrAnn_random	12228516-12233623	5107	u	1
BnaAnnLNG0001200	BnaAnnLNG0001200.1	MSTRG.41272.1	chrAnn_random	12234031-12234893	862	u	1
BnaAnnLNG0001300	BnaAnnLNG0001300.1	MSTRG.41382.1	chrAnn_random	13358080-13364992	6912	u	1
BnaAnnLNG0001400	BnaAnnLNG0001400.1	MSTRG.41383.1	chrAnn_random	13365209-13365981	772	u	1
BnaAnnLNG0001500	BnaAnnLNG0001500.1	MSTRG.41418.1	chrAnn_random	13628151-13629474	1323	u	2
BnaAnnLNG0001600	BnaAnnLNG0001600.1	MSTRG.41609.3	chrAnn_random	15460734-15461837	1103	o	2
BnaAnnLNG0001700	BnaAnnLNG0001700.1	MSTRG.41613.1	chrAnn_random	15492869-15493852	983	u	1
BnaAnnLNG0001800	BnaAnnLNG0001800.1	MSTRG.41657.1	chrAnn_random	15723990-15724329	339	u	1
BnaAnnLNG0001900	BnaAnnLNG0001900.1	MSTRG.41783.1	chrAnn_random	17116801-17118705	1904	u	1
BnaAnnLNG0002000	BnaAnnLNG0002000.1	MSTRG.41796.1	chrAnn_random	17218071-17221911	3840	u	1
BnaAnnLNG0002100	BnaAnnLNG0002100.1	MSTRG.42048.1	chrAnn_random	19932309-19933191	882	u	1
BnaAnnLNG0002200	BnaAnnLNG0002200.1	MSTRG.42052.1	chrAnn_random	20006728-20015437	8709	u	1
BnaAnnLNG0002300	BnaAnnLNG0002300.1	MSTRG.42401.1	chrAnn_random	27515596-27519088	3492	u	1
BnaAnnLNG0002400	BnaAnnLNG0002400.1	MSTRG.42417.1	chrAnn_random	27686918-27687475	557	u	1
BnaAnnLNG0002500	BnaAnnLNG0002500.1	MSTRG.42738.1	chrAnn_random	29253250-29253547	297	u	1
BnaAnnLNG0002600	BnaAnnLNG0002600.1	MSTRG.42945.1	chrAnn_random	31411790-31412880	1090	u	1
BnaAnnLNG0002700	BnaAnnLNG0002700.1	MSTRG.42949.1	chrAnn_random	31472703-31474092	1389	u	1
BnaAnnLNG0002800	BnaAnnLNG0002800.1	MSTRG.43003.1	chrAnn_random	31999178-32001907	2729	o	3
BnaAnnLNG0002900	BnaAnnLNG0002900.1	MSTRG.43085.1	chrAnn_random	32799736-32801274	1538	u	1
BnaAnnLNG0003000	BnaAnnLNG0003000.1	MSTRG.43099.1	chrAnn_random	32992882-32994394	1512	o	3
BnaAnnLNG0003100	BnaAnnLNG0003100.1	MSTRG.43153.1	chrAnn_random	33574886-33576500	1614	u	1
BnaAnnLNG0003200	BnaAnnLNG0003200.1	MSTRG.43235.1	chrAnn_random	34565223-34567512	2289	u	1
BnaAnnLNG0003300	BnaAnnLNG0003300.1	MSTRG.43305.1	chrAnn_random	34967264-34968055	791	u	1
BnaAnnLNG0003400	BnaAnnLNG0003400.1	MSTRG.43340.1	chrAnn_random	35153567-35154400	833	u	1
BnaAnnLNG0003500	BnaAnnLNG0003500.1	MSTRG.43341.1	chrAnn_random	35155662-35156757	1095	u	1
BnaAnnLNG0003600	BnaAnnLNG0003600.1	MSTRG.43429.1	chrAnn_random	35983059-35983709	650	u	1
BnaAnnLNG0003700	BnaAnnLNG0003700.1	MSTRG.43652.1	chrAnn_random	37942944-37946333	3389	u	1
BnaAnnLNG0003800	BnaAnnLNG0003800.1	MSTRG.43761.1	chrAnn_random	39036347-39039524	3177	u	1
BnaAnnLNG0003900	BnaAnnLNG0003900.1	MSTRG.43785.1	chrAnn_random	39069815-39071332	1517	u	1
BnaAnnLNG0004000	BnaAnnLNG0004000.1	MSTRG.43792.1	chrAnn_random	39636062-39636297	235	u	1
BnaAnnLNG0004100	BnaAnnLNG0004100.1	MSTRG.43858.1	chrAnn_random	39753792-39755643	1851	u	2
BnaAnnLNG0004200	BnaAnnLNG0004200.1	MSTRG.43875.1	chrAnn_random	39867680-39868527	847	u	1
BnaAnnLNG0004300	BnaAnnLNG0004300.1	MSTRG.43920.1	chrAnn_random	40393311-40395749	2438	u	1
BnaAnnLNG0004400	BnaAnnLNG0004400.1	MSTRG.44084.1	chrAnn_random	41363693-41366281	2588	u	1
BnaAnnLNG0004500	BnaAnnLNG0004500.1	MSTRG.44087.1	chrAnn_random	41389729-41390639	910	o	2
BnaAnnLNG0004600	BnaAnnLNG0004600.1	MSTRG.44205.1	chrAnn_random	42260255-42260707	452	u	1
BnaAnnLNG0004700	BnaAnnLNG0004700.1	MSTRG.44229.1	chrAnn_random	42351908-42353449	1541	u	2
BnaAnnLNG0004800	BnaAnnLNG0004800.1	MSTRG.44247.1	chrAnn_random	42438146-42438701	555	u	1
BnaAnnLNG0004900	BnaAnnLNG0004900.1	MSTRG.44270.1	chrAnn_random	42524270-42526907	2637	u	1
BnaAnnLNG0005000	BnaAnnLNG0005000.1	MSTRG.44306.1	chrAnn_random	42712608-42714240	1632	u	1
BnaAnnLNG0005100	BnaAnnLNG0005100.1	MSTRG.44368.1	chrAnn_random	43288981-43289266	285	u	1
BnaAnnLNG0005200	BnaAnnLNG0005200.1	MSTRG.44429.1	chrAnn_random	43764705-43765015	310	u	1
BnaAnnLNG0005300	BnaAnnLNG0005300.1	MSTRG.44482.1	chrAnn_random	44028751-44030958	2207	u	1
BnaAnnLNG0005400	BnaAnnLNG0005400.1	MSTRG.44565.1	chrAnn_random	44843039-44843604	565	u	1
BnaAnnLNG0005500	BnaAnnLNG0005500.1	MSTRG.44708.1	chrAnn_random	45912115-45912631	516	u	1
BnaAnnLNG0005600	BnaAnnLNG0005600.1	MSTRG.44761.1	chrAnn_random	46283578-46285786	2208	u	1
BnaAnnLNG0005700	BnaAnnLNG0005700.1	MSTRG.44817.1	chrAnn_random	46732229-46733691	1462	u	1
BnaAnnLNG0005800	BnaAnnLNG0005800.1	MSTRG.44957.1	chrAnn_random	47696027-47696600	573	u	1
BnaAnnLNG0005900	BnaAnnLNG0005900.1	MSTRG.45007.1	chrAnn_random	48083074-48083885	811	u	1
BnaAnnLNG0006000	BnaAnnLNG0006000.1	MSTRG.45081.1	chrAnn_random	48522972-48524343	1371	u	1
BnaC01LNG0000100	BnaC01LNG0000100.1	MSTRG.45149.1	chrC01	407760-408369	609	u	1
BnaC01LNG0000200	BnaC01LNG0000200.1	MSTRG.45207.1	chrC01	538928-539477	549	u	1
BnaC01LNG0000300	BnaC01LNG0000300.1	MSTRG.45281.1	chrC01	1032907-1035249	2342	u	2
BnaC01LNG0000400	BnaC01LNG0000400.1	MSTRG.45288.1	chrC01	1050152-1050934	782	u	1
BnaC01LNG0000500	BnaC01LNG0000500.1	MSTRG.45369.1	chrC01	1573278-1574037	759	o	2
BnaC01LNG0000600	BnaC01LNG0000600.1	MSTRG.45619.1	chrC01	3238870-3239788	918	u	2
BnaC01LNG0000700	BnaC01LNG0000700.1	MSTRG.45642.1	chrC01	3436511-3436887	376	u	1
BnaC01LNG0000800	BnaC01LNG0000800.1	MSTRG.45759.1	chrC01	4141640-4142900	1260	u	1
BnaC01LNG0000900	BnaC01LNG0000900.1	MSTRG.45813.1	chrC01	4678525-4679706	1181	u	2
BnaC01LNG0001000	BnaC01LNG0001000.1	MSTRG.45862.1	chrC01	5281802-5282104	302	i	1
BnaC01LNG0001100	BnaC01LNG0001100.1	MSTRG.46055.1	chrC01	6476175-6476705	530	u	1
BnaC01LNG0001200	BnaC01LNG0001200.1	MSTRG.46187.1	chrC01	7518216-7519147	931	i	1
BnaC01LNG0001300	BnaC01LNG0001300.1	MSTRG.46242.1	chrC01	7991328-7992229	901	u	1
BnaC01LNG0001400	BnaC01LNG0001400.1	MSTRG.46246.1	chrC01	8003482-8004206	724	u	1
BnaC01LNG0001500	BnaC01LNG0001500.1	MSTRG.46254.1	chrC01	8078744-8079625	881	u	1
BnaC01LNG0001600	BnaC01LNG0001600.1	MSTRG.46385.1	chrC01	9274451-9276071	1620	u	1
BnaC01LNG0001700	BnaC01LNG0001700.1	MSTRG.46430.1	chrC01	9743566-9749234	5668	u	1
BnaC01LNG0001800	BnaC01LNG0001800.1	MSTRG.46442.1	chrC01	9769869-9772287	2418	o	2
BnaC01LNG0001900	BnaC01LNG0001900.1	MSTRG.46469.1	chrC01	10280568-10281732	1164	u	1
BnaC01LNG0002000	BnaC01LNG0002000.1	MSTRG.46473.1	chrC01	10310003-10310216	213	u	1
BnaC01LNG0002100	BnaC01LNG0002100.1	MSTRG.46506.1	chrC01	10472018-10472709	691	u	1
BnaC01LNG0002200	BnaC01LNG0002200.1	MSTRG.46508.1	chrC01	10499712-10500438	726	u	1
BnaC01LNG0002300	BnaC01LNG0002300.1	MSTRG.46526.1	chrC01	10616458-10619121	2663	u	1
BnaC01LNG0002400	BnaC01LNG0002400.1	MSTRG.46544.1	chrC01	10713356-10715219	1863	u	1
BnaC01LNG0002500	BnaC01LNG0002500.1	MSTRG.46552.1	chrC01	10783125-10783947	822	o	2
BnaC01LNG0002600	BnaC01LNG0002600.1	MSTRG.46581.1	chrC01	11114050-11116777	2727	u	1
BnaC01LNG0002700	BnaC01LNG0002700.1	MSTRG.46640.1	chrC01	11483485-11486810	3325	u	1
BnaC01LNG0002800	BnaC01LNG0002800.1	MSTRG.46691.1	chrC01	11907970-11908701	731	u	1
BnaC01LNG0002900	BnaC01LNG0002900.1	MSTRG.46728.1	chrC01	12143882-12144595	713	u	1
BnaC01LNG0003000	BnaC01LNG0003000.1	MSTRG.46772.2	chrC01	12597505-12598856	1351	o	3
BnaC01LNG0003100	BnaC01LNG0003100.1	MSTRG.46854.1	chrC01	13782282-13782925	643	u	1
BnaC01LNG0003200	BnaC01LNG0003200.1	MSTRG.46858.1	chrC01	13811676-13812087	411	u	1
BnaC01LNG0003300	BnaC01LNG0003300.1	MSTRG.47033.1	chrC01	14830802-14832371	1569	u	1
BnaC01LNG0003400	BnaC01LNG0003400.1	MSTRG.47124.1	chrC01	15487290-15488308	1018	u	1
BnaC01LNG0003500	BnaC01LNG0003500.1	MSTRG.47193.1	chrC01	16179756-16180737	981	u	1
BnaC01LNG0003600	BnaC01LNG0003600.1	MSTRG.47235.1	chrC01	16493542-16494232	690	u	1
BnaC01LNG0003700	BnaC01LNG0003700.1	MSTRG.47294.1	chrC01	17086043-17087500	1457	u	1
BnaC01LNG0003800	BnaC01LNG0003800.1	MSTRG.47409.1	chrC01	18141174-18141489	315	u	1
BnaC01LNG0003900	BnaC01LNG0003900.1	MSTRG.47472.1	chrC01	18920822-18921054	232	u	1
BnaC01LNG0004000	BnaC01LNG0004000.1	MSTRG.47583.1	chrC01	19851766-19852155	389	u	1
BnaC01LNG0004100	BnaC01LNG0004100.1	MSTRG.47658.1	chrC01	20800059-20800911	852	u	1
BnaC01LNG0004200	BnaC01LNG0004200.1	MSTRG.47668.1	chrC01	20905895-20906097	202	u	1
BnaC01LNG0004300	BnaC01LNG0004300.1	MSTRG.47678.1	chrC01	21004418-21004699	281	u	1
BnaC01LNG0004400	BnaC01LNG0004400.1	MSTRG.47679.1	chrC01	21010014-21010459	445	u	1
BnaC01LNG0004500	BnaC01LNG0004500.1	MSTRG.47698.2	chrC01	21166730-21168457	1727	u	2
BnaC01LNG0004600	BnaC01LNG0004600.1	MSTRG.47725.1	chrC01	21346106-21347390	1284	o	2
BnaC01LNG0004700	BnaC01LNG0004700.1	MSTRG.47723.1	chrC01	21352056-21352329	273	u	1
BnaC01LNG0004800	BnaC01LNG0004800.1	MSTRG.47786.1	chrC01	22231042-22231242	200	u	1
BnaC01LNG0004900	BnaC01LNG0004900.1	MSTRG.47788.1	chrC01	22261694-22262567	873	u	1
BnaC01LNG0005000	BnaC01LNG0005000.1	MSTRG.47814.1	chrC01	22484851-22485343	492	u	1
BnaC01LNG0005100	BnaC01LNG0005100.1	MSTRG.47837.1	chrC01	22824505-22826825	2320	u	1
BnaC01LNG0005200	BnaC01LNG0005200.1	MSTRG.47857.1	chrC01	23122021-23125910	3889	u	1
BnaC01LNG0005300	BnaC01LNG0005300.1	MSTRG.47904.1	chrC01	23632641-23633659	1018	u	1
BnaC01LNG0005400	BnaC01LNG0005400.1	MSTRG.47936.1	chrC01	24056847-24057607	760	u	1
BnaC01LNG0005500	BnaC01LNG0005500.1	MSTRG.47937.1	chrC01	24057941-24058692	751	u	1
BnaC01LNG0005600	BnaC01LNG0005600.1	MSTRG.48050.1	chrC01	25206946-25210650	3704	o	2
BnaC01LNG0005700	BnaC01LNG0005700.1	MSTRG.48121.1	chrC01	25672437-25673053	616	u	1
BnaC01LNG0005800	BnaC01LNG0005800.1	MSTRG.48216.1	chrC01	26541180-26541699	519	u	1
BnaC01LNG0005900	BnaC01LNG0005900.1	MSTRG.48236.1	chrC01	26656759-26657079	320	u	1
BnaC01LNG0006000	BnaC01LNG0006000.1	MSTRG.48253.1	chrC01	26804777-26805092	315	u	1
BnaC01LNG0006100	BnaC01LNG0006100.1	MSTRG.48285.1	chrC01	27291211-27292023	812	u	1
BnaC01LNG0006200	BnaC01LNG0006200.1	MSTRG.48318.1	chrC01	27736588-27737836	1248	u	1
BnaC01LNG0006300	BnaC01LNG0006300.1	MSTRG.48507.1	chrC01	29232353-29236578	4225	u	1
BnaC01LNG0006400	BnaC01LNG0006400.1	MSTRG.48633.1	chrC01	30374251-30374664	413	u	1
BnaC01LNG0006500	BnaC01LNG0006500.1	MSTRG.48650.1	chrC01	30566982-30567574	592	u	1
BnaC01LNG0006600	BnaC01LNG0006600.1	MSTRG.48696.1	chrC01	31024014-31025658	1644	u	1
BnaC01LNG0006700	BnaC01LNG0006700.1	MSTRG.48833.1	chrC01	32196064-32196529	465	u	1
BnaC01LNG0006800	BnaC01LNG0006800.1	MSTRG.48844.1	chrC01	32267258-32267808	550	u	1
BnaC01LNG0006900	BnaC01LNG0006900.1	MSTRG.48866.1	chrC01	32530866-32531390	524	u	1
BnaC01LNG0007000	BnaC01LNG0007000.1	MSTRG.48924.1	chrC01	32907722-32908901	1179	u	1
BnaC01LNG0007100	BnaC01LNG0007100.1	MSTRG.49150.1	chrC01	34908042-34908722	680	u	1
BnaC01LNG0007200	BnaC01LNG0007200.1	MSTRG.49277.1	chrC01	35957741-35959104	1363	u	1
BnaC01LNG0007300	BnaC01LNG0007300.1	MSTRG.49281.1	chrC01	35979541-35980249	708	u	1
BnaC01LNG0007400	BnaC01LNG0007400.1	MSTRG.49406.1	chrC01	37242036-37242670	634	u	2
BnaC01LNG0007500	BnaC01LNG0007500.1	MSTRG.49760.1	chrC01_random	577820-578211	391	u	1
BnaC01LNG0007600	BnaC01LNG0007600.1	MSTRG.49955.1	chrC01_random	1802770-1803941	1171	u	1
BnaC01LNG0007700	BnaC01LNG0007700.1	MSTRG.49969.1	chrC01_random	1871217-1872259	1042	u	1
BnaC01LNG0007800	BnaC01LNG0007800.1	MSTRG.50032.1	chrC01_random	2254176-2256311	2135	u	1
BnaC01LNG0007900	BnaC01LNG0007900.1	MSTRG.50043.1	chrC01_random	2318098-2319880	1782	u	1
BnaC01LNG0008000	BnaC01LNG0008000.1	MSTRG.50061.1	chrC01_random	2456744-2457137	393	u	1
BnaC01LNG0008100	BnaC01LNG0008100.1	MSTRG.50062.1	chrC01_random	2463997-2464365	368	u	1
BnaC01LNG0008200	BnaC01LNG0008200.1	MSTRG.50094.1	chrC01_random	2829369-2830666	1297	u	1
BnaC01LNG0008300	BnaC01LNG0008300.1	MSTRG.50143.1	chrC01_random	3319070-3320899	1829	u	1
BnaC01LNG0008400	BnaC01LNG0008400.1	MSTRG.50177.1	chrC01_random	3541428-3542085	657	u	1
BnaC01LNG0008500	BnaC01LNG0008500.1	MSTRG.50226.1	chrC01_random	3830452-3831083	631	u	1
BnaC01LNG0008600	BnaC01LNG0008600.1	MSTRG.50227.1	chrC01_random	3834355-3835387	1032	u	1
BnaC01LNG0008700	BnaC01LNG0008700.1	MSTRG.50253.1	chrC01_random	4019987-4020532	545	u	1
BnaC01LNG0008800	BnaC01LNG0008800.1	MSTRG.50260.1	chrC01_random	4038293-4039036	743	u	1
BnaC01LNG0008900	BnaC01LNG0008900.1	MSTRG.50280.1	chrC01_random	4098877-4100760	1883	u	3
BnaC01LNG0009000	BnaC01LNG0009000.1	MSTRG.50274.1	chrC01_random	4178872-4180352	1480	u	1
BnaC02LNG0000100	BnaC02LNG0000100.1	MSTRG.50375.11	chrC02	242401-243269	868	o	2
BnaC02LNG0000200	BnaC02LNG0000200.1	MSTRG.50438.1	chrC02	527710-528220	510	u	1
BnaC02LNG0000300	BnaC02LNG0000300.1	MSTRG.50537.1	chrC02	1041488-1042198	710	i	1
BnaC02LNG0000400	BnaC02LNG0000400.1	MSTRG.50674.1	chrC02	1967259-1967740	481	u	1
BnaC02LNG0000500	BnaC02LNG0000500.1	MSTRG.50733.1	chrC02	2197679-2198423	744	u	1
BnaC02LNG0000600	BnaC02LNG0000600.1	MSTRG.51023.1	chrC02	4838914-4843242	4328	u	1
BnaC02LNG0000700	BnaC02LNG0000700.1	MSTRG.51134.1	chrC02	5223749-5224191	442	u	1
BnaC02LNG0000800	BnaC02LNG0000800.1	MSTRG.51179.1	chrC02	5548679-5550145	1466	u	1
BnaC02LNG0000900	BnaC02LNG0000900.1	MSTRG.51186.1	chrC02	5644066-5647665	3599	o	2
BnaC02LNG0001000	BnaC02LNG0001000.1	MSTRG.51221.1	chrC02	5929824-5930716	892	u	1
BnaC02LNG0001100	BnaC02LNG0001100.1	MSTRG.51233.1	chrC02	6037444-6038194	750	u	1
BnaC02LNG0001200	BnaC02LNG0001200.1	MSTRG.51295.1	chrC02	6521975-6522329	354	u	1
BnaC02LNG0001300	BnaC02LNG0001300.1	MSTRG.51337.1	chrC02	7003727-7011364	7637	u	1
BnaC02LNG0001400	BnaC02LNG0001400.1	MSTRG.51454.1	chrC02	7865765-7866398	633	u	1
BnaC02LNG0001500	BnaC02LNG0001500.1	MSTRG.51468.1	chrC02	7947252-7949449	2197	o	3
BnaC02LNG0001600	BnaC02LNG0001600.1	MSTRG.51537.1	chrC02	8449535-8450654	1119	u	1
BnaC02LNG0001700	BnaC02LNG0001700.1	MSTRG.51577.1	chrC02	8830620-8832028	1408	u	1
BnaC02LNG0001800	BnaC02LNG0001800.1	MSTRG.51640.1	chrC02	9334979-9336466	1487	u	1
BnaC02LNG0001900	BnaC02LNG0001900.1	MSTRG.51668.1	chrC02	9552594-9554363	1769	u	1
BnaC02LNG0002000	BnaC02LNG0002000.1	MSTRG.51696.1	chrC02	9863753-9867434	3681	u	1
BnaC02LNG0002100	BnaC02LNG0002100.1	MSTRG.51716.1	chrC02	10020021-10020697	676	u	1
BnaC02LNG0002200	BnaC02LNG0002200.1	MSTRG.51718.1	chrC02	10029420-10031101	1681	u	1
BnaC02LNG0002300	BnaC02LNG0002300.1	MSTRG.51904.1	chrC02	11937795-11938226	431	u	1
BnaC02LNG0002400	BnaC02LNG0002400.1	MSTRG.51952.1	chrC02	12367183-12368689	1506	u	1
BnaC02LNG0002500	BnaC02LNG0002500.1	MSTRG.51964.1	chrC02	12459845-12460731	886	u	1
BnaC02LNG0002600	BnaC02LNG0002600.1	MSTRG.52039.1	chrC02	13144946-13145610	664	u	1
BnaC02LNG0002700	BnaC02LNG0002700.1	MSTRG.52044.1	chrC02	13162621-13163200	579	u	1
BnaC02LNG0002800	BnaC02LNG0002800.1	MSTRG.52087.1	chrC02	13414039-13414558	519	o	2
BnaC02LNG0002900	BnaC02LNG0002900.1	MSTRG.52145.1	chrC02	14060334-14060684	350	u	1
BnaC02LNG0003000	BnaC02LNG0003000.1	MSTRG.52202.1	chrC02	14661966-14663356	1390	u	1
BnaC02LNG0003100	BnaC02LNG0003100.1	MSTRG.52214.1	chrC02	14784867-14785646	779	u	1
BnaC02LNG0003200	BnaC02LNG0003200.1	MSTRG.52228.1	chrC02	14937460-14937666	206	u	1
BnaC02LNG0003300	BnaC02LNG0003300.1	MSTRG.52249.1	chrC02	15072663-15075031	2368	u	1
BnaC02LNG0003400	BnaC02LNG0003400.1	MSTRG.52308.1	chrC02	15565039-15566254	1215	u	1
BnaC02LNG0003500	BnaC02LNG0003500.1	MSTRG.52321.1	chrC02	15626732-15627360	628	u	1
BnaC02LNG0003600	BnaC02LNG0003600.1	MSTRG.52358.1	chrC02	15949786-15950307	521	u	1
BnaC02LNG0003700	BnaC02LNG0003700.1	MSTRG.52363.1	chrC02	15987355-15987808	453	u	1
BnaC02LNG0003800	BnaC02LNG0003800.1	MSTRG.52377.1	chrC02	16164045-16164877	832	u	1
BnaC02LNG0003900	BnaC02LNG0003900.1	MSTRG.52472.1	chrC02	16879179-16879476	297	u	1
BnaC02LNG0004000	BnaC02LNG0004000.1	MSTRG.52558.1	chrC02	17700044-17701623	1579	u	1
BnaC02LNG0004100	BnaC02LNG0004100.1	MSTRG.52632.1	chrC02	18378841-18379285	444	u	1
BnaC02LNG0004200	BnaC02LNG0004200.1	MSTRG.52633.1	chrC02	18389300-18390001	701	u	1
BnaC02LNG0004300	BnaC02LNG0004300.1	MSTRG.52678.1	chrC02	18700192-18703171	2979	o	4
BnaC02LNG0004400	BnaC02LNG0004400.1	MSTRG.52678.2	chrC02	18700227-18703683	3456	o	4
BnaC02LNG0004500	BnaC02LNG0004500.1	MSTRG.52678.3	chrC02	18700331-18705374	5043	o	3
BnaC02LNG0004600	BnaC02LNG0004600.1	MSTRG.52869.1	chrC02	20344559-20345109	550	u	1
BnaC02LNG0004700	BnaC02LNG0004700.1	MSTRG.52901.1	chrC02	20535148-20535537	389	u	1
BnaC02LNG0004800	BnaC02LNG0004800.1	MSTRG.52944.1	chrC02	20936977-20937680	703	u	1
BnaC02LNG0004900	BnaC02LNG0004900.1	MSTRG.53011.1	chrC02	21447764-21448450	686	u	1
BnaC02LNG0005000	BnaC02LNG0005000.1	MSTRG.53038.1	chrC02	21595534-21596308	774	u	1
BnaC02LNG0005100	BnaC02LNG0005100.1	MSTRG.53042.1	chrC02	21632052-21633206	1154	u	1
BnaC02LNG0005200	BnaC02LNG0005200.1	MSTRG.53047.1	chrC02	21655484-21655849	365	u	1
BnaC02LNG0005300	BnaC02LNG0005300.1	MSTRG.53138.1	chrC02	22374536-22374937	401	u	1
BnaC02LNG0005400	BnaC02LNG0005400.1	MSTRG.53205.1	chrC02	22969250-22970512	1262	u	1
BnaC02LNG0005500	BnaC02LNG0005500.1	MSTRG.53206.1	chrC02	22971512-22974889	3377	u	2
BnaC02LNG0005600	BnaC02LNG0005600.1	MSTRG.53336.1	chrC02	24024637-24025294	657	u	1
BnaC02LNG0005700	BnaC02LNG0005700.1	MSTRG.53338.1	chrC02	24041831-24044355	2524	u	1
BnaC02LNG0005800	BnaC02LNG0005800.1	MSTRG.53339.1	chrC02	24045032-24046109	1077	u	1
BnaC02LNG0005900	BnaC02LNG0005900.1	MSTRG.53356.1	chrC02	24154925-24155250	325	u	1
BnaC02LNG0006000	BnaC02LNG0006000.1	MSTRG.53397.1	chrC02	24518989-24519427	438	u	1
BnaC02LNG0006100	BnaC02LNG0006100.1	MSTRG.53425.1	chrC02	24668354-24670230	1876	u	1
BnaC02LNG0006200	BnaC02LNG0006200.1	MSTRG.53518.1	chrC02	25319874-25322471	2597	u	1
BnaC02LNG0006300	BnaC02LNG0006300.1	MSTRG.53557.2	chrC02	25639763-25641534	1771	o	3
BnaC02LNG0006400	BnaC02LNG0006400.1	MSTRG.53617.1	chrC02	26383629-26384757	1128	u	1
BnaC02LNG0006500	BnaC02LNG0006500.1	MSTRG.53766.1	chrC02	27999254-27999581	327	u	1
BnaC02LNG0006600	BnaC02LNG0006600.1	MSTRG.53812.1	chrC02	28757996-28758288	292	u	1
BnaC02LNG0006700	BnaC02LNG0006700.1	MSTRG.53883.1	chrC02	29843723-29849870	6147	u	1
BnaC02LNG0006800	BnaC02LNG0006800.1	MSTRG.53903.1	chrC02	30214267-30227897	13630	u	1
BnaC02LNG0006900	BnaC02LNG0006900.1	MSTRG.54041.1	chrC02	32129068-32129911	843	u	1
BnaC02LNG0007000	BnaC02LNG0007000.1	MSTRG.54166.1	chrC02	33356602-33358004	1402	u	1
BnaC02LNG0007100	BnaC02LNG0007100.1	MSTRG.54168.1	chrC02	33358271-33358822	551	i	1
BnaC02LNG0007200	BnaC02LNG0007200.1	MSTRG.54262.1	chrC02	34326608-34327395	787	u	1
BnaC02LNG0007300	BnaC02LNG0007300.1	MSTRG.54803.1	chrC02	39997966-39999356	1390	u	1
BnaC02LNG0007400	BnaC02LNG0007400.1	MSTRG.55216.1	chrC02	43322346-43322852	506	u	1
BnaC02LNG0007500	BnaC02LNG0007500.1	MSTRG.55309.1	chrC02	44025466-44026605	1139	u	1
BnaC02LNG0007600	BnaC02LNG0007600.1	MSTRG.55576.1	chrC02	46016730-46017700	970	u	1
BnaC02LNG0007700	BnaC02LNG0007700.1	MSTRG.55740.1	chrC02_random	976623-977569	946	u	1
BnaC02LNG0007800	BnaC02LNG0007800.1	MSTRG.55753.1	chrC02_random	1022062-1022311	249	u	1
BnaC02LNG0007900	BnaC02LNG0007900.1	MSTRG.55803.1	chrC02_random	1402381-1402837	456	u	1
BnaC02LNG0008000	BnaC02LNG0008000.1	MSTRG.55846.1	chrC02_random	1658944-1662200	3256	u	1
BnaC02LNG0008100	BnaC02LNG0008100.1	MSTRG.55870.1	chrC02_random	1795576-1796746	1170	u	1
BnaC02LNG0008200	BnaC02LNG0008200.1	MSTRG.55935.1	chrC02_random	2212701-2216546	3845	u	1
BnaC02LNG0008300	BnaC02LNG0008300.1	MSTRG.55986.1	chrC02_random	2544652-2545460	808	u	1
BnaC02LNG0008400	BnaC02LNG0008400.1	MSTRG.56017.1	chrC02_random	3028548-3029079	531	u	1
BnaC02LNG0008500	BnaC02LNG0008500.1	MSTRG.56018.1	chrC02_random	3040004-3041705	1701	u	1
BnaC02LNG0008600	BnaC02LNG0008600.1	MSTRG.56057.1	chrC02_random	3146269-3146684	415	u	1
BnaC02LNG0008700	BnaC02LNG0008700.1	MSTRG.56082.1	chrC02_random	3382348-3383017	669	u	1
BnaC02LNG0008800	BnaC02LNG0008800.1	MSTRG.56168.1	chrC02_random	4122057-4124154	2097	u	1
BnaC02LNG0008900	BnaC02LNG0008900.1	MSTRG.56204.1	chrC02_random	4483368-4483913	545	u	1
BnaC02LNG0009000	BnaC02LNG0009000.1	MSTRG.56238.1	chrC02_random	4736560-4739221	2661	u	1
BnaC02LNG0009100	BnaC02LNG0009100.1	MSTRG.56257.1	chrC02_random	4841334-4841942	608	u	1
BnaC02LNG0009200	BnaC02LNG0009200.1	MSTRG.56289.1	chrC02_random	4996474-4997110	636	u	1
BnaC03LNG0000100	BnaC03LNG0000100.1	MSTRG.56492.1	chrC03	1417299-1417807	508	u	1
BnaC03LNG0000200	BnaC03LNG0000200.1	MSTRG.56515.1	chrC03	1533718-1534236	518	u	1
BnaC03LNG0000300	BnaC03LNG0000300.1	MSTRG.56658.1	chrC03	1983152-1983808	656	u	1
BnaC03LNG0000400	BnaC03LNG0000400.1	MSTRG.56794.1	chrC03	2891330-2891991	661	u	1
BnaC03LNG0000500	BnaC03LNG0000500.1	MSTRG.56829.3	chrC03	3045331-3046157	826	o	2
BnaC03LNG0000600	BnaC03LNG0000600.1	MSTRG.57246.1	chrC03	5835862-5837188	1326	o	2
BnaC03LNG0000700	BnaC03LNG0000700.1	MSTRG.57359.1	chrC03	6487078-6488569	1491	o	2
BnaC03LNG0000800	BnaC03LNG0000800.1	MSTRG.57359.6	chrC03	6487268-6488569	1301	o	2
BnaC03LNG0000900	BnaC03LNG0000900.1	MSTRG.57359.7	chrC03	6487314-6488569	1255	o	2
BnaC03LNG0001000	BnaC03LNG0001000.1	MSTRG.57448.1	chrC03	6945187-6945782	595	u	1
BnaC03LNG0001100	BnaC03LNG0001100.1	MSTRG.57544.1	chrC03	7417728-7418330	602	u	1
BnaC03LNG0001200	BnaC03LNG0001200.1	MSTRG.57546.1	chrC03	7506390-7507034	644	u	1
BnaC03LNG0001300	BnaC03LNG0001300.1	MSTRG.57549.1	chrC03	7516431-7516789	358	u	1
BnaC03LNG0001400	BnaC03LNG0001400.1	MSTRG.57551.1	chrC03	7521656-7523403	1747	u	1
BnaC03LNG0001500	BnaC03LNG0001500.1	MSTRG.57583.1	chrC03	7689651-7690250	599	u	1
BnaC03LNG0001600	BnaC03LNG0001600.1	MSTRG.57616.1	chrC03	7935510-7936359	849	u	1
BnaC03LNG0001700	BnaC03LNG0001700.1	MSTRG.57640.1	chrC03	8054684-8055405	721	u	1
BnaC03LNG0001800	BnaC03LNG0001800.1	MSTRG.57789.1	chrC03	8918099-8918841	742	u	1
BnaC03LNG0001900	BnaC03LNG0001900.1	MSTRG.57862.2	chrC03	9239992-9241634	1642	o	2
BnaC03LNG0002000	BnaC03LNG0002000.1	MSTRG.57867.1	chrC03	9334945-9336461	1516	u	1
BnaC03LNG0002100	BnaC03LNG0002100.1	MSTRG.57886.1	chrC03	9476333-9477195	862	u	1
BnaC03LNG0002200	BnaC03LNG0002200.1	MSTRG.57905.1	chrC03	9651304-9651977	673	u	1
BnaC03LNG0002300	BnaC03LNG0002300.1	MSTRG.57932.1	chrC03	9946565-9948639	2074	u	1
BnaC03LNG0002400	BnaC03LNG0002400.1	MSTRG.58055.1	chrC03	10728200-10728900	700	u	1
BnaC03LNG0002500	BnaC03LNG0002500.1	MSTRG.58067.1	chrC03	10753173-10762425	9252	u	1
BnaC03LNG0002600	BnaC03LNG0002600.1	MSTRG.58080.1	chrC03	10873372-10874622	1250	u	1
BnaC03LNG0002700	BnaC03LNG0002700.1	MSTRG.58101.1	chrC03	10981083-10983331	2248	u	1
BnaC03LNG0002800	BnaC03LNG0002800.1	MSTRG.58123.1	chrC03	11075058-11077387	2329	o	2
BnaC03LNG0002900	BnaC03LNG0002900.1	MSTRG.58133.1	chrC03	11118516-11119474	958	u	1
BnaC03LNG0003000	BnaC03LNG0003000.1	MSTRG.58149.5	chrC03	11254886-11256247	1361	o	2
BnaC03LNG0003100	BnaC03LNG0003100.1	MSTRG.58182.3	chrC03	11490846-11491627	781	o	2
BnaC03LNG0003200	BnaC03LNG0003200.1	MSTRG.58190.1	chrC03	11631191-11631597	406	u	1
BnaC03LNG0003300	BnaC03LNG0003300.1	MSTRG.58222.1	chrC03	11885115-11886581	1466	u	1
BnaC03LNG0003400	BnaC03LNG0003400.1	MSTRG.58282.1	chrC03	12288039-12289227	1188	u	1
BnaC03LNG0003500	BnaC03LNG0003500.1	MSTRG.58283.1	chrC03	12291382-12293476	2094	u	1
BnaC03LNG0003600	BnaC03LNG0003600.1	MSTRG.58307.1	chrC03	12473631-12475550	1919	u	2
BnaC03LNG0003700	BnaC03LNG0003700.1	MSTRG.58319.1	chrC03	12554753-12555869	1116	o	2
BnaC03LNG0003800	BnaC03LNG0003800.1	MSTRG.58321.1	chrC03	12559581-12560559	978	u	1
BnaC03LNG0003900	BnaC03LNG0003900.1	MSTRG.58326.1	chrC03	12573552-12574762	1210	u	1
BnaC03LNG0004000	BnaC03LNG0004000.1	MSTRG.58331.1	chrC03	12590791-12591327	536	u	1
BnaC03LNG0004100	BnaC03LNG0004100.1	MSTRG.58347.1	chrC03	12696255-12696903	648	u	1
BnaC03LNG0004200	BnaC03LNG0004200.1	MSTRG.58381.2	chrC03	12893370-12904031	10661	o	3
BnaC03LNG0004300	BnaC03LNG0004300.1	MSTRG.58385.1	chrC03	12912810-12913170	360	u	1
BnaC03LNG0004400	BnaC03LNG0004400.1	MSTRG.58386.1	chrC03	12917759-12918042	283	u	1
BnaC03LNG0004500	BnaC03LNG0004500.1	MSTRG.58404.1	chrC03	13017810-13018430	620	u	1
BnaC03LNG0004600	BnaC03LNG0004600.1	MSTRG.58405.1	chrC03	13020097-13021880	1783	u	1
BnaC03LNG0004700	BnaC03LNG0004700.1	MSTRG.58460.1	chrC03	13258503-13260446	1943	o	2
BnaC03LNG0004800	BnaC03LNG0004800.1	MSTRG.58460.2	chrC03	13259084-13260446	1362	o	2
BnaC03LNG0004900	BnaC03LNG0004900.1	MSTRG.58430.1	chrC03	13368654-13371156	2502	u	1
BnaC03LNG0005000	BnaC03LNG0005000.1	MSTRG.58475.1	chrC03	13455123-13456334	1211	u	1
BnaC03LNG0005100	BnaC03LNG0005100.1	MSTRG.58481.1	chrC03	13491027-13491537	510	u	1
BnaC03LNG0005200	BnaC03LNG0005200.1	MSTRG.58567.1	chrC03	14059180-14060574	1394	u	1
BnaC03LNG0005300	BnaC03LNG0005300.1	MSTRG.58708.1	chrC03	14993531-14994416	885	u	1
BnaC03LNG0005400	BnaC03LNG0005400.1	MSTRG.58719.1	chrC03	15060675-15063198	2523	u	1
BnaC03LNG0005500	BnaC03LNG0005500.1	MSTRG.58813.1	chrC03	15744640-15745142	502	u	1
BnaC03LNG0005600	BnaC03LNG0005600.1	MSTRG.58903.1	chrC03	16397282-16398449	1167	u	1
BnaC03LNG0005700	BnaC03LNG0005700.1	MSTRG.58960.1	chrC03	16765861-16768420	2559	u	1
BnaC03LNG0005800	BnaC03LNG0005800.1	MSTRG.59011.1	chrC03	17002612-17003689	1077	u	1
BnaC03LNG0005900	BnaC03LNG0005900.1	MSTRG.59027.1	chrC03	17192220-17192940	720	u	1
BnaC03LNG0006000	BnaC03LNG0006000.1	MSTRG.59037.1	chrC03	17238540-17242427	3887	o	2
BnaC03LNG0006000	BnaC03LNG0006000.2	MSTRG.59037.2	chrC03	17238540-17242427	3887	o	2
BnaC03LNG0006100	BnaC03LNG0006100.1	MSTRG.59109.1	chrC03	17797104-17797919	815	u	1
BnaC03LNG0006200	BnaC03LNG0006200.1	MSTRG.59114.1	chrC03	17816127-17816729	602	u	1
BnaC03LNG0006300	BnaC03LNG0006300.1	MSTRG.59115.1	chrC03	17820384-17820871	487	u	1
BnaC03LNG0006400	BnaC03LNG0006400.1	MSTRG.59158.1	chrC03	18088161-18090251	2090	u	1
BnaC03LNG0006500	BnaC03LNG0006500.1	MSTRG.59187.1	chrC03	18334293-18334985	692	u	1
BnaC03LNG0006600	BnaC03LNG0006600.1	MSTRG.59264.1	chrC03	18978515-18978985	470	u	1
BnaC03LNG0006700	BnaC03LNG0006700.1	MSTRG.59291.1	chrC03	19166218-19166525	307	u	1
BnaC03LNG0006800	BnaC03LNG0006800.1	MSTRG.59379.1	chrC03	19816459-19816893	434	u	1
BnaC03LNG0006900	BnaC03LNG0006900.1	MSTRG.59781.1	chrC03	22288864-22289612	748	o	2
BnaC03LNG0007000	BnaC03LNG0007000.1	MSTRG.59877.1	chrC03	23151649-23152847	1198	u	1
BnaC03LNG0007100	BnaC03LNG0007100.1	MSTRG.59903.1	chrC03	23209578-23210936	1358	u	1
BnaC03LNG0007200	BnaC03LNG0007200.1	MSTRG.60022.1	chrC03	24177695-24177966	271	u	1
BnaC03LNG0007300	BnaC03LNG0007300.1	MSTRG.60040.1	chrC03	24360315-24360586	271	u	1
BnaC03LNG0007400	BnaC03LNG0007400.1	MSTRG.60093.1	chrC03	24865212-24865789	577	u	1
BnaC03LNG0007500	BnaC03LNG0007500.1	MSTRG.60136.1	chrC03	25223514-25223879	365	u	1
BnaC03LNG0007600	BnaC03LNG0007600.1	MSTRG.60160.1	chrC03	25351957-25352596	639	u	1
BnaC03LNG0007700	BnaC03LNG0007700.1	MSTRG.60263.1	chrC03	26273564-26274220	656	u	1
BnaC03LNG0007800	BnaC03LNG0007800.1	MSTRG.60454.1	chrC03	27622974-27624834	1860	u	1
BnaC03LNG0007900	BnaC03LNG0007900.1	MSTRG.60518.1	chrC03	28305164-28307633	2469	u	1
BnaC03LNG0008000	BnaC03LNG0008000.1	MSTRG.60553.1	chrC03	28769924-28773808	3884	u	1
BnaC03LNG0008100	BnaC03LNG0008100.1	MSTRG.60589.1	chrC03	29031029-29031796	767	u	1
BnaC03LNG0008200	BnaC03LNG0008200.1	MSTRG.60771.1	chrC03	30878388-30881550	3162	u	1
BnaC03LNG0008300	BnaC03LNG0008300.1	MSTRG.60779.1	chrC03	30927339-30928655	1316	u	1
BnaC03LNG0008400	BnaC03LNG0008400.1	MSTRG.60803.1	chrC03	31020086-31022657	2571	o	5
BnaC03LNG0008500	BnaC03LNG0008500.1	MSTRG.60849.1	chrC03	31606337-31606839	502	u	1
BnaC03LNG0008600	BnaC03LNG0008600.1	MSTRG.60905.1	chrC03	31961005-31962668	1663	u	1
BnaC03LNG0008700	BnaC03LNG0008700.1	MSTRG.60931.1	chrC03	32130620-32130890	270	u	1
BnaC03LNG0008800	BnaC03LNG0008800.1	MSTRG.60945.1	chrC03	32214833-32215924	1091	u	1
BnaC03LNG0008900	BnaC03LNG0008900.1	MSTRG.60967.1	chrC03	32392194-32394194	2000	u	1
BnaC03LNG0009000	BnaC03LNG0009000.1	MSTRG.60977.1	chrC03	32449007-32450134	1127	o	2
BnaC03LNG0009100	BnaC03LNG0009100.1	MSTRG.61059.1	chrC03	33133941-33135033	1092	u	1
BnaC03LNG0009200	BnaC03LNG0009200.1	MSTRG.61062.1	chrC03	33144941-33146927	1986	u	1
BnaC03LNG0009300	BnaC03LNG0009300.1	MSTRG.61081.1	chrC03	33291444-33291938	494	u	1
BnaC03LNG0009400	BnaC03LNG0009400.1	MSTRG.61119.1	chrC03	33590503-33590867	364	u	1
BnaC03LNG0009500	BnaC03LNG0009500.1	MSTRG.61159.1	chrC03	33909412-33909800	388	u	1
BnaC03LNG0009600	BnaC03LNG0009600.1	MSTRG.61160.1	chrC03	33910632-33914578	3946	u	1
BnaC03LNG0009700	BnaC03LNG0009700.1	MSTRG.61173.1	chrC03	34099858-34100262	404	u	1
BnaC03LNG0009800	BnaC03LNG0009800.1	MSTRG.61247.1	chrC03	34723501-34724046	545	u	1
BnaC03LNG0009900	BnaC03LNG0009900.1	MSTRG.61289.1	chrC03	35239899-35241524	1625	u	1
BnaC03LNG0010000	BnaC03LNG0010000.1	MSTRG.61294.1	chrC03	35252147-35253258	1111	u	1
BnaC03LNG0010100	BnaC03LNG0010100.1	MSTRG.61461.1	chrC03	36692569-36693676	1107	u	1
BnaC03LNG0010200	BnaC03LNG0010200.1	MSTRG.61525.1	chrC03	37516643-37517295	652	u	1
BnaC03LNG0010300	BnaC03LNG0010300.1	MSTRG.61524.1	chrC03	37519191-37519785	594	u	1
BnaC03LNG0010400	BnaC03LNG0010400.1	MSTRG.61573.1	chrC03	37910669-37911615	946	u	1
BnaC03LNG0010500	BnaC03LNG0010500.1	MSTRG.61667.1	chrC03	38974827-38975413	586	u	1
BnaC03LNG0010600	BnaC03LNG0010600.1	MSTRG.61703.1	chrC03	39602663-39603050	387	u	1
BnaC03LNG0010700	BnaC03LNG0010700.1	MSTRG.61737.1	chrC03	39880612-39881041	429	u	1
BnaC03LNG0010800	BnaC03LNG0010800.1	MSTRG.61804.1	chrC03	41189682-41191725	2043	u	1
BnaC03LNG0010900	BnaC03LNG0010900.1	MSTRG.61824.1	chrC03	41605143-41605486	343	u	1
BnaC03LNG0011000	BnaC03LNG0011000.1	MSTRG.61856.1	chrC03	42073802-42074753	951	u	1
BnaC03LNG0011100	BnaC03LNG0011100.1	MSTRG.61899.1	chrC03	42507461-42510157	2696	u	1
BnaC03LNG0011200	BnaC03LNG0011200.1	MSTRG.61951.1	chrC03	43283055-43283826	771	u	1
BnaC03LNG0011300	BnaC03LNG0011300.1	MSTRG.61971.1	chrC03	43594126-43595801	1675	u	1
BnaC03LNG0011400	BnaC03LNG0011400.1	MSTRG.62007.1	chrC03	44224137-44228793	4656	u	2
BnaC03LNG0011500	BnaC03LNG0011500.1	MSTRG.62068.1	chrC03	44810787-44811358	571	u	1
BnaC03LNG0011600	BnaC03LNG0011600.1	MSTRG.62192.1	chrC03	45966537-45968344	1807	u	1
BnaC03LNG0011700	BnaC03LNG0011700.1	MSTRG.62272.1	chrC03	46726418-46727187	769	u	1
BnaC03LNG0011800	BnaC03LNG0011800.1	MSTRG.62405.1	chrC03	47899880-47901094	1214	o	2
BnaC03LNG0011900	BnaC03LNG0011900.1	MSTRG.62506.1	chrC03	48912633-48913221	588	u	1
BnaC03LNG0012000	BnaC03LNG0012000.1	MSTRG.62536.1	chrC03	49142393-49142636	243	u	1
BnaC03LNG0012100	BnaC03LNG0012100.1	MSTRG.62539.1	chrC03	49150231-49152223	1992	u	1
BnaC03LNG0012200	BnaC03LNG0012200.1	MSTRG.62614.1	chrC03	49761389-49762147	758	u	1
BnaC03LNG0012300	BnaC03LNG0012300.1	MSTRG.62645.1	chrC03	50233615-50234548	933	u	1
BnaC03LNG0012400	BnaC03LNG0012400.1	MSTRG.62681.1	chrC03	50409763-50411285	1522	u	1
BnaC03LNG0012500	BnaC03LNG0012500.1	MSTRG.62828.1	chrC03	51792941-51794301	1360	u	1
BnaC03LNG0012600	BnaC03LNG0012600.1	MSTRG.62878.1	chrC03	52412948-52414230	1282	u	1
BnaC03LNG0012700	BnaC03LNG0012700.1	MSTRG.62942.1	chrC03	53062396-53067631	5235	u	1
BnaC03LNG0012800	BnaC03LNG0012800.1	MSTRG.62965.1	chrC03	53189219-53189528	309	u	1
BnaC03LNG0012900	BnaC03LNG0012900.1	MSTRG.63195.1	chrC03	55088279-55089000	721	u	1
BnaC03LNG0013000	BnaC03LNG0013000.1	MSTRG.63194.1	chrC03	55092710-55093441	731	u	1
BnaC03LNG0013100	BnaC03LNG0013100.1	MSTRG.63250.1	chrC03	55651678-55652439	761	u	1
BnaC03LNG0013200	BnaC03LNG0013200.1	MSTRG.63355.1	chrC03	56556973-56557663	690	u	1
BnaC03LNG0013300	BnaC03LNG0013300.1	MSTRG.63372.1	chrC03	56713761-56718520	4759	u	1
BnaC03LNG0013400	BnaC03LNG0013400.1	MSTRG.63448.1	chrC03	57265561-57266009	448	u	1
BnaC03LNG0013500	BnaC03LNG0013500.1	MSTRG.63478.1	chrC03	57422555-57423258	703	u	1
BnaC03LNG0013600	BnaC03LNG0013600.1	MSTRG.63494.1	chrC03	57648040-57649656	1616	u	1
BnaC03LNG0013700	BnaC03LNG0013700.1	MSTRG.63527.1	chrC03	57847970-57848248	278	u	1
BnaC03LNG0013800	BnaC03LNG0013800.1	MSTRG.63539.1	chrC03	58047408-58051119	3711	u	1
BnaC03LNG0013900	BnaC03LNG0013900.1	MSTRG.63569.1	chrC03	58195901-58196405	504	u	1
BnaC03LNG0014000	BnaC03LNG0014000.1	MSTRG.63591.1	chrC03	58396013-58397392	1379	u	1
BnaC03LNG0014100	BnaC03LNG0014100.1	MSTRG.63666.1	chrC03	58865504-58866440	936	u	1
BnaC03LNG0014200	BnaC03LNG0014200.1	MSTRG.63667.1	chrC03	58868296-58868813	517	u	1
BnaC03LNG0014300	BnaC03LNG0014300.1	MSTRG.63669.1	chrC03	58872702-58873899	1197	u	1
BnaC03LNG0014400	BnaC03LNG0014400.1	MSTRG.63786.1	chrC03	59650212-59650840	628	u	1
BnaC03LNG0014500	BnaC03LNG0014500.1	MSTRG.63791.1	chrC03	59680165-59681396	1231	u	1
BnaC03LNG0014600	BnaC03LNG0014600.1	MSTRG.63828.1	chrC03	59939180-59946099	6919	u	1
BnaC03LNG0014700	BnaC03LNG0014700.1	MSTRG.63882.1	chrC03	60509011-60510126	1115	u	1
BnaC03LNG0014800	BnaC03LNG0014800.1	MSTRG.63909.1	chrC03_random	102646-103716	1070	u	2
BnaC03LNG0014900	BnaC03LNG0014900.1	MSTRG.64009.1	chrC03_random	580546-581821	1275	u	1
BnaC03LNG0015000	BnaC03LNG0015000.1	MSTRG.64081.1	chrC03_random	1155772-1157693	1921	o	3
BnaC03LNG0015100	BnaC03LNG0015100.1	MSTRG.64212.1	chrC03_random	2257961-2260218	2257	u	1
BnaC03LNG0015200	BnaC03LNG0015200.1	MSTRG.64305.1	chrC03_random	2907372-2909405	2033	u	1
BnaC03LNG0015300	BnaC03LNG0015300.1	MSTRG.64348.1	chrC03_random	3540362-3540627	265	u	1
BnaC03LNG0015400	BnaC03LNG0015400.1	MSTRG.64570.1	chrC03_random	5420879-5422832	1953	u	1
BnaC04LNG0000100	BnaC04LNG0000100.1	MSTRG.64831.1	chrC04	674970-675420	450	u	1
BnaC04LNG0000200	BnaC04LNG0000200.1	MSTRG.64919.1	chrC04	1149823-1150612	789	u	1
BnaC04LNG0000300	BnaC04LNG0000300.1	MSTRG.65074.1	chrC04	2354977-2357077	2100	u	1
BnaC04LNG0000400	BnaC04LNG0000400.1	MSTRG.65115.1	chrC04	2769324-2769850	526	u	1
BnaC04LNG0000500	BnaC04LNG0000500.1	MSTRG.65128.1	chrC04	2864109-2865090	981	u	1
BnaC04LNG0000600	BnaC04LNG0000600.1	MSTRG.65132.1	chrC04	2874502-2875990	1488	u	1
BnaC04LNG0000700	BnaC04LNG0000700.1	MSTRG.65135.1	chrC04	2918803-2919279	476	u	1
BnaC04LNG0000800	BnaC04LNG0000800.1	MSTRG.65241.1	chrC04	3683811-3684150	339	u	1
BnaC04LNG0000900	BnaC04LNG0000900.1	MSTRG.65332.1	chrC04	4402754-4403223	469	u	1
BnaC04LNG0001000	BnaC04LNG0001000.1	MSTRG.65687.1	chrC04	7266228-7268341	2113	u	1
BnaC04LNG0001100	BnaC04LNG0001100.1	MSTRG.65743.1	chrC04	7804840-7807296	2456	x	2
BnaC04LNG0001200	BnaC04LNG0001200.1	MSTRG.66063.1	chrC04	10555224-10555807	583	u	1
BnaC04LNG0001300	BnaC04LNG0001300.1	MSTRG.66118.1	chrC04	11039979-11041323	1344	u	1
BnaC04LNG0001400	BnaC04LNG0001400.1	MSTRG.66133.1	chrC04	11137077-11137893	816	u	1
BnaC04LNG0001500	BnaC04LNG0001500.1	MSTRG.66158.1	chrC04	11346690-11349554	2864	u	1
BnaC04LNG0001600	BnaC04LNG0001600.1	MSTRG.66159.1	chrC04	11350035-11351178	1143	u	1
BnaC04LNG0001700	BnaC04LNG0001700.1	MSTRG.66164.1	chrC04	11366569-11366940	371	u	1
BnaC04LNG0001800	BnaC04LNG0001800.1	MSTRG.66295.1	chrC04	12408367-12408611	244	u	1
BnaC04LNG0001900	BnaC04LNG0001900.1	MSTRG.66296.1	chrC04	12408822-12409169	347	u	1
BnaC04LNG0002000	BnaC04LNG0002000.1	MSTRG.66297.1	chrC04	12413622-12427019	13397	u	1
BnaC04LNG0002100	BnaC04LNG0002100.1	MSTRG.66370.1	chrC04	13133735-13134140	405	u	1
BnaC04LNG0002200	BnaC04LNG0002200.1	MSTRG.66396.1	chrC04	13283345-13284230	885	u	1
BnaC04LNG0002300	BnaC04LNG0002300.1	MSTRG.66401.1	chrC04	13297723-13298145	422	u	1
BnaC04LNG0002400	BnaC04LNG0002400.1	MSTRG.66417.1	chrC04	13461911-13463023	1112	u	1
BnaC04LNG0002500	BnaC04LNG0002500.1	MSTRG.66509.1	chrC04	14282968-14283205	237	u	1
BnaC04LNG0002600	BnaC04LNG0002600.1	MSTRG.66512.1	chrC04	14290840-14291657	817	u	1
BnaC04LNG0002700	BnaC04LNG0002700.1	MSTRG.66550.1	chrC04	14579201-14579795	594	u	1
BnaC04LNG0002800	BnaC04LNG0002800.1	MSTRG.66641.1	chrC04	15286833-15287902	1069	u	1
BnaC04LNG0002900	BnaC04LNG0002900.1	MSTRG.66689.1	chrC04	15846363-15846869	506	u	1
BnaC04LNG0003000	BnaC04LNG0003000.1	MSTRG.66691.1	chrC04	15856579-15858562	1983	u	1
BnaC04LNG0003100	BnaC04LNG0003100.1	MSTRG.66694.1	chrC04	15865136-15867640	2504	u	1
BnaC04LNG0003200	BnaC04LNG0003200.1	MSTRG.66706.1	chrC04	16010166-16010497	331	u	1
BnaC04LNG0003300	BnaC04LNG0003300.1	MSTRG.66717.1	chrC04	16126651-16131341	4690	u	1
BnaC04LNG0003400	BnaC04LNG0003400.1	MSTRG.66800.1	chrC04	17179719-17180753	1034	u	1
BnaC04LNG0003500	BnaC04LNG0003500.1	MSTRG.66896.1	chrC04	18565043-18566692	1649	i	1
BnaC04LNG0003600	BnaC04LNG0003600.1	MSTRG.66977.1	chrC04	19909260-19916178	6918	u	1
BnaC04LNG0003700	BnaC04LNG0003700.1	MSTRG.66994.1	chrC04	20059983-20061243	1260	o	3
BnaC04LNG0003800	BnaC04LNG0003800.1	MSTRG.67092.1	chrC04	20985341-20986858	1517	u	1
BnaC04LNG0003900	BnaC04LNG0003900.1	MSTRG.67129.1	chrC04	21304935-21306109	1174	u	1
BnaC04LNG0004000	BnaC04LNG0004000.1	MSTRG.67297.1	chrC04	22359520-22360601	1081	u	1
BnaC04LNG0004100	BnaC04LNG0004100.1	MSTRG.67420.1	chrC04	23364554-23365933	1379	o	2
BnaC04LNG0004200	BnaC04LNG0004200.1	MSTRG.67513.1	chrC04	24397903-24398197	294	u	1
BnaC04LNG0004300	BnaC04LNG0004300.1	MSTRG.67712.1	chrC04	25920127-25921492	1365	u	1
BnaC04LNG0004400	BnaC04LNG0004400.1	MSTRG.67963.1	chrC04	29132991-29133296	305	u	1
BnaC04LNG0004500	BnaC04LNG0004500.1	MSTRG.67964.1	chrC04	29137455-29138803	1348	u	1
BnaC04LNG0004600	BnaC04LNG0004600.1	MSTRG.67965.1	chrC04	29143316-29143792	476	u	1
BnaC04LNG0004700	BnaC04LNG0004700.1	MSTRG.67995.1	chrC04	29296546-29299374	2828	u	1
BnaC04LNG0004800	BnaC04LNG0004800.1	MSTRG.68011.1	chrC04	29495075-29495775	700	u	1
BnaC04LNG0004900	BnaC04LNG0004900.1	MSTRG.68023.1	chrC04	29521295-29521884	589	u	1
BnaC04LNG0005000	BnaC04LNG0005000.1	MSTRG.68124.1	chrC04	30240464-30247967	7503	u	1
BnaC04LNG0005100	BnaC04LNG0005100.1	MSTRG.68337.1	chrC04	32197950-32198751	801	u	1
BnaC04LNG0005200	BnaC04LNG0005200.1	MSTRG.68366.1	chrC04	32353572-32353858	286	u	1
BnaC04LNG0005300	BnaC04LNG0005300.1	MSTRG.68514.1	chrC04	33464586-33466494	1908	u	1
BnaC04LNG0005400	BnaC04LNG0005400.1	MSTRG.68598.1	chrC04	34326647-34327549	902	u	1
BnaC04LNG0005500	BnaC04LNG0005500.1	MSTRG.68687.1	chrC04	34954728-34956597	1869	u	1
BnaC04LNG0005600	BnaC04LNG0005600.1	MSTRG.68786.1	chrC04	35771955-35773599	1644	u	1
BnaC04LNG0005700	BnaC04LNG0005700.1	MSTRG.68795.1	chrC04	35837701-35838268	567	u	1
BnaC04LNG0005800	BnaC04LNG0005800.1	MSTRG.68821.1	chrC04	36115927-36119227	3300	u	2
BnaC04LNG0005900	BnaC04LNG0005900.1	MSTRG.68859.1	chrC04	36406424-36407220	796	o	2
BnaC04LNG0006000	BnaC04LNG0006000.1	MSTRG.68925.1	chrC04	36846919-36847798	879	u	1
BnaC04LNG0006100	BnaC04LNG0006100.1	MSTRG.68937.1	chrC04	36884049-36885180	1131	u	1
BnaC04LNG0006200	BnaC04LNG0006200.1	MSTRG.68962.1	chrC04	37037375-37038213	838	u	1
BnaC04LNG0006300	BnaC04LNG0006300.1	MSTRG.69016.1	chrC04	37267817-37268343	526	u	1
BnaC04LNG0006400	BnaC04LNG0006400.1	MSTRG.69064.1	chrC04	37619828-37620208	380	u	1
BnaC04LNG0006500	BnaC04LNG0006500.1	MSTRG.69066.1	chrC04	37627562-37628911	1349	o	3
BnaC04LNG0006600	BnaC04LNG0006600.1	MSTRG.69297.1	chrC04	39452265-39453765	1500	u	1
BnaC04LNG0006700	BnaC04LNG0006700.1	MSTRG.69538.1	chrC04	41103699-41104188	489	u	1
BnaC04LNG0006800	BnaC04LNG0006800.1	MSTRG.69613.1	chrC04	41650922-41653678	2756	u	1
BnaC04LNG0006900	BnaC04LNG0006900.1	MSTRG.69617.1	chrC04	41701110-41701409	299	u	1
BnaC04LNG0007000	BnaC04LNG0007000.1	MSTRG.69647.1	chrC04	41936926-41938577	1651	u	1
BnaC04LNG0007100	BnaC04LNG0007100.1	MSTRG.69717.1	chrC04	42612932-42613307	375	u	1
BnaC04LNG0007200	BnaC04LNG0007200.1	MSTRG.69720.1	chrC04	42632839-42634956	2117	o	2
BnaC04LNG0007300	BnaC04LNG0007300.1	MSTRG.69787.1	chrC04	43057947-43058402	455	u	1
BnaC04LNG0007400	BnaC04LNG0007400.1	MSTRG.69954.1	chrC04	44396138-44396969	831	u	1
BnaC04LNG0007500	BnaC04LNG0007500.1	MSTRG.69985.1	chrC04	44629249-44630616	1367	u	1
BnaC04LNG0007600	BnaC04LNG0007600.1	MSTRG.70078.1	chrC04	45141900-45148508	6608	u	1
BnaC04LNG0007700	BnaC04LNG0007700.1	MSTRG.70187.1	chrC04	45888931-45889544	613	u	1
BnaC04LNG0007800	BnaC04LNG0007800.1	MSTRG.70188.1	chrC04	45889749-45891476	1727	u	1
BnaC04LNG0007900	BnaC04LNG0007900.1	MSTRG.70224.1	chrC04	46138438-46140074	1636	u	1
BnaC04LNG0008000	BnaC04LNG0008000.1	MSTRG.70254.1	chrC04	46374619-46375432	813	u	1
BnaC04LNG0008100	BnaC04LNG0008100.1	MSTRG.70278.1	chrC04	46614414-46616195	1781	u	1
BnaC04LNG0008200	BnaC04LNG0008200.1	MSTRG.70302.1	chrC04	46764690-46765153	463	u	1
BnaC04LNG0008300	BnaC04LNG0008300.1	MSTRG.70511.1	chrC04	47904798-47905493	695	u	1
BnaC04LNG0008400	BnaC04LNG0008400.1	MSTRG.70532.1	chrC04	48050969-48052367	1398	u	1
BnaC04LNG0008500	BnaC04LNG0008500.1	MSTRG.70635.1	chrC04	48836824-48837869	1045	u	1
BnaC04LNG0008600	BnaC04LNG0008600.1	MSTRG.70748.1	chrC04_random	478438-478929	491	u	1
BnaC04LNG0008700	BnaC04LNG0008700.1	MSTRG.70755.1	chrC04_random	492935-494437	1502	o	3
BnaC04LNG0008800	BnaC04LNG0008800.1	MSTRG.70831.1	chrC04_random	991542-993075	1533	o	3
BnaC04LNG0008900	BnaC04LNG0008900.1	MSTRG.70851.1	chrC04_random	1127395-1128688	1293	u	2
BnaC04LNG0009000	BnaC04LNG0009000.1	MSTRG.70871.1	chrC04_random	1240421-1240984	563	u	1
BnaC04LNG0009100	BnaC04LNG0009100.1	MSTRG.70887.1	chrC04_random	1345588-1347557	1969	u	1
BnaC04LNG0009200	BnaC04LNG0009200.1	MSTRG.70909.1	chrC04_random	1444948-1445480	532	u	1
BnaC04LNG0009300	BnaC04LNG0009300.1	MSTRG.71040.1	chrC04_random	2436867-2437866	999	u	1
BnaC04LNG0009400	BnaC04LNG0009400.1	MSTRG.71082.1	chrC04_random	2781177-2782769	1592	u	1
BnaC04LNG0009500	BnaC04LNG0009500.1	MSTRG.71104.1	chrC04_random	2929923-2931069	1146	u	1
BnaC04LNG0009600	BnaC04LNG0009600.1	MSTRG.71193.1	chrC04_random	3663826-3664617	791	u	1
BnaC05LNG0000100	BnaC05LNG0000100.1	MSTRG.71429.1	chrC05	810546-810761	215	u	1
BnaC05LNG0000200	BnaC05LNG0000200.1	MSTRG.71605.1	chrC05	1810727-1811669	942	u	1
BnaC05LNG0000300	BnaC05LNG0000300.1	MSTRG.71794.1	chrC05	3056530-3057171	641	u	1
BnaC05LNG0000400	BnaC05LNG0000400.1	MSTRG.71809.1	chrC05	3101444-3101728	284	u	1
BnaC05LNG0000500	BnaC05LNG0000500.1	MSTRG.71923.1	chrC05	3898654-3900532	1878	o	2
BnaC05LNG0000600	BnaC05LNG0000600.1	MSTRG.71958.1	chrC05	4088707-4099204	10497	u	1
BnaC05LNG0000700	BnaC05LNG0000700.1	MSTRG.71993.1	chrC05	4456572-4457241	669	u	1
BnaC05LNG0000800	BnaC05LNG0000800.1	MSTRG.72066.1	chrC05	5014655-5015211	556	u	1
BnaC05LNG0000900	BnaC05LNG0000900.1	MSTRG.72184.1	chrC05	6111135-6113853	2718	u	1
BnaC05LNG0001000	BnaC05LNG0001000.1	MSTRG.72197.1	chrC05	6189247-6190805	1558	u	1
BnaC05LNG0001100	BnaC05LNG0001100.1	MSTRG.72201.1	chrC05	6228818-6233370	4552	u	1
BnaC05LNG0001200	BnaC05LNG0001200.1	MSTRG.72335.1	chrC05	7335140-7335811	671	u	1
BnaC05LNG0001300	BnaC05LNG0001300.1	MSTRG.72465.1	chrC05	8252664-8254897	2233	u	1
BnaC05LNG0001400	BnaC05LNG0001400.1	MSTRG.72491.1	chrC05	8449790-8451075	1285	u	1
BnaC05LNG0001500	BnaC05LNG0001500.1	MSTRG.72497.1	chrC05	8451423-8453649	2226	u	1
BnaC05LNG0001600	BnaC05LNG0001600.1	MSTRG.72691.1	chrC05	9997995-10001616	3621	o	2
BnaC05LNG0001700	BnaC05LNG0001700.1	MSTRG.72752.1	chrC05	10587134-10588271	1137	u	1
BnaC05LNG0001800	BnaC05LNG0001800.1	MSTRG.72742.1	chrC05	10826115-10826815	700	u	1
BnaC05LNG0001900	BnaC05LNG0001900.1	MSTRG.72812.1	chrC05	11340845-11341244	399	u	1
BnaC05LNG0002000	BnaC05LNG0002000.1	MSTRG.72861.1	chrC05	11654073-11655055	982	u	1
BnaC05LNG0002100	BnaC05LNG0002100.1	MSTRG.72863.1	chrC05	11664393-11665337	944	u	1
BnaC05LNG0002200	BnaC05LNG0002200.1	MSTRG.72877.1	chrC05	11759788-11760730	942	u	1
BnaC05LNG0002300	BnaC05LNG0002300.1	MSTRG.72922.1	chrC05	12246443-12250380	3937	u	1
BnaC05LNG0002400	BnaC05LNG0002400.1	MSTRG.73010.1	chrC05	12912735-12914027	1292	u	1
BnaC05LNG0002500	BnaC05LNG0002500.1	MSTRG.73030.1	chrC05	13184349-13186608	2259	u	1
BnaC05LNG0002600	BnaC05LNG0002600.1	MSTRG.73075.1	chrC05	13517520-13519151	1631	u	1
BnaC05LNG0002700	BnaC05LNG0002700.1	MSTRG.73123.1	chrC05	13961877-13962504	627	u	1
BnaC05LNG0002800	BnaC05LNG0002800.1	MSTRG.73154.1	chrC05	14256688-14258166	1478	u	1
BnaC05LNG0002900	BnaC05LNG0002900.1	MSTRG.73158.1	chrC05	14300895-14302059	1164	u	1
BnaC05LNG0003000	BnaC05LNG0003000.1	MSTRG.73171.1	chrC05	14504575-14504805	230	u	1
BnaC05LNG0003100	BnaC05LNG0003100.1	MSTRG.73173.1	chrC05	14523506-14525279	1773	u	1
BnaC05LNG0003200	BnaC05LNG0003200.1	MSTRG.73174.1	chrC05	14530817-14531137	320	u	1
BnaC05LNG0003300	BnaC05LNG0003300.1	MSTRG.73176.1	chrC05	14534110-14534989	879	u	1
BnaC05LNG0003400	BnaC05LNG0003400.1	MSTRG.73259.1	chrC05	15354497-15355381	884	u	1
BnaC05LNG0003500	BnaC05LNG0003500.1	MSTRG.73277.1	chrC05	15466092-15468589	2497	u	1
BnaC05LNG0003600	BnaC05LNG0003600.1	MSTRG.73376.1	chrC05	16513962-16514702	740	u	1
BnaC05LNG0003700	BnaC05LNG0003700.1	MSTRG.73453.1	chrC05	17347652-17348815	1163	u	1
BnaC05LNG0003800	BnaC05LNG0003800.1	MSTRG.73506.1	chrC05	17681929-17682596	667	u	1
BnaC05LNG0003900	BnaC05LNG0003900.1	MSTRG.73563.1	chrC05	18196747-18196964	217	u	1
BnaC05LNG0004000	BnaC05LNG0004000.1	MSTRG.73605.1	chrC05	18537516-18538658	1142	u	1
BnaC05LNG0004100	BnaC05LNG0004100.1	MSTRG.73630.1	chrC05	18766743-18768195	1452	u	1
BnaC05LNG0004200	BnaC05LNG0004200.1	MSTRG.73648.1	chrC05	18986894-18987608	714	u	1
BnaC05LNG0004300	BnaC05LNG0004300.1	MSTRG.73660.1	chrC05	19143284-19146881	3597	u	1
BnaC05LNG0004400	BnaC05LNG0004400.1	MSTRG.73670.1	chrC05	19167521-19170401	2880	u	1
BnaC05LNG0004500	BnaC05LNG0004500.1	MSTRG.73676.1	chrC05	19192178-19193341	1163	u	1
BnaC05LNG0004600	BnaC05LNG0004600.1	MSTRG.73714.1	chrC05	19810282-19811542	1260	u	1
BnaC05LNG0004700	BnaC05LNG0004700.1	MSTRG.73733.1	chrC05	20049634-20051020	1386	o	2
BnaC05LNG0004800	BnaC05LNG0004800.1	MSTRG.73738.1	chrC05	20088466-20091315	2849	u	1
BnaC05LNG0004900	BnaC05LNG0004900.1	MSTRG.73805.1	chrC05	20671960-20672744	784	u	1
BnaC05LNG0005000	BnaC05LNG0005000.1	MSTRG.73883.1	chrC05	22198733-22199213	480	u	1
BnaC05LNG0005100	BnaC05LNG0005100.1	MSTRG.73918.1	chrC05	22524611-22526024	1413	u	1
BnaC05LNG0005200	BnaC05LNG0005200.1	MSTRG.73958.1	chrC05	23080658-23081927	1269	u	1
BnaC05LNG0005300	BnaC05LNG0005300.1	MSTRG.74036.1	chrC05	23800465-23801169	704	u	1
BnaC05LNG0005400	BnaC05LNG0005400.1	MSTRG.74096.1	chrC05	24485908-24486439	531	u	1
BnaC05LNG0005500	BnaC05LNG0005500.1	MSTRG.74134.1	chrC05	25275968-25279567	3599	u	1
BnaC05LNG0005600	BnaC05LNG0005600.1	MSTRG.74165.1	chrC05	25631337-25635936	4599	o	3
BnaC05LNG0005700	BnaC05LNG0005700.1	MSTRG.74195.1	chrC05	26093245-26094341	1096	u	1
BnaC05LNG0005800	BnaC05LNG0005800.1	MSTRG.74250.1	chrC05	26880832-26881304	472	u	1
BnaC05LNG0005900	BnaC05LNG0005900.1	MSTRG.74269.1	chrC05	27150496-27152092	1596	u	1
BnaC05LNG0006000	BnaC05LNG0006000.1	MSTRG.74278.1	chrC05	27225460-27225766	306	u	1
BnaC05LNG0006100	BnaC05LNG0006100.1	MSTRG.74353.1	chrC05	28021066-28023929	2863	u	1
BnaC05LNG0006200	BnaC05LNG0006200.1	MSTRG.74441.1	chrC05	29095692-29099525	3833	u	1
BnaC05LNG0006300	BnaC05LNG0006300.1	MSTRG.74467.1	chrC05	29288885-29289396	511	u	1
BnaC05LNG0006400	BnaC05LNG0006400.1	MSTRG.74472.1	chrC05	29377673-29378414	741	u	1
BnaC05LNG0006500	BnaC05LNG0006500.1	MSTRG.74506.1	chrC05	29605847-29606658	811	u	1
BnaC05LNG0006600	BnaC05LNG0006600.1	MSTRG.74541.1	chrC05	29790770-29791663	893	i	1
BnaC05LNG0006700	BnaC05LNG0006700.1	MSTRG.74643.1	chrC05	31007755-31007989	234	u	1
BnaC05LNG0006800	BnaC05LNG0006800.1	MSTRG.74674.1	chrC05	31487139-31487748	609	u	1
BnaC05LNG0006900	BnaC05LNG0006900.1	MSTRG.74739.1	chrC05	32166895-32174283	7388	x	2
BnaC05LNG0007000	BnaC05LNG0007000.1	MSTRG.74766.1	chrC05	32375235-32377002	1767	u	1
BnaC05LNG0007100	BnaC05LNG0007100.1	MSTRG.75048.1	chrC05	34860584-34861327	743	u	1
BnaC05LNG0007200	BnaC05LNG0007200.1	MSTRG.75231.1	chrC05	36406504-36408312	1808	u	1
BnaC05LNG0007300	BnaC05LNG0007300.1	MSTRG.75388.1	chrC05	37736936-37737332	396	u	1
BnaC05LNG0007400	BnaC05LNG0007400.1	MSTRG.75404.1	chrC05	37821058-37821598	540	u	1
BnaC05LNG0007500	BnaC05LNG0007500.1	MSTRG.75705.1	chrC05	39823482-39823844	362	u	1
BnaC05LNG0007600	BnaC05LNG0007600.1	MSTRG.75760.1	chrC05	40106285-40107589	1304	u	1
BnaC05LNG0007700	BnaC05LNG0007700.1	MSTRG.75976.1	chrC05	41528063-41528432	369	x	2
BnaC05LNG0007800	BnaC05LNG0007800.1	MSTRG.75981.1	chrC05	41544523-41545502	979	u	1
BnaC05LNG0007900	BnaC05LNG0007900.1	MSTRG.76043.1	chrC05	41970210-41970760	550	u	1
BnaC05LNG0008000	BnaC05LNG0008000.1	MSTRG.76185.3	chrC05	43138496-43139843	1347	o	4
BnaC05LNG0008100	BnaC05LNG0008100.1	MSTRG.76397.1	chrC05_random	1173432-1174998	1566	u	1
BnaC05LNG0008200	BnaC05LNG0008200.1	MSTRG.76436.1	chrC05_random	1420166-1420957	791	u	1
BnaC05LNG0008300	BnaC05LNG0008300.1	MSTRG.76451.1	chrC05_random	1503985-1504569	584	i	1
BnaC05LNG0008400	BnaC05LNG0008400.1	MSTRG.76462.1	chrC05_random	1589778-1597404	7626	o	3
BnaC05LNG0008500	BnaC05LNG0008500.1	MSTRG.76469.1	chrC05_random	1625142-1625911	769	u	1
BnaC05LNG0008600	BnaC05LNG0008600.1	MSTRG.76632.1	chrC05_random	3243219-3244056	837	u	1
BnaC05LNG0008700	BnaC05LNG0008700.1	MSTRG.76675.1	chrC05_random	3433815-3434827	1012	u	1
BnaC05LNG0008800	BnaC05LNG0008800.1	MSTRG.76676.1	chrC05_random	3445064-3445417	353	u	1
BnaC06LNG0000100	BnaC06LNG0000100.1	MSTRG.76839.1	chrC06	1429374-1430498	1124	u	1
BnaC06LNG0000200	BnaC06LNG0000200.1	MSTRG.76840.1	chrC06	1456702-1457480	778	u	1
BnaC06LNG0000300	BnaC06LNG0000300.1	MSTRG.77010.1	chrC06	2887000-2887576	576	u	1
BnaC06LNG0000400	BnaC06LNG0000400.1	MSTRG.77121.1	chrC06	4053521-4054785	1264	u	1
BnaC06LNG0000500	BnaC06LNG0000500.1	MSTRG.77152.1	chrC06	4312447-4313401	954	u	1
BnaC06LNG0000600	BnaC06LNG0000600.1	MSTRG.77173.1	chrC06	4504848-4508698	3850	u	1
BnaC06LNG0000700	BnaC06LNG0000700.1	MSTRG.77176.1	chrC06	4518350-4519282	932	u	1
BnaC06LNG0000800	BnaC06LNG0000800.1	MSTRG.77205.1	chrC06	4841647-4845496	3849	u	1
BnaC06LNG0000900	BnaC06LNG0000900.1	MSTRG.77237.1	chrC06	5119338-5120616	1278	u	1
BnaC06LNG0001000	BnaC06LNG0001000.1	MSTRG.77290.1	chrC06	5498740-5500847	2107	u	2
BnaC06LNG0001100	BnaC06LNG0001100.1	MSTRG.77396.1	chrC06	6360501-6361852	1351	u	1
BnaC06LNG0001200	BnaC06LNG0001200.1	MSTRG.77404.1	chrC06	6392824-6393635	811	u	1
BnaC06LNG0001300	BnaC06LNG0001300.1	MSTRG.77423.1	chrC06	6519663-6520328	665	u	1
BnaC06LNG0001400	BnaC06LNG0001400.1	MSTRG.77462.1	chrC06	6808739-6809299	560	i	1
BnaC06LNG0001500	BnaC06LNG0001500.1	MSTRG.77485.1	chrC06	6948016-6948678	662	o	2
BnaC06LNG0001600	BnaC06LNG0001600.1	MSTRG.77537.1	chrC06	7534318-7534691	373	u	1
BnaC06LNG0001700	BnaC06LNG0001700.1	MSTRG.77550.1	chrC06	7642664-7643642	978	u	1
BnaC06LNG0001800	BnaC06LNG0001800.1	MSTRG.77553.1	chrC06	7651144-7655742	4598	u	1
BnaC06LNG0001900	BnaC06LNG0001900.1	MSTRG.77638.1	chrC06	8361927-8362779	852	u	1
BnaC06LNG0002000	BnaC06LNG0002000.1	MSTRG.77666.1	chrC06	8699266-8699794	528	u	1
BnaC06LNG0002100	BnaC06LNG0002100.1	MSTRG.77674.1	chrC06	8922236-8927488	5252	u	1
BnaC06LNG0002200	BnaC06LNG0002200.1	MSTRG.77694.1	chrC06	9102279-9102516	237	u	1
BnaC06LNG0002300	BnaC06LNG0002300.1	MSTRG.77781.1	chrC06	10343531-10344436	905	u	1
BnaC06LNG0002400	BnaC06LNG0002400.1	MSTRG.77783.1	chrC06	10348896-10349716	820	u	1
BnaC06LNG0002500	BnaC06LNG0002500.1	MSTRG.77795.1	chrC06	10385597-10386430	833	u	1
BnaC06LNG0002600	BnaC06LNG0002600.1	MSTRG.77854.1	chrC06	11139363-11140598	1235	i	1
BnaC06LNG0002700	BnaC06LNG0002700.1	MSTRG.77870.1	chrC06	11233079-11235809	2730	o	5
BnaC06LNG0002800	BnaC06LNG0002800.1	MSTRG.78280.1	chrC06	14225740-14227034	1294	u	1
BnaC06LNG0002900	BnaC06LNG0002900.1	MSTRG.78366.1	chrC06	15239439-15240285	846	u	1
BnaC06LNG0003000	BnaC06LNG0003000.1	MSTRG.78432.1	chrC06	15831040-15831780	740	u	1
BnaC06LNG0003100	BnaC06LNG0003100.1	MSTRG.78520.1	chrC06	16499101-16499677	576	u	1
BnaC06LNG0003200	BnaC06LNG0003200.1	MSTRG.78582.1	chrC06	17008501-17009549	1048	u	1
BnaC06LNG0003300	BnaC06LNG0003300.1	MSTRG.78672.1	chrC06	17589761-17590363	602	u	2
BnaC06LNG0003400	BnaC06LNG0003400.1	MSTRG.78792.1	chrC06	18978379-18978733	354	u	1
BnaC06LNG0003500	BnaC06LNG0003500.1	MSTRG.78785.1	chrC06	18989654-18990199	545	u	1
BnaC06LNG0003600	BnaC06LNG0003600.1	MSTRG.78862.1	chrC06	19621218-19621988	770	u	1
BnaC06LNG0003700	BnaC06LNG0003700.1	MSTRG.78886.1	chrC06	19847619-19848490	871	u	1
BnaC06LNG0003800	BnaC06LNG0003800.1	MSTRG.78897.1	chrC06	19902198-19903505	1307	u	1
BnaC06LNG0003900	BnaC06LNG0003900.1	MSTRG.79009.1	chrC06	20811424-20812896	1472	u	1
BnaC06LNG0004000	BnaC06LNG0004000.1	MSTRG.79032.1	chrC06	20992015-20993591	1576	u	1
BnaC06LNG0004100	BnaC06LNG0004100.1	MSTRG.79048.1	chrC06	21130924-21132472	1548	u	1
BnaC06LNG0004200	BnaC06LNG0004200.1	MSTRG.79050.1	chrC06	21134615-21134962	347	u	1
BnaC06LNG0004300	BnaC06LNG0004300.1	MSTRG.79081.1	chrC06	21470123-21470394	271	u	1
BnaC06LNG0004400	BnaC06LNG0004400.1	MSTRG.79117.1	chrC06	21752910-21754742	1832	u	1
BnaC06LNG0004500	BnaC06LNG0004500.1	MSTRG.79143.1	chrC06	22425878-22427319	1441	u	1
BnaC06LNG0004600	BnaC06LNG0004600.1	MSTRG.79171.1	chrC06	22593607-22594124	517	u	1
BnaC06LNG0004700	BnaC06LNG0004700.1	MSTRG.79214.3	chrC06	22632813-22634225	1412	o	2
BnaC06LNG0004800	BnaC06LNG0004800.1	MSTRG.79248.1	chrC06	23069208-23069871	663	u	1
BnaC06LNG0004900	BnaC06LNG0004900.1	MSTRG.79403.1	chrC06	24380824-24381685	861	u	1
BnaC06LNG0005000	BnaC06LNG0005000.1	MSTRG.79508.1	chrC06	25106670-25107271	601	u	1
BnaC06LNG0005100	BnaC06LNG0005100.1	MSTRG.79557.1	chrC06	25437300-25437709	409	u	1
BnaC06LNG0005200	BnaC06LNG0005200.1	MSTRG.79615.1	chrC06	25993165-25995007	1842	u	1
BnaC06LNG0005300	BnaC06LNG0005300.1	MSTRG.79614.1	chrC06	26015150-26015979	829	u	1
BnaC06LNG0005400	BnaC06LNG0005400.1	MSTRG.79668.1	chrC06	26395038-26396159	1121	u	1
BnaC06LNG0005500	BnaC06LNG0005500.1	MSTRG.79701.1	chrC06	26563574-26564622	1048	u	1
BnaC06LNG0005600	BnaC06LNG0005600.1	MSTRG.79781.1	chrC06	27269497-27270803	1306	u	1
BnaC06LNG0005700	BnaC06LNG0005700.1	MSTRG.79786.1	chrC06	27284307-27284779	472	u	1
BnaC06LNG0005800	BnaC06LNG0005800.1	MSTRG.79914.1	chrC06	28153092-28153768	676	u	1
BnaC06LNG0005900	BnaC06LNG0005900.1	MSTRG.79951.1	chrC06	28348734-28350240	1506	u	1
BnaC06LNG0006000	BnaC06LNG0006000.1	MSTRG.79963.1	chrC06	28402159-28405847	3688	o	2
BnaC06LNG0006100	BnaC06LNG0006100.1	MSTRG.79975.1	chrC06	28585476-28586101	625	u	1
BnaC06LNG0006200	BnaC06LNG0006200.1	MSTRG.80063.1	chrC06	29270081-29270614	533	u	1
BnaC06LNG0006300	BnaC06LNG0006300.1	MSTRG.80098.1	chrC06	29546938-29548810	1872	u	1
BnaC06LNG0006400	BnaC06LNG0006400.1	MSTRG.80107.1	chrC06	29613165-29618141	4976	u	1
BnaC06LNG0006500	BnaC06LNG0006500.1	MSTRG.80184.1	chrC06	30275198-30282195	6997	o	3
BnaC06LNG0006600	BnaC06LNG0006600.1	MSTRG.80266.4	chrC06	30893606-30894322	716	o	2
BnaC06LNG0006700	BnaC06LNG0006700.1	MSTRG.80288.1	chrC06	31003016-31004921	1905	u	1
BnaC06LNG0006800	BnaC06LNG0006800.1	MSTRG.80310.1	chrC06	31077709-31078148	439	u	1
BnaC06LNG0006900	BnaC06LNG0006900.1	MSTRG.80368.1	chrC06	31658907-31662536	3629	u	2
BnaC06LNG0007000	BnaC06LNG0007000.1	MSTRG.80371.1	chrC06	31677205-31678216	1011	u	1
BnaC06LNG0007100	BnaC06LNG0007100.1	MSTRG.80388.1	chrC06	31713474-31714406	932	u	1
BnaC06LNG0007200	BnaC06LNG0007200.1	MSTRG.80563.1	chrC06	33020498-33021948	1450	u	1
BnaC06LNG0007300	BnaC06LNG0007300.1	MSTRG.80564.1	chrC06	33022282-33022816	534	u	1
BnaC06LNG0007400	BnaC06LNG0007400.1	MSTRG.80587.1	chrC06	33198664-33199051	387	u	1
BnaC06LNG0007500	BnaC06LNG0007500.1	MSTRG.80660.1	chrC06	33855502-33855967	465	u	1
BnaC06LNG0007600	BnaC06LNG0007600.1	MSTRG.80766.1	chrC06	34459313-34459893	580	u	1
BnaC06LNG0007700	BnaC06LNG0007700.1	MSTRG.80769.2	chrC06	34485568-34486729	1161	o	2
BnaC06LNG0007800	BnaC06LNG0007800.1	MSTRG.80873.1	chrC06	35048561-35049267	706	u	1
BnaC06LNG0007900	BnaC06LNG0007900.1	MSTRG.80928.1	chrC06	35334378-35334945	567	u	1
BnaC06LNG0008000	BnaC06LNG0008000.1	MSTRG.80940.1	chrC06	35448468-35449738	1270	u	1
BnaC06LNG0008100	BnaC06LNG0008100.1	MSTRG.80975.1	chrC06	35598205-35598406	201	u	1
BnaC06LNG0008200	BnaC06LNG0008200.1	MSTRG.81180.1	chrC06	36811456-36812398	942	u	1
BnaC06LNG0008300	BnaC06LNG0008300.1	MSTRG.81270.1	chrC06_random	36131-36754	623	u	1
BnaC06LNG0008400	BnaC06LNG0008400.1	MSTRG.81315.1	chrC06_random	390675-391185	510	u	1
BnaC06LNG0008500	BnaC06LNG0008500.1	MSTRG.81363.1	chrC06_random	597870-598474	604	u	1
BnaC06LNG0008600	BnaC06LNG0008600.1	MSTRG.81371.1	chrC06_random	640344-642300	1956	u	1
BnaC06LNG0008700	BnaC06LNG0008700.1	MSTRG.81466.1	chrC06_random	2186284-2188431	2147	u	1
BnaC06LNG0008800	BnaC06LNG0008800.1	MSTRG.81472.1	chrC06_random	2234545-2238344	3799	u	1
BnaC06LNG0008900	BnaC06LNG0008900.1	MSTRG.81626.1	chrC06_random	3045442-3045930	488	u	1
BnaC06LNG0009000	BnaC06LNG0009000.1	MSTRG.81665.1	chrC06_random	3281575-3282223	648	u	1
BnaC07LNG0000100	BnaC07LNG0000100.1	MSTRG.81722.1	chrC07	369971-370513	542	u	1
BnaC07LNG0000200	BnaC07LNG0000200.1	MSTRG.81774.1	chrC07	852857-853546	689	u	1
BnaC07LNG0000300	BnaC07LNG0000300.1	MSTRG.81784.1	chrC07	941153-942134	981	o	3
BnaC07LNG0000400	BnaC07LNG0000400.1	MSTRG.81973.1	chrC07	3067819-3069007	1188	u	1
BnaC07LNG0000500	BnaC07LNG0000500.1	MSTRG.82040.1	chrC07	3759161-3760308	1147	u	1
BnaC07LNG0000600	BnaC07LNG0000600.1	MSTRG.82088.1	chrC07	4132362-4133411	1049	u	1
BnaC07LNG0000700	BnaC07LNG0000700.1	MSTRG.82095.1	chrC07	4194422-4201326	6904	u	1
BnaC07LNG0000800	BnaC07LNG0000800.1	MSTRG.82103.1	chrC07	4241610-4242101	491	u	1
BnaC07LNG0000900	BnaC07LNG0000900.1	MSTRG.82139.1	chrC07	4578202-4580817	2615	u	1
BnaC07LNG0001000	BnaC07LNG0001000.1	MSTRG.82143.1	chrC07	4591296-4592647	1351	u	1
BnaC07LNG0001100	BnaC07LNG0001100.1	MSTRG.82171.1	chrC07	4951323-4951973	650	u	1
BnaC07LNG0001200	BnaC07LNG0001200.1	MSTRG.82241.1	chrC07	5793933-5794993	1060	u	1
BnaC07LNG0001300	BnaC07LNG0001300.1	MSTRG.82300.1	chrC07	6527441-6528239	798	u	1
BnaC07LNG0001400	BnaC07LNG0001400.1	MSTRG.82354.1	chrC07	7124558-7126009	1451	u	1
BnaC07LNG0001500	BnaC07LNG0001500.1	MSTRG.82360.1	chrC07	7158385-7159417	1032	u	1
BnaC07LNG0001600	BnaC07LNG0001600.1	MSTRG.82369.1	chrC07	7263234-7263870	636	u	1
BnaC07LNG0001700	BnaC07LNG0001700.1	MSTRG.82485.1	chrC07	8929256-8930582	1326	u	1
BnaC07LNG0001800	BnaC07LNG0001800.1	MSTRG.82486.1	chrC07	8933772-8934494	722	u	1
BnaC07LNG0001900	BnaC07LNG0001900.1	MSTRG.82527.1	chrC07	9404822-9406827	2005	u	1
BnaC07LNG0002000	BnaC07LNG0002000.1	MSTRG.82524.1	chrC07	9501524-9502281	757	u	1
BnaC07LNG0002100	BnaC07LNG0002100.1	MSTRG.82544.1	chrC07	9621707-9622685	978	u	1
BnaC07LNG0002200	BnaC07LNG0002200.1	MSTRG.82571.1	chrC07	9782088-9782720	632	u	1
BnaC07LNG0002300	BnaC07LNG0002300.1	MSTRG.82668.1	chrC07	10577628-10577841	213	u	1
BnaC07LNG0002400	BnaC07LNG0002400.1	MSTRG.82759.1	chrC07	11455389-11457583	2194	u	1
BnaC07LNG0002500	BnaC07LNG0002500.1	MSTRG.82785.1	chrC07	11748475-11749462	987	u	1
BnaC07LNG0002600	BnaC07LNG0002600.1	MSTRG.82791.1	chrC07	11770947-11773422	2475	u	1
BnaC07LNG0002700	BnaC07LNG0002700.1	MSTRG.82859.1	chrC07	12384165-12384849	684	u	1
BnaC07LNG0002800	BnaC07LNG0002800.1	MSTRG.82870.1	chrC07	12491372-12492193	821	u	1
BnaC07LNG0002900	BnaC07LNG0002900.1	MSTRG.82881.2	chrC07	12871823-12874808	2985	o	4
BnaC07LNG0003000	BnaC07LNG0003000.1	MSTRG.82905.1	chrC07	13166533-13166950	417	u	1
BnaC07LNG0003100	BnaC07LNG0003100.1	MSTRG.82939.1	chrC07	13434167-13434548	381	u	1
BnaC07LNG0003200	BnaC07LNG0003200.1	MSTRG.82951.1	chrC07	13557486-13559228	1742	u	1
BnaC07LNG0003300	BnaC07LNG0003300.1	MSTRG.82974.1	chrC07	13695734-13698217	2483	u	1
BnaC07LNG0003400	BnaC07LNG0003400.1	MSTRG.83020.1	chrC07	14240068-14247433	7365	u	1
BnaC07LNG0003500	BnaC07LNG0003500.1	MSTRG.83181.1	chrC07	15637260-15638564	1304	u	1
BnaC07LNG0003600	BnaC07LNG0003600.1	MSTRG.83211.1	chrC07	15968134-15968471	337	u	1
BnaC07LNG0003700	BnaC07LNG0003700.1	MSTRG.83223.1	chrC07	16119132-16119391	259	u	1
BnaC07LNG0003800	BnaC07LNG0003800.1	MSTRG.83227.1	chrC07	16170728-16172022	1294	u	1
BnaC07LNG0003900	BnaC07LNG0003900.1	MSTRG.83293.1	chrC07	16793095-16795686	2591	u	1
BnaC07LNG0004000	BnaC07LNG0004000.1	MSTRG.83462.1	chrC07	18307855-18315721	7866	o	3
BnaC07LNG0004100	BnaC07LNG0004100.1	MSTRG.83637.1	chrC07	19871804-19882742	10938	u	1
BnaC07LNG0004200	BnaC07LNG0004200.1	MSTRG.83750.1	chrC07	20836800-20838309	1509	u	1
BnaC07LNG0004300	BnaC07LNG0004300.1	MSTRG.83800.1	chrC07	21288709-21288960	251	u	1
BnaC07LNG0004400	BnaC07LNG0004400.1	MSTRG.83893.1	chrC07	22331425-22331803	378	u	1
BnaC07LNG0004500	BnaC07LNG0004500.1	MSTRG.84338.1	chrC07	25959003-25960105	1102	u	1
BnaC07LNG0004600	BnaC07LNG0004600.1	MSTRG.84541.1	chrC07	27758587-27760226	1639	u	1
BnaC07LNG0004700	BnaC07LNG0004700.1	MSTRG.84542.1	chrC07	27760478-27761788	1310	u	1
BnaC07LNG0004800	BnaC07LNG0004800.1	MSTRG.84554.1	chrC07	27832104-27832800	696	u	2
BnaC07LNG0004900	BnaC07LNG0004900.1	MSTRG.84629.1	chrC07	28404384-28404726	342	u	1
BnaC07LNG0005000	BnaC07LNG0005000.1	MSTRG.84660.1	chrC07	28688965-28689328	363	u	1
BnaC07LNG0005100	BnaC07LNG0005100.1	MSTRG.84747.1	chrC07	29430874-29432754	1880	u	1
BnaC07LNG0005200	BnaC07LNG0005200.1	MSTRG.84903.1	chrC07	30487152-30488618	1466	u	1
BnaC07LNG0005300	BnaC07LNG0005300.1	MSTRG.85004.1	chrC07	31759093-31760333	1240	u	1
BnaC07LNG0005400	BnaC07LNG0005400.1	MSTRG.85156.1	chrC07	32539021-32539545	524	u	1
BnaC07LNG0005500	BnaC07LNG0005500.1	MSTRG.85367.1	chrC07	33901159-33901655	496	u	1
BnaC07LNG0005600	BnaC07LNG0005600.1	MSTRG.85429.4	chrC07	34209386-34212324	2938	o	2
BnaC07LNG0005700	BnaC07LNG0005700.1	MSTRG.85527.1	chrC07	34912546-34912759	213	u	1
BnaC07LNG0005800	BnaC07LNG0005800.1	MSTRG.85536.1	chrC07	35020546-35021104	558	u	1
BnaC07LNG0005900	BnaC07LNG0005900.1	MSTRG.85551.1	chrC07	35108985-35109613	628	u	1
BnaC07LNG0006000	BnaC07LNG0006000.1	MSTRG.85652.1	chrC07	35745153-35745805	652	u	1
BnaC07LNG0006100	BnaC07LNG0006100.1	MSTRG.85872.1	chrC07	36935239-36936175	936	u	1
BnaC07LNG0006200	BnaC07LNG0006200.1	MSTRG.85941.1	chrC07	37404683-37405482	799	u	1
BnaC07LNG0006300	BnaC07LNG0006300.1	MSTRG.85991.1	chrC07	37711482-37711701	219	u	1
BnaC07LNG0006400	BnaC07LNG0006400.1	MSTRG.86019.1	chrC07	37915215-37916748	1533	u	1
BnaC07LNG0006500	BnaC07LNG0006500.1	MSTRG.86045.1	chrC07	38081394-38082127	733	u	1
BnaC07LNG0006600	BnaC07LNG0006600.1	MSTRG.86046.1	chrC07	38087966-38089038	1072	u	1
BnaC07LNG0006700	BnaC07LNG0006700.1	MSTRG.86058.1	chrC07	38116346-38121212	4866	u	1
BnaC07LNG0006800	BnaC07LNG0006800.1	MSTRG.86070.1	chrC07	38230000-38231023	1023	u	1
BnaC07LNG0006900	BnaC07LNG0006900.1	MSTRG.86134.1	chrC07	38660425-38662837	2412	u	1
BnaC07LNG0007000	BnaC07LNG0007000.1	MSTRG.86139.1	chrC07	38689362-38689598	236	u	1
BnaC07LNG0007100	BnaC07LNG0007100.1	MSTRG.86637.1	chrC07	41805105-41805309	204	u	1
BnaC07LNG0007200	BnaC07LNG0007200.1	MSTRG.86656.1	chrC07	41877413-41878960	1547	u	1
BnaC07LNG0007300	BnaC07LNG0007300.1	MSTRG.86708.1	chrC07	42203703-42204120	417	u	1
BnaC07LNG0007400	BnaC07LNG0007400.1	MSTRG.86734.1	chrC07	42373078-42373740	662	u	1
BnaC07LNG0007500	BnaC07LNG0007500.1	MSTRG.86933.1	chrC07	43480297-43481026	729	u	1
BnaC07LNG0007600	BnaC07LNG0007600.1	MSTRG.87187.1	chrC07_random	285284-287141	1857	u	1
BnaC07LNG0007700	BnaC07LNG0007700.1	MSTRG.87246.1	chrC07_random	761682-763289	1607	u	1
BnaC07LNG0007800	BnaC07LNG0007800.1	MSTRG.87265.1	chrC07_random	836855-838199	1344	o	2
BnaC07LNG0007900	BnaC07LNG0007900.1	MSTRG.87306.1	chrC07_random	1304319-1306317	1998	o	3
BnaC07LNG0008000	BnaC07LNG0008000.1	MSTRG.87348.1	chrC07_random	1562995-1564070	1075	u	1
BnaC07LNG0008100	BnaC07LNG0008100.1	MSTRG.87349.1	chrC07_random	1567049-1568311	1262	u	1
BnaC07LNG0008200	BnaC07LNG0008200.1	MSTRG.87376.1	chrC07_random	1733321-1735287	1966	o	6
BnaC07LNG0008300	BnaC07LNG0008300.1	MSTRG.87377.1	chrC07_random	1763927-1769771	5844	u	1
BnaC07LNG0008400	BnaC07LNG0008400.1	MSTRG.87381.1	chrC07_random	1778496-1779422	926	u	1
BnaC07LNG0008500	BnaC07LNG0008500.1	MSTRG.87441.1	chrC07_random	2188988-2189800	812	i	1
BnaC07LNG0008600	BnaC07LNG0008600.1	MSTRG.87576.1	chrC07_random	2895464-2896560	1096	u	1
BnaC08LNG0000100	BnaC08LNG0000100.1	MSTRG.87653.1	chrC08	511371-512504	1133	u	1
BnaC08LNG0000200	BnaC08LNG0000200.1	MSTRG.87716.1	chrC08	1150077-1150768	691	u	1
BnaC08LNG0000300	BnaC08LNG0000300.1	MSTRG.87759.1	chrC08	1402867-1403429	562	u	1
BnaC08LNG0000400	BnaC08LNG0000400.1	MSTRG.87834.1	chrC08	1982146-1983072	926	u	1
BnaC08LNG0000500	BnaC08LNG0000500.1	MSTRG.87997.1	chrC08	3756325-3756755	430	u	1
BnaC08LNG0000600	BnaC08LNG0000600.1	MSTRG.88130.1	chrC08	5452124-5454559	2435	u	1
BnaC08LNG0000700	BnaC08LNG0000700.1	MSTRG.88158.1	chrC08	5686081-5688317	2236	o	2
BnaC08LNG0000800	BnaC08LNG0000800.1	MSTRG.88193.1	chrC08	5971533-5972619	1086	u	1
BnaC08LNG0000900	BnaC08LNG0000900.1	MSTRG.88326.1	chrC08	7822891-7827083	4192	u	1
BnaC08LNG0001000	BnaC08LNG0001000.1	MSTRG.88354.1	chrC08	8322676-8323142	466	u	1
BnaC08LNG0001100	BnaC08LNG0001100.1	MSTRG.88356.1	chrC08	8328022-8328584	562	u	1
BnaC08LNG0001200	BnaC08LNG0001200.1	MSTRG.88380.1	chrC08	8481819-8482020	201	u	1
BnaC08LNG0001300	BnaC08LNG0001300.1	MSTRG.88391.1	chrC08	8548344-8549668	1324	u	1
BnaC08LNG0001400	BnaC08LNG0001400.1	MSTRG.88393.1	chrC08	8558130-8559296	1166	u	1
BnaC08LNG0001500	BnaC08LNG0001500.1	MSTRG.88399.1	chrC08	8572719-8573279	560	u	1
BnaC08LNG0001600	BnaC08LNG0001600.1	MSTRG.88511.1	chrC08	9542455-9543544	1089	u	1
BnaC08LNG0001700	BnaC08LNG0001700.1	MSTRG.88560.1	chrC08	9945725-9947177	1452	u	2
BnaC08LNG0001800	BnaC08LNG0001800.1	MSTRG.88622.1	chrC08	11227544-11228135	591	u	1
BnaC08LNG0001900	BnaC08LNG0001900.1	MSTRG.88678.1	chrC08	11957363-11958766	1403	u	1
BnaC08LNG0002000	BnaC08LNG0002000.1	MSTRG.88681.1	chrC08	11960884-11962451	1567	o	2
BnaC08LNG0002100	BnaC08LNG0002100.1	MSTRG.88726.1	chrC08	12470140-12470694	554	u	1
BnaC08LNG0002200	BnaC08LNG0002200.1	MSTRG.88781.1	chrC08	13078735-13079421	686	u	1
BnaC08LNG0002300	BnaC08LNG0002300.1	MSTRG.88792.1	chrC08	13274756-13276340	1584	u	1
BnaC08LNG0002400	BnaC08LNG0002400.1	MSTRG.88826.1	chrC08	13560433-13563897	3464	u	1
BnaC08LNG0002500	BnaC08LNG0002500.1	MSTRG.88870.1	chrC08	13907138-13911887	4749	u	1
BnaC08LNG0002600	BnaC08LNG0002600.1	MSTRG.88873.1	chrC08	13945027-13945244	217	u	1
BnaC08LNG0002700	BnaC08LNG0002700.1	MSTRG.88935.1	chrC08	14639423-14639867	444	u	1
BnaC08LNG0002800	BnaC08LNG0002800.1	MSTRG.88974.1	chrC08	14879567-14879773	206	u	1
BnaC08LNG0002900	BnaC08LNG0002900.1	MSTRG.89038.1	chrC08	15557492-15559961	2469	u	1
BnaC08LNG0003000	BnaC08LNG0003000.1	MSTRG.89042.1	chrC08	15649205-15650224	1019	u	1
BnaC08LNG0003100	BnaC08LNG0003100.1	MSTRG.89059.1	chrC08	15729748-15730815	1067	u	1
BnaC08LNG0003200	BnaC08LNG0003200.1	MSTRG.89076.1	chrC08	15879536-15880071	535	u	1
BnaC08LNG0003300	BnaC08LNG0003300.1	MSTRG.89105.1	chrC08	16129265-16130482	1217	u	1
BnaC08LNG0003400	BnaC08LNG0003400.1	MSTRG.89224.2	chrC08	16892253-16893732	1479	o	2
BnaC08LNG0003500	BnaC08LNG0003500.1	MSTRG.89269.1	chrC08	17465236-17465680	444	u	1
BnaC08LNG0003600	BnaC08LNG0003600.1	MSTRG.89301.1	chrC08	17706687-17708872	2185	o	2
BnaC08LNG0003700	BnaC08LNG0003700.1	MSTRG.89626.5	chrC08	20328272-20329000	728	o	2
BnaC08LNG0003800	BnaC08LNG0003800.1	MSTRG.89758.1	chrC08	21179291-21183550	4259	u	1
BnaC08LNG0003900	BnaC08LNG0003900.1	MSTRG.89815.1	chrC08	21573371-21575208	1837	o	3
BnaC08LNG0004000	BnaC08LNG0004000.1	MSTRG.90123.1	chrC08	23927812-23928100	288	u	1
BnaC08LNG0004100	BnaC08LNG0004100.1	MSTRG.90126.1	chrC08	23954733-23955841	1108	u	1
BnaC08LNG0004200	BnaC08LNG0004200.1	MSTRG.90157.1	chrC08	24347746-24348572	826	u	1
BnaC08LNG0004300	BnaC08LNG0004300.1	MSTRG.90228.1	chrC08	24803535-24804332	797	u	1
BnaC08LNG0004400	BnaC08LNG0004400.1	MSTRG.90265.1	chrC08	25028057-25031883	3826	u	1
BnaC08LNG0004500	BnaC08LNG0004500.1	MSTRG.90287.1	chrC08	25178531-25179451	920	u	1
BnaC08LNG0004600	BnaC08LNG0004600.1	MSTRG.90425.4	chrC08	26071322-26072255	933	o	2
BnaC08LNG0004700	BnaC08LNG0004700.1	MSTRG.90439.1	chrC08	26162594-26164716	2122	u	1
BnaC08LNG0004800	BnaC08LNG0004800.1	MSTRG.90465.1	chrC08	26369517-26370659	1142	u	1
BnaC08LNG0004900	BnaC08LNG0004900.1	MSTRG.90688.1	chrC08	28008220-28009374	1154	u	1
BnaC08LNG0005000	BnaC08LNG0005000.1	MSTRG.91066.1	chrC08	30533512-30536119	2607	u	1
BnaC08LNG0005100	BnaC08LNG0005100.1	MSTRG.91098.1	chrC08	30758869-30762791	3922	u	2
BnaC08LNG0005200	BnaC08LNG0005200.1	MSTRG.91162.1	chrC08	31078099-31078749	650	u	1
BnaC08LNG0005300	BnaC08LNG0005300.1	MSTRG.91402.1	chrC08	32614029-32615745	1716	u	1
BnaC08LNG0005400	BnaC08LNG0005400.1	MSTRG.91408.1	chrC08	32665582-32668095	2513	u	1
BnaC08LNG0005500	BnaC08LNG0005500.1	MSTRG.91444.1	chrC08	32795211-32796590	1379	o	2
BnaC08LNG0005600	BnaC08LNG0005600.1	MSTRG.91448.1	chrC08	32818240-32819119	879	u	1
BnaC08LNG0005700	BnaC08LNG0005700.1	MSTRG.91527.1	chrC08	33375138-33375357	219	u	1
BnaC08LNG0005800	BnaC08LNG0005800.1	MSTRG.91608.1	chrC08	33800764-33801236	472	u	1
BnaC08LNG0005900	BnaC08LNG0005900.1	MSTRG.91630.1	chrC08	33987273-33988430	1157	u	1
BnaC08LNG0006000	BnaC08LNG0006000.1	MSTRG.91662.1	chrC08	34150531-34150906	375	u	1
BnaC08LNG0006100	BnaC08LNG0006100.1	MSTRG.91734.1	chrC08	34604684-34605334	650	u	1
BnaC08LNG0006200	BnaC08LNG0006200.1	MSTRG.91802.1	chrC08	34940146-34940879	733	o	2
BnaC08LNG0006300	BnaC08LNG0006300.1	MSTRG.91878.1	chrC08	35375144-35375404	260	u	1
BnaC08LNG0006400	BnaC08LNG0006400.1	MSTRG.91995.1	chrC08	36169362-36171336	1974	u	1
BnaC08LNG0006500	BnaC08LNG0006500.1	MSTRG.92165.1	chrC08	37183630-37184350	720	u	1
BnaC08LNG0006600	BnaC08LNG0006600.1	MSTRG.92288.1	chrC08	37948275-37949288	1013	u	1
BnaC08LNG0006700	BnaC08LNG0006700.1	MSTRG.92443.1	chrC08_random	787220-787975	755	u	1
BnaC08LNG0006800	BnaC08LNG0006800.1	MSTRG.92468.1	chrC08_random	1069128-1069842	714	u	1
BnaC08LNG0006900	BnaC08LNG0006900.1	MSTRG.92471.1	chrC08_random	1081530-1082543	1013	i	1
BnaC08LNG0007000	BnaC08LNG0007000.1	MSTRG.92485.1	chrC08_random	1248258-1248533	275	u	1
BnaC08LNG0007100	BnaC08LNG0007100.1	MSTRG.92549.1	chrC08_random	2073268-2073730	462	u	1
BnaC08LNG0007200	BnaC08LNG0007200.1	MSTRG.92601.1	chrC08_random	2479737-2482189	2452	u	1
BnaC08LNG0007300	BnaC08LNG0007300.1	MSTRG.92606.1	chrC08_random	2515421-2516778	1357	u	1
BnaC08LNG0007400	BnaC08LNG0007400.1	MSTRG.92611.1	chrC08_random	2539705-2542394	2689	u	2
BnaC08LNG0007500	BnaC08LNG0007500.1	MSTRG.92634.1	chrC08_random	2704603-2706520	1917	u	1
BnaC08LNG0007600	BnaC08LNG0007600.1	MSTRG.92686.1	chrC08_random	3059347-3060371	1024	u	1
BnaC08LNG0007700	BnaC08LNG0007700.1	MSTRG.92748.1	chrC08_random	3447977-3449798	1821	u	1
BnaC08LNG0007800	BnaC08LNG0007800.1	MSTRG.92754.1	chrC08_random	3465276-3466110	834	u	1
BnaC08LNG0007900	BnaC08LNG0007900.1	MSTRG.92784.1	chrC08_random	3663141-3663596	455	u	1
BnaC09LNG0000100	BnaC09LNG0000100.1	MSTRG.92971.1	chrC09	400759-401860	1101	u	1
BnaC09LNG0000200	BnaC09LNG0000200.1	MSTRG.93224.1	chrC09	2118258-2118945	687	u	1
BnaC09LNG0000300	BnaC09LNG0000300.1	MSTRG.93227.1	chrC09	2132029-2132274	245	u	1
BnaC09LNG0000400	BnaC09LNG0000400.1	MSTRG.93260.1	chrC09	2346937-2350100	3163	u	1
BnaC09LNG0000500	BnaC09LNG0000500.1	MSTRG.93298.6	chrC09	2629480-2634816	5336	o	3
BnaC09LNG0000600	BnaC09LNG0000600.1	MSTRG.93318.1	chrC09	2809493-2809737	244	u	1
BnaC09LNG0000700	BnaC09LNG0000700.1	MSTRG.93406.1	chrC09	3240807-3241906	1099	u	1
BnaC09LNG0000800	BnaC09LNG0000800.1	MSTRG.93533.1	chrC09	4348351-4349082	731	u	1
BnaC09LNG0000900	BnaC09LNG0000900.1	MSTRG.93669.3	chrC09	5387133-5388980	1847	o	4
BnaC09LNG0001000	BnaC09LNG0001000.1	MSTRG.93669.4	chrC09	5387163-5388980	1817	o	2
BnaC09LNG0001100	BnaC09LNG0001100.1	MSTRG.93669.7	chrC09	5387177-5391823	4646	o	3
BnaC09LNG0001200	BnaC09LNG0001200.1	MSTRG.93669.10	chrC09	5387182-5388980	1798	o	3
BnaC09LNG0001300	BnaC09LNG0001300.1	MSTRG.93693.1	chrC09	5584371-5585270	899	u	1
BnaC09LNG0001400	BnaC09LNG0001400.1	MSTRG.93708.1	chrC09	5718582-5720597	2015	o	3
BnaC09LNG0001500	BnaC09LNG0001500.1	MSTRG.93745.1	chrC09	6072758-6073122	364	u	1
BnaC09LNG0001600	BnaC09LNG0001600.1	MSTRG.93746.1	chrC09	6074106-6074338	232	u	1
BnaC09LNG0001700	BnaC09LNG0001700.1	MSTRG.93781.1	chrC09	6341600-6342105	505	u	1
BnaC09LNG0001800	BnaC09LNG0001800.1	MSTRG.93806.1	chrC09	6534278-6534648	370	u	1
BnaC09LNG0001900	BnaC09LNG0001900.1	MSTRG.93860.1	chrC09	7008343-7008860	517	u	1
BnaC09LNG0002000	BnaC09LNG0002000.1	MSTRG.93948.1	chrC09	7839256-7839811	555	u	1
BnaC09LNG0002100	BnaC09LNG0002100.1	MSTRG.94014.1	chrC09	8313625-8314480	855	u	1
BnaC09LNG0002200	BnaC09LNG0002200.1	MSTRG.94074.1	chrC09	8824406-8824663	257	i	1
BnaC09LNG0002300	BnaC09LNG0002300.1	MSTRG.94115.1	chrC09	9376599-9376865	266	u	1
BnaC09LNG0002400	BnaC09LNG0002400.1	MSTRG.94165.1	chrC09	9727790-9728357	567	u	1
BnaC09LNG0002500	BnaC09LNG0002500.1	MSTRG.94186.1	chrC09	9962420-9964221	1801	u	1
BnaC09LNG0002600	BnaC09LNG0002600.1	MSTRG.94268.1	chrC09	10621812-10622356	544	u	1
BnaC09LNG0002700	BnaC09LNG0002700.1	MSTRG.94319.1	chrC09	10914380-10915345	965	u	1
BnaC09LNG0002800	BnaC09LNG0002800.1	MSTRG.94321.1	chrC09	10918558-10918868	310	u	1
BnaC09LNG0002900	BnaC09LNG0002900.1	MSTRG.94339.1	chrC09	11075272-11075707	435	u	1
BnaC09LNG0003000	BnaC09LNG0003000.1	MSTRG.94347.1	chrC09	11099932-11100427	495	u	1
BnaC09LNG0003100	BnaC09LNG0003100.1	MSTRG.94364.1	chrC09	11207814-11210634	2820	u	1
BnaC09LNG0003200	BnaC09LNG0003200.1	MSTRG.94366.1	chrC09	11214259-11214933	674	u	1
BnaC09LNG0003300	BnaC09LNG0003300.1	MSTRG.94523.1	chrC09	12939890-12941003	1113	u	1
BnaC09LNG0003400	BnaC09LNG0003400.1	MSTRG.94561.1	chrC09	13375277-13376032	755	u	1
BnaC09LNG0003500	BnaC09LNG0003500.1	MSTRG.94607.1	chrC09	14445612-14445993	381	u	1
BnaC09LNG0003600	BnaC09LNG0003600.1	MSTRG.94712.1	chrC09	14796494-14797222	728	u	1
BnaC09LNG0003700	BnaC09LNG0003700.1	MSTRG.94734.1	chrC09	14938762-14939908	1146	u	1
BnaC09LNG0003800	BnaC09LNG0003800.1	MSTRG.94793.1	chrC09	15394418-15396737	2319	u	1
BnaC09LNG0003900	BnaC09LNG0003900.1	MSTRG.94795.1	chrC09	15398442-15398680	238	u	1
BnaC09LNG0004000	BnaC09LNG0004000.1	MSTRG.94800.1	chrC09	15410990-15411403	413	u	1
BnaC09LNG0004100	BnaC09LNG0004100.1	MSTRG.94826.1	chrC09	15706535-15709114	2579	u	1
BnaC09LNG0004200	BnaC09LNG0004200.1	MSTRG.94828.1	chrC09	15719165-15719445	280	u	1
BnaC09LNG0004300	BnaC09LNG0004300.1	MSTRG.94841.1	chrC09	15766302-15766817	515	u	1
BnaC09LNG0004400	BnaC09LNG0004400.1	MSTRG.94920.1	chrC09	16455199-16455613	414	u	1
BnaC09LNG0004500	BnaC09LNG0004500.1	MSTRG.94921.1	chrC09	16456041-16456787	746	u	1
BnaC09LNG0004600	BnaC09LNG0004600.1	MSTRG.94928.1	chrC09	16484692-16486249	1557	u	1
BnaC09LNG0004700	BnaC09LNG0004700.1	MSTRG.94973.1	chrC09	16958617-16959311	694	u	1
BnaC09LNG0004800	BnaC09LNG0004800.1	MSTRG.94985.1	chrC09	17036080-17036550	470	u	1
BnaC09LNG0004900	BnaC09LNG0004900.1	MSTRG.95060.1	chrC09	17587206-17587691	485	u	1
BnaC09LNG0005000	BnaC09LNG0005000.1	MSTRG.95083.1	chrC09	17890919-17891515	596	u	1
BnaC09LNG0005100	BnaC09LNG0005100.1	MSTRG.95085.1	chrC09	17901411-17902836	1425	u	1
BnaC09LNG0005200	BnaC09LNG0005200.1	MSTRG.95161.1	chrC09	18569479-18570207	728	u	1
BnaC09LNG0005300	BnaC09LNG0005300.1	MSTRG.95184.1	chrC09	18689630-18690876	1246	u	1
BnaC09LNG0005400	BnaC09LNG0005400.1	MSTRG.95378.1	chrC09	20597931-20599002	1071	u	1
BnaC09LNG0005500	BnaC09LNG0005500.1	MSTRG.95414.1	chrC09	21027754-21028750	996	u	1
BnaC09LNG0005600	BnaC09LNG0005600.1	MSTRG.95428.1	chrC09	21089646-21090825	1179	u	1
BnaC09LNG0005700	BnaC09LNG0005700.1	MSTRG.95462.1	chrC09	21323415-21323739	324	u	1
BnaC09LNG0005800	BnaC09LNG0005800.1	MSTRG.95581.1	chrC09	22859611-22861555	1944	u	1
BnaC09LNG0005900	BnaC09LNG0005900.1	MSTRG.95583.1	chrC09	22865580-22866124	544	u	1
BnaC09LNG0006000	BnaC09LNG0006000.1	MSTRG.95584.1	chrC09	22867313-22868691	1378	u	1
BnaC09LNG0006100	BnaC09LNG0006100.1	MSTRG.95604.1	chrC09	23104039-23104595	556	u	1
BnaC09LNG0006200	BnaC09LNG0006200.1	MSTRG.95731.1	chrC09	25220753-25221306	553	u	1
BnaC09LNG0006300	BnaC09LNG0006300.1	MSTRG.95747.1	chrC09	25382941-25383991	1050	u	1
BnaC09LNG0006400	BnaC09LNG0006400.1	MSTRG.95805.1	chrC09	25973092-25976197	3105	u	1
BnaC09LNG0006500	BnaC09LNG0006500.1	MSTRG.95809.1	chrC09	25987572-25989029	1457	u	1
BnaC09LNG0006600	BnaC09LNG0006600.1	MSTRG.95830.1	chrC09	26179480-26179727	247	u	1
BnaC09LNG0006700	BnaC09LNG0006700.1	MSTRG.95856.1	chrC09	26778154-26778377	223	u	1
BnaC09LNG0006800	BnaC09LNG0006800.1	MSTRG.95868.1	chrC09	27043832-27044125	293	u	1
BnaC09LNG0006900	BnaC09LNG0006900.1	MSTRG.95893.1	chrC09	27510109-27511177	1068	u	1
BnaC09LNG0007000	BnaC09LNG0007000.1	MSTRG.95934.1	chrC09	28552334-28552702	368	u	1
BnaC09LNG0007100	BnaC09LNG0007100.1	MSTRG.95945.1	chrC09	28663729-28663993	264	u	1
BnaC09LNG0007200	BnaC09LNG0007200.1	MSTRG.95978.1	chrC09	29171144-29172067	923	o	2
BnaC09LNG0007300	BnaC09LNG0007300.1	MSTRG.96071.1	chrC09	30507338-30507814	476	u	1
BnaC09LNG0007400	BnaC09LNG0007400.1	MSTRG.96191.1	chrC09	31671921-31672392	471	u	1
BnaC09LNG0007500	BnaC09LNG0007500.1	MSTRG.96192.1	chrC09	31684223-31686270	2047	o	2
BnaC09LNG0007600	BnaC09LNG0007600.1	MSTRG.96194.1	chrC09	31689765-31690192	427	u	1
BnaC09LNG0007700	BnaC09LNG0007700.1	MSTRG.96312.1	chrC09	32691229-32691810	581	u	1
BnaC09LNG0007800	BnaC09LNG0007800.1	MSTRG.96506.1	chrC09	34323143-34323724	581	u	1
BnaC09LNG0007900	BnaC09LNG0007900.1	MSTRG.96687.1	chrC09	35902717-35904116	1399	u	1
BnaC09LNG0008000	BnaC09LNG0008000.1	MSTRG.96699.1	chrC09	35964375-35964851	476	u	1
BnaC09LNG0008100	BnaC09LNG0008100.1	MSTRG.96729.1	chrC09	36240609-36241060	451	u	1
BnaC09LNG0008200	BnaC09LNG0008200.1	MSTRG.96737.3	chrC09	36268126-36271424	3298	o	3
BnaC09LNG0008300	BnaC09LNG0008300.1	MSTRG.96757.1	chrC09	36525351-36526049	698	u	1
BnaC09LNG0008400	BnaC09LNG0008400.1	MSTRG.96793.1	chrC09	36695331-36695634	303	u	1
BnaC09LNG0008500	BnaC09LNG0008500.1	MSTRG.96909.1	chrC09	37695278-37696340	1062	u	1
BnaC09LNG0008600	BnaC09LNG0008600.1	MSTRG.96959.1	chrC09	38334518-38336214	1696	u	1
BnaC09LNG0008700	BnaC09LNG0008700.1	MSTRG.97031.1	chrC09	38934310-38935117	807	u	1
BnaC09LNG0008800	BnaC09LNG0008800.1	MSTRG.97055.1	chrC09	39404105-39404592	487	u	1
BnaC09LNG0008900	BnaC09LNG0008900.1	MSTRG.97423.1	chrC09	41903692-41904767	1075	u	1
BnaC09LNG0009000	BnaC09LNG0009000.1	MSTRG.97438.1	chrC09	41981624-41982345	721	u	1
BnaC09LNG0009100	BnaC09LNG0009100.1	MSTRG.97679.1	chrC09	44061137-44061803	666	u	1
BnaC09LNG0009200	BnaC09LNG0009200.1	MSTRG.98072.1	chrC09	46702922-46704349	1427	u	1
BnaC09LNG0009300	BnaC09LNG0009300.1	MSTRG.98115.1	chrC09	46977207-46978881	1674	u	2
BnaC09LNG0009400	BnaC09LNG0009400.1	MSTRG.98300.1	chrC09	48372175-48373059	884	u	1
BnaC09LNG0009500	BnaC09LNG0009500.1	MSTRG.98319.1	chrC09	48431804-48432626	822	u	1
BnaC09LNG0009600	BnaC09LNG0009600.1	MSTRG.98334.1	chrC09_random	345-672	327	u	1
BnaC09LNG0009700	BnaC09LNG0009700.1	MSTRG.98368.1	chrC09_random	168503-169052	549	u	1
BnaC09LNG0009800	BnaC09LNG0009800.1	MSTRG.98533.1	chrC09_random	1413487-1413849	362	u	1
BnaC09LNG0009900	BnaC09LNG0009900.1	MSTRG.98604.1	chrC09_random	2005830-2007166	1336	u	1
BnaC09LNG0010000	BnaC09LNG0010000.1	MSTRG.98623.1	chrC09_random	2160304-2161577	1273	o	2
BnaC09LNG0010100	BnaC09LNG0010100.1	MSTRG.98696.1	chrC09_random	2973039-2973800	761	u	1
BnaC09LNG0010200	BnaC09LNG0010200.1	MSTRG.98749.1	chrC09_random	3413397-3413725	328	u	1
BnaC09LNG0010300	BnaC09LNG0010300.1	MSTRG.98854.15	chrC09_random	4010411-4015707	5296	o	3
BnaC09LNG0010400	BnaC09LNG0010400.1	MSTRG.98884.1	chrC09_random	4350639-4351681	1042	u	1
BnaC09LNG0010500	BnaC09LNG0010500.1	MSTRG.98889.1	chrC09_random	4384458-4385272	814	u	1
BnaCnnLNG0000100	BnaCnnLNG0000100.1	MSTRG.98984.1	chrCnn_random	778713-780247	1534	u	1
BnaCnnLNG0000200	BnaCnnLNG0000200.1	MSTRG.99053.1	chrCnn_random	1133084-1134177	1093	u	1
BnaCnnLNG0000300	BnaCnnLNG0000300.1	MSTRG.99424.1	chrCnn_random	4040218-4041556	1338	u	3
BnaCnnLNG0000400	BnaCnnLNG0000400.1	MSTRG.99447.1	chrCnn_random	4205392-4205822	430	u	1
BnaCnnLNG0000500	BnaCnnLNG0000500.1	MSTRG.99650.1	chrCnn_random	6435844-6436163	319	u	1
BnaCnnLNG0000600	BnaCnnLNG0000600.1	MSTRG.99677.1	chrCnn_random	6681562-6682581	1019	u	1
BnaCnnLNG0000700	BnaCnnLNG0000700.1	MSTRG.99742.1	chrCnn_random	7082241-7082803	562	u	1
BnaCnnLNG0000800	BnaCnnLNG0000800.1	MSTRG.99753.1	chrCnn_random	7245747-7246721	974	u	1
BnaCnnLNG0000900	BnaCnnLNG0000900.1	MSTRG.99754.1	chrCnn_random	7249138-7250024	886	u	1
BnaCnnLNG0001000	BnaCnnLNG0001000.1	MSTRG.99887.1	chrCnn_random	8538957-8539805	848	u	1
BnaCnnLNG0001100	BnaCnnLNG0001100.1	MSTRG.99985.1	chrCnn_random	9111882-9112380	498	u	1
BnaCnnLNG0001200	BnaCnnLNG0001200.1	MSTRG.100129.1	chrCnn_random	10370409-10372628	2219	u	1
BnaCnnLNG0001300	BnaCnnLNG0001300.1	MSTRG.100133.1	chrCnn_random	10382236-10383067	831	u	1
BnaCnnLNG0001400	BnaCnnLNG0001400.1	MSTRG.100195.1	chrCnn_random	11044249-11046881	2632	u	1
BnaCnnLNG0001500	BnaCnnLNG0001500.1	MSTRG.100270.1	chrCnn_random	12015395-12017428	2033	o	2
BnaCnnLNG0001600	BnaCnnLNG0001600.1	MSTRG.100294.1	chrCnn_random	12163087-12163640	553	u	1
BnaCnnLNG0001700	BnaCnnLNG0001700.1	MSTRG.100320.1	chrCnn_random	12275915-12276205	290	u	1
BnaCnnLNG0001800	BnaCnnLNG0001800.1	MSTRG.100419.1	chrCnn_random	13158432-13159125	693	u	1
BnaCnnLNG0001900	BnaCnnLNG0001900.1	MSTRG.100562.1	chrCnn_random	14289559-14299103	9544	u	1
BnaCnnLNG0002000	BnaCnnLNG0002000.1	MSTRG.100669.1	chrCnn_random	15161973-15163693	1720	u	1
BnaCnnLNG0002100	BnaCnnLNG0002100.1	MSTRG.100803.1	chrCnn_random	16131938-16133714	1776	u	1
BnaCnnLNG0002200	BnaCnnLNG0002200.1	MSTRG.101030.1	chrCnn_random	18280692-18281645	953	u	1
BnaCnnLNG0002300	BnaCnnLNG0002300.1	MSTRG.101221.1	chrCnn_random	19828068-19828821	753	u	1
BnaCnnLNG0002400	BnaCnnLNG0002400.1	MSTRG.101272.1	chrCnn_random	20245110-20245986	876	u	1
BnaCnnLNG0002500	BnaCnnLNG0002500.1	MSTRG.101277.1	chrCnn_random	20484135-20484760	625	u	1
BnaCnnLNG0002600	BnaCnnLNG0002600.1	MSTRG.101340.1	chrCnn_random	20709811-20710079	268	u	1
BnaCnnLNG0002700	BnaCnnLNG0002700.1	MSTRG.101405.1	chrCnn_random	21267028-21268075	1047	u	1
BnaCnnLNG0002800	BnaCnnLNG0002800.1	MSTRG.101533.1	chrCnn_random	22097842-22098369	527	u	1
BnaCnnLNG0002900	BnaCnnLNG0002900.1	MSTRG.101599.1	chrCnn_random	22525440-22527910	2470	u	1
BnaCnnLNG0003000	BnaCnnLNG0003000.1	MSTRG.101646.1	chrCnn_random	22929955-22931756	1801	u	1
BnaCnnLNG0003100	BnaCnnLNG0003100.1	MSTRG.101682.1	chrCnn_random	23282957-23286953	3996	u	2
BnaCnnLNG0003200	BnaCnnLNG0003200.1	MSTRG.101732.1	chrCnn_random	23621065-23621490	425	u	1
BnaCnnLNG0003300	BnaCnnLNG0003300.1	MSTRG.101863.1	chrCnn_random	24695140-24696049	909	u	1
BnaCnnLNG0003400	BnaCnnLNG0003400.1	MSTRG.101900.1	chrCnn_random	25021661-25029790	8129	u	1
BnaCnnLNG0003500	BnaCnnLNG0003500.1	MSTRG.101949.1	chrCnn_random	25466636-25469277	2641	u	1
BnaCnnLNG0003600	BnaCnnLNG0003600.1	MSTRG.101965.1	chrCnn_random	25646080-25648749	2669	o	3
BnaCnnLNG0003700	BnaCnnLNG0003700.1	MSTRG.101985.1	chrCnn_random	25847063-25847763	700	u	1
BnaCnnLNG0003800	BnaCnnLNG0003800.1	MSTRG.101995.1	chrCnn_random	25965137-25965843	706	u	1
BnaCnnLNG0003900	BnaCnnLNG0003900.1	MSTRG.102038.1	chrCnn_random	26378437-26381083	2646	u	1
BnaCnnLNG0004000	BnaCnnLNG0004000.1	MSTRG.102244.1	chrCnn_random	27925325-27926206	881	u	1
BnaCnnLNG0004100	BnaCnnLNG0004100.1	MSTRG.102252.1	chrCnn_random	27975980-27976513	533	u	1
BnaCnnLNG0004200	BnaCnnLNG0004200.1	MSTRG.102325.1	chrCnn_random	28518729-28520149	1420	o	2
BnaCnnLNG0004300	BnaCnnLNG0004300.1	MSTRG.102384.1	chrCnn_random	28900967-28901684	717	u	1
BnaCnnLNG0004400	BnaCnnLNG0004400.1	MSTRG.102522.1	chrCnn_random	29680912-29682088	1176	u	1
BnaCnnLNG0004500	BnaCnnLNG0004500.1	MSTRG.102559.1	chrCnn_random	30095671-30095979	308	u	1
BnaCnnLNG0004600	BnaCnnLNG0004600.1	MSTRG.102660.2	chrCnn_random	30710001-30710968	967	u	2
BnaCnnLNG0004700	BnaCnnLNG0004700.1	MSTRG.102739.1	chrCnn_random	31569289-31570797	1508	u	1
BnaCnnLNG0004800	BnaCnnLNG0004800.1	MSTRG.102774.1	chrCnn_random	31878868-31879366	498	u	1
BnaCnnLNG0004900	BnaCnnLNG0004900.1	MSTRG.102808.1	chrCnn_random	31960927-31962981	2054	u	1
BnaCnnLNG0005000	BnaCnnLNG0005000.1	MSTRG.102858.1	chrCnn_random	32552338-32552956	618	u	1
BnaCnnLNG0005100	BnaCnnLNG0005100.1	MSTRG.102907.1	chrCnn_random	33017073-33018380	1307	o	3
BnaCnnLNG0005200	BnaCnnLNG0005200.1	MSTRG.102911.1	chrCnn_random	33028780-33031525	2745	u	1
BnaCnnLNG0005300	BnaCnnLNG0005300.1	MSTRG.102916.1	chrCnn_random	33070517-33072697	2180	o	2
BnaCnnLNG0005400	BnaCnnLNG0005400.1	MSTRG.102959.1	chrCnn_random	33260599-33261771	1172	u	2
BnaCnnLNG0005500	BnaCnnLNG0005500.1	MSTRG.102999.1	chrCnn_random	33573343-33577075	3732	u	1
BnaCnnLNG0005600	BnaCnnLNG0005600.1	MSTRG.103042.1	chrCnn_random	33999449-34004028	4579	u	1
BnaCnnLNG0005700	BnaCnnLNG0005700.1	MSTRG.103056.1	chrCnn_random	34177155-34177488	333	u	1
BnaCnnLNG0005800	BnaCnnLNG0005800.1	MSTRG.103064.1	chrCnn_random	34237529-34237960	431	u	1
BnaCnnLNG0005900	BnaCnnLNG0005900.1	MSTRG.103118.1	chrCnn_random	34715837-34716244	407	u	1
BnaCnnLNG0006000	BnaCnnLNG0006000.1	MSTRG.103161.1	chrCnn_random	34995591-34995988	397	u	1
BnaCnnLNG0006100	BnaCnnLNG0006100.1	MSTRG.103182.1	chrCnn_random	35124200-35125907	1707	u	1
BnaCnnLNG0006200	BnaCnnLNG0006200.1	MSTRG.103183.1	chrCnn_random	35129783-35131447	1664	u	1
BnaCnnLNG0006300	BnaCnnLNG0006300.1	MSTRG.103184.1	chrCnn_random	35131834-35134442	2608	u	1
BnaCnnLNG0006400	BnaCnnLNG0006400.1	MSTRG.103385.1	chrCnn_random	37033717-37034056	339	u	1
BnaCnnLNG0006500	BnaCnnLNG0006500.1	MSTRG.103386.1	chrCnn_random	37034480-37034790	310	u	1
BnaCnnLNG0006600	BnaCnnLNG0006600.1	MSTRG.103460.1	chrCnn_random	38006794-38007477	683	u	1
BnaCnnLNG0006700	BnaCnnLNG0006700.1	MSTRG.103540.1	chrCnn_random	38242025-38242523	498	u	1
BnaCnnLNG0006800	BnaCnnLNG0006800.1	MSTRG.103584.1	chrCnn_random	38586510-38586766	256	u	1
BnaCnnLNG0006900	BnaCnnLNG0006900.1	MSTRG.103639.1	chrCnn_random	38790716-38792111	1395	u	1
BnaCnnLNG0007000	BnaCnnLNG0007000.1	MSTRG.103779.1	chrCnn_random	40140548-40143298	2750	u	1
BnaCnnLNG0007100	BnaCnnLNG0007100.1	MSTRG.103877.1	chrCnn_random	40750706-40751209	503	i	1
BnaCnnLNG0007200	BnaCnnLNG0007200.1	MSTRG.103912.1	chrCnn_random	41060990-41061641	651	u	1
BnaCnnLNG0007300	BnaCnnLNG0007300.1	MSTRG.104143.1	chrCnn_random	42853954-42855217	1263	u	1
BnaCnnLNG0007400	BnaCnnLNG0007400.1	MSTRG.104152.1	chrCnn_random	43047097-43052345	5248	u	2
BnaCnnLNG0007500	BnaCnnLNG0007500.1	MSTRG.104175.1	chrCnn_random	43218794-43220197	1403	u	1
BnaCnnLNG0007600	BnaCnnLNG0007600.1	MSTRG.104392.1	chrCnn_random	45092950-45094791	1841	u	1
BnaCnnLNG0007700	BnaCnnLNG0007700.1	MSTRG.104493.1	chrCnn_random	45884842-45886063	1221	o	2
BnaCnnLNG0007800	BnaCnnLNG0007800.1	MSTRG.104498.1	chrCnn_random	46037338-46037723	385	u	1
BnaCnnLNG0007900	BnaCnnLNG0007900.1	MSTRG.104526.1	chrCnn_random	46234903-46236110	1207	u	1
BnaCnnLNG0008000	BnaCnnLNG0008000.1	MSTRG.104581.1	chrCnn_random	46556995-46557588	593	u	1
BnaCnnLNG0008100	BnaCnnLNG0008100.1	MSTRG.104615.1	chrCnn_random	46860141-46861262	1121	u	1
BnaCnnLNG0008200	BnaCnnLNG0008200.1	MSTRG.104651.1	chrCnn_random	47172397-47173381	984	u	1
BnaCnnLNG0008300	BnaCnnLNG0008300.1	MSTRG.104738.1	chrCnn_random	47523063-47524541	1478	u	2
BnaCnnLNG0008400	BnaCnnLNG0008400.1	MSTRG.104732.1	chrCnn_random	47717045-47718246	1201	o	3
BnaCnnLNG0008500	BnaCnnLNG0008500.1	MSTRG.104765.1	chrCnn_random	47842172-47843082	910	u	1
BnaCnnLNG0008600	BnaCnnLNG0008600.1	MSTRG.104824.1	chrCnn_random	48268491-48269092	601	u	1
BnaCnnLNG0008700	BnaCnnLNG0008700.1	MSTRG.104894.1	chrCnn_random	48790332-48793669	3337	u	1
BnaCnnLNG0008800	BnaCnnLNG0008800.1	MSTRG.104925.1	chrCnn_random	48979609-48980713	1104	u	1
BnaCnnLNG0008900	BnaCnnLNG0008900.1	MSTRG.105068.1	chrCnn_random	50093537-50094881	1344	u	1
BnaCnnLNG0009000	BnaCnnLNG0009000.1	MSTRG.105125.1	chrCnn_random	50536507-50538570	2063	u	1
BnaCnnLNG0009100	BnaCnnLNG0009100.1	MSTRG.105171.1	chrCnn_random	50829833-50830316	483	i	1
BnaCnnLNG0009200	BnaCnnLNG0009200.1	MSTRG.105231.1	chrCnn_random	51282571-51283638	1067	u	1
BnaCnnLNG0009300	BnaCnnLNG0009300.1	MSTRG.105285.1	chrCnn_random	51581832-51582060	228	u	1
BnaCnnLNG0009400	BnaCnnLNG0009400.1	MSTRG.105327.1	chrCnn_random	51895509-51897122	1613	u	1
BnaCnnLNG0009500	BnaCnnLNG0009500.1	MSTRG.105393.1	chrCnn_random	52425513-52425864	351	u	1
BnaCnnLNG0009600	BnaCnnLNG0009600.1	MSTRG.105556.1	chrCnn_random	53777770-53780645	2875	u	1
BnaCnnLNG0009700	BnaCnnLNG0009700.1	MSTRG.105566.1	chrCnn_random	53874859-53875171	312	u	1
BnaCnnLNG0009800	BnaCnnLNG0009800.1	MSTRG.105567.1	chrCnn_random	53877541-53878299	758	u	1
BnaCnnLNG0009900	BnaCnnLNG0009900.1	MSTRG.105596.1	chrCnn_random	54025396-54025907	511	u	1
BnaCnnLNG0010000	BnaCnnLNG0010000.1	MSTRG.105771.1	chrCnn_random	55458015-55458427	412	u	1
BnaCnnLNG0010100	BnaCnnLNG0010100.1	MSTRG.105792.1	chrCnn_random	55580059-55581017	958	u	1
BnaCnnLNG0010200	BnaCnnLNG0010200.1	MSTRG.105915.1	chrCnn_random	56356538-56357044	506	u	1
BnaCnnLNG0010300	BnaCnnLNG0010300.1	MSTRG.105935.2	chrCnn_random	56446486-56447495	1009	o	2
BnaCnnLNG0010400	BnaCnnLNG0010400.1	MSTRG.105941.1	chrCnn_random	56519702-56521382	1680	u	1
BnaCnnLNG0010500	BnaCnnLNG0010500.1	MSTRG.106007.1	chrCnn_random	56867000-56867609	609	u	1
BnaCnnLNG0010600	BnaCnnLNG0010600.1	MSTRG.106009.1	chrCnn_random	56872584-56872938	354	u	1
BnaCnnLNG0010700	BnaCnnLNG0010700.1	MSTRG.106015.1	chrCnn_random	56887676-56888116	440	u	1
BnaCnnLNG0010800	BnaCnnLNG0010800.1	MSTRG.106016.1	chrCnn_random	56888769-56889207	438	u	1
BnaCnnLNG0010900	BnaCnnLNG0010900.1	MSTRG.106029.1	chrCnn_random	56971392-56971991	599	u	1
BnaCnnLNG0011000	BnaCnnLNG0011000.1	MSTRG.106068.1	chrCnn_random	57189899-57190429	530	u	1
BnaCnnLNG0011100	BnaCnnLNG0011100.1	MSTRG.106071.1	chrCnn_random	57195972-57197452	1480	u	1
BnaCnnLNG0011200	BnaCnnLNG0011200.1	MSTRG.106077.1	chrCnn_random	57226422-57226829	407	u	1
BnaCnnLNG0011300	BnaCnnLNG0011300.1	MSTRG.106167.1	chrCnn_random	57931287-57931745	458	u	1
BnaCnnLNG0011400	BnaCnnLNG0011400.1	MSTRG.106206.1	chrCnn_random	58244029-58246333	2304	u	1
BnaCnnLNG0011500	BnaCnnLNG0011500.1	MSTRG.106216.1	chrCnn_random	58331924-58332642	718	u	1
BnaCnnLNG0011600	BnaCnnLNG0011600.1	MSTRG.106221.1	chrCnn_random	58358952-58361525	2573	u	1
BnaCnnLNG0011700	BnaCnnLNG0011700.1	MSTRG.106293.1	chrCnn_random	58732956-58733562	606	u	1
BnaCnnLNG0011800	BnaCnnLNG0011800.1	MSTRG.106325.1	chrCnn_random	58899596-58900208	612	u	1
BnaCnnLNG0011900	BnaCnnLNG0011900.1	MSTRG.106707.1	chrCnn_random	61656980-61657605	625	u	1
BnaCnnLNG0012000	BnaCnnLNG0012000.1	MSTRG.106729.1	chrCnn_random	61799848-61803575	3727	u	1
BnaCnnLNG0012100	BnaCnnLNG0012100.1	MSTRG.107153.1	chrCnn_random	64513225-64513772	547	u	1
BnaCnnLNG0012200	BnaCnnLNG0012200.1	MSTRG.107250.1	chrCnn_random	65246733-65247248	515	u	1
BnaCnnLNG0012300	BnaCnnLNG0012300.1	MSTRG.107343.1	chrCnn_random	65910639-65911182	543	u	1
BnaCnnLNG0012400	BnaCnnLNG0012400.1	MSTRG.107607.1	chrCnn_random	67677748-67679659	1911	o	2
BnaCnnLNG0012500	BnaCnnLNG0012500.1	MSTRG.107633.1	chrCnn_random	67858370-67860094	1724	u	1
BnaCnnLNG0012600	BnaCnnLNG0012600.1	MSTRG.107652.1	chrCnn_random	67962561-67963319	758	u	1
BnaCnnLNG0012700	BnaCnnLNG0012700.1	MSTRG.107657.1	chrCnn_random	67973219-67973905	686	o	2
BnaCnnLNG0012800	BnaCnnLNG0012800.1	MSTRG.107813.1	chrCnn_random	69101633-69102410	777	u	1
BnaCnnLNG0012900	BnaCnnLNG0012900.1	MSTRG.107819.1	chrCnn_random	69126817-69127265	448	u	1
BnaCnnLNG0013000	BnaCnnLNG0013000.1	MSTRG.107900.1	chrCnn_random	69656513-69656845	332	u	1
BnaCnnLNG0013100	BnaCnnLNG0013100.1	MSTRG.107901.1	chrCnn_random	69660091-69662702	2611	u	1
BnaCnnLNG0013200	BnaCnnLNG0013200.1	MSTRG.108077.1	chrCnn_random	70881666-70881949	283	u	1
BnaCnnLNG0013300	BnaCnnLNG0013300.1	MSTRG.108123.1	chrCnn_random	71340787-71342215	1428	u	1
BnaCnnLNG0013400	BnaCnnLNG0013400.1	MSTRG.108263.1	chrCnn_random	72336955-72339719	2764	u	1
BnaCnnLNG0013500	BnaCnnLNG0013500.1	MSTRG.108336.1	chrCnn_random	72851478-72852539	1061	u	1
BnaCnnLNG0013600	BnaCnnLNG0013600.1	MSTRG.108491.1	chrCnn_random	73887447-73887650	203	u	1
BnaCnnLNG0013700	BnaCnnLNG0013700.1	MSTRG.108592.1	chrCnn_random	74760944-74762024	1080	u	1
BnaCnnLNG0013800	BnaCnnLNG0013800.1	MSTRG.108633.1	chrCnn_random	75180693-75181201	508	u	1
BnaCnnLNG0013900	BnaCnnLNG0013900.1	MSTRG.108695.1	chrCnn_random	75578024-75578821	797	o	2
BnaCnnLNG0014000	BnaCnnLNG0014000.1	MSTRG.108880.1	chrCnn_random	76780580-76781876	1296	u	1
BnaCnnLNG0014100	BnaCnnLNG0014100.1	MSTRG.108939.1	chrCnn_random	77157932-77159711	1779	u	1
BnaCnnLNG0014200	BnaCnnLNG0014200.1	MSTRG.108959.1	chrCnn_random	77615640-77615996	356	u	1
BnaCnnLNG0014300	BnaCnnLNG0014300.1	MSTRG.109058.2	chrCnn_random	78111237-78112349	1112	o	3
BnaCnnLNG0014400	BnaCnnLNG0014400.1	MSTRG.109130.1	chrCnn_random	78720880-78723032	2152	o	2
BnaCnnLNG0014500	BnaCnnLNG0014500.1	MSTRG.109135.1	chrCnn_random	78747907-78750050	2143	u	1
BnaCnnLNG0014600	BnaCnnLNG0014600.1	MSTRG.109315.1	chrCnn_random	80246092-80246566	474	u	1
BnaCnnLNG0014700	BnaCnnLNG0014700.1	MSTRG.109576.1	chrUnn_random	1642096-1643942	1846	u	1
BnaCnnLNG0014800	BnaCnnLNG0014800.1	MSTRG.109675.1	chrUnn_random	2629498-2632617	3119	o	2
BnaCnnLNG0014900	BnaCnnLNG0014900.1	MSTRG.109701.1	chrUnn_random	3066675-3069261	2586	u	1
BnaCnnLNG0015000	BnaCnnLNG0015000.1	MSTRG.109756.1	chrUnn_random	3763885-3764301	416	u	1
BnaCnnLNG0015100	BnaCnnLNG0015100.1	MSTRG.109807.1	chrUnn_random	4190550-4192919	2369	u	1
BnaCnnLNG0015200	BnaCnnLNG0015200.1	MSTRG.109843.1	chrUnn_random	4476270-4476773	503	u	1
BnaCnnLNG0015300	BnaCnnLNG0015300.1	MSTRG.109844.1	chrUnn_random	4477411-4479698	2287	u	1
BnaCnnLNG0015400	BnaCnnLNG0015400.1	MSTRG.109882.1	chrUnn_random	4828900-4829712	812	u	1
BnaCnnLNG0015500	BnaCnnLNG0015500.1	MSTRG.109893.1	chrUnn_random	4905154-4905832	678	u	1
BnaCnnLNG0015600	BnaCnnLNG0015600.1	MSTRG.109919.1	chrUnn_random	5053597-5055225	1628	u	1
BnaCnnLNG0015700	BnaCnnLNG0015700.1	MSTRG.109990.1	chrUnn_random	5502615-5505817	3202	u	1
BnaCnnLNG0015800	BnaCnnLNG0015800.1	MSTRG.110028.1	chrUnn_random	5835134-5835727	593	u	1
BnaCnnLNG0015900	BnaCnnLNG0015900.1	MSTRG.110063.1	chrUnn_random	6108446-6111111	2665	u	1
BnaCnnLNG0016000	BnaCnnLNG0016000.1	MSTRG.110169.1	chrUnn_random	6828472-6829748	1276	u	1
BnaCnnLNG0016100	BnaCnnLNG0016100.1	MSTRG.110198.1	chrUnn_random	7045430-7047799	2369	u	1