RJNA738191,SRR14825793,shoot,5℃___EMS26,freezing_(5℃)___Cultivar,Transcriptome_analysis_of_J8634_B_30_and_EMS26_lines_before_and_after_freezing_treatment
PRJNA738191,SRR14825794,shoot,5℃___EMS26,freezing_(5℃)___Cultivar,Transcriptome_analysis_of_J8634_B_30_and_EMS26_lines_before_and_after_freezing_treatment
PRJNA738191,SRR14825795,shoot,Normal___EMS26,freezing_(5℃)___Cultivar,Transcriptome_analysis_of_J8634_B_30_and_EMS26_lines_before_and_after_freezing_treatment
PRJNA738191,SRR14825796,shoot,Normal___EMS26,freezing_(5℃)___Cultivar,Transcriptome_analysis_of_J8634_B_30_and_EMS26_lines_before_and_after_freezing_treatment
PRJNA738179,SRR14825473,shoot,5℃___J8634_B_30,freezing_(5℃)___Cultivar,Transcriptome_analysis_of_J8634_B_30_and_EMS26_lines_before_and_after_freezing_treatment
PRJNA738179,SRR14825474,shoot,5℃___J8634_B_30,freezing_(5℃)___Cultivar,Transcriptome_analysis_of_J8634_B_30_and_EMS26_lines_before_and_after_freezing_treatment
PRJNA738179,SRR14825475,shoot,Normal___J8634_B_30,freezing_(5℃)___Cultivar,Transcriptome_analysis_of_J8634_B_30_and_EMS26_lines_before_and_after_freezing_treatment
PRJNA738179,SRR14825476,shoot,Normal___J8634_B_30,freezing_(5℃)___Cultivar,Transcriptome_analysis_of_J8634_B_30_and_EMS26_lines_before_and_after_freezing_treatment
PRJNA721751,SRR14263226,leaf,J9712_Drought,Drought___Cultivar,Comparison_of_transgenic_rapeseed_(MYB_65_and_J9712)_before_(N)_and_after_(D)_drought_stress
PRJNA721751,SRR14263225,leaf,J9712_Normal,Drought___Cultivar,Comparison_of_transgenic_rapeseed_(MYB_65_and_J9712)_before_(N)_and_after_(D)_drought_stress
PRJNA721751,SRR14263224,leaf,MYB65_Drought,Drought___Cultivar,Comparison_of_transgenic_rapeseed_(MYB_65_and_J9712)_before_(N)_and_after_(D)_drought_stress
PRJNA721751,SRR14263223,leaf,MYB65_Normal,Drought___Cultivar,Comparison_of_transgenic_rapeseed_(MYB_65_and_J9712)_before_(N)_and_after_(D)_drought_stress
PRJNA721751,SRR14263222,leaf,J9712_Drought,Drought___Cultivar,Comparison_of_transgenic_rapeseed_(MYB_65_and_J9712)_before_(N)_and_after_(D)_drought_stress
PRJNA721751,SRR14263221,leaf,J9712_Normal,Drought___Cultivar,Comparison_of_transgenic_rapeseed_(MYB_65_and_J9712)_before_(N)_and_after_(D)_drought_stress
PRJNA721751,SRR14263220,leaf,J9712_Drought,Drought___Cultivar,Comparison_of_transgenic_rapeseed_(MYB_65_and_J9712)_before_(N)_and_after_(D)_drought_stress
PRJNA721751,SRR14263219,leaf,J9712_Normal,Drought___Cultivar,Comparison_of_transgenic_rapeseed_(MYB_65_and_J9712)_before_(N)_and_after_(D)_drought_stress
PRJNA721751,SRR14263218,leaf,MYB65_Drought,Drought___Cultivar,Comparison_of_transgenic_rapeseed_(MYB_65_and_J9712)_before_(N)_and_after_(D)_drought_stress
PRJNA721751,SRR14263217,leaf,MYB65_Normal,Drought___Cultivar,Comparison_of_transgenic_rapeseed_(MYB_65_and_J9712)_before_(N)_and_after_(D)_drought_stress
PRJNA721751,SRR14263216,leaf,MYB65_Drought,Drought___Cultivar,Comparison_of_transgenic_rapeseed_(MYB_65_and_J9712)_before_(N)_and_after_(D)_drought_stress
PRJNA721751,SRR14263215,leaf,MYB65_Normal,Drought___Cultivar,Comparison_of_transgenic_rapeseed_(MYB_65_and_J9712)_before_(N)_and_after_(D)_drought_stress
PRJNA718104,SRR14089763,Root,CH159_Root,Salt___Cultivar___Organ,Transcriptome_sequencing_of_rapeseed_plants_(salinity_resistant_genotype_(H159)_and_a_salinitysensitive_genotype_(L339))_to_salt_stress_(T:_treatment_and_C:_control),_which_is_used_to_identify_the_differentially_expressed_genes_responsive_to_200_mM_NaCl.
PRJNA718104,SRR14089762,Root,CH159_Root,Salt___Cultivar___Organ,Transcriptome_sequencing_of_rapeseed_plants_(salinity_resistant_genotype_(H159)_and_a_salinitysensitive_genotype_(L339))_to_salt_stress_(T:_treatment_and_C:_control),_which_is_used_to_identify_the_differentially_expressed_genes_responsive_to_200_mM_NaCl.
PRJNA718104,SRR14089751,Root,CH159_Root,Salt___Cultivar___Organ,Transcriptome_sequencing_of_rapeseed_plants_(salinity_resistant_genotype_(H159)_and_a_salinitysensitive_genotype_(L339))_to_salt_stress_(T:_treatment_and_C:_control),_which_is_used_to_identify_the_differentially_expressed_genes_responsive_to_200_mM_NaCl.
PRJNA718104,SRR14089740,Shoot,CH159_Shoot,Salt___Cultivar___Organ,Transcriptome_sequencing_of_rapeseed_plants_(salinity_resistant_genotype_(H159)_and_a_salinitysensitive_genotype_(L339))_to_salt_stress_(T:_treatment_and_C:_control),_which_is_used_to_identify_the_differentially_expressed_genes_responsive_to_200_mM_NaCl.
PRJNA718104,SRR14089729,Shoot,CH159_Shoot,Salt___Cultivar___Organ,Transcriptome_sequencing_of_rapeseed_plants_(salinity_resistant_genotype_(H159)_and_a_salinitysensitive_genotype_(L339))_to_salt_stress_(T:_treatment_and_C:_control),_which_is_used_to_identify_the_differentially_expressed_genes_responsive_to_200_mM_NaCl.
PRJNA718104,SRR14089726,Shoot,CH159_Shoot,Salt___Cultivar___Organ,Transcriptome_sequencing_of_rapeseed_plants_(salinity_resistant_genotype_(H159)_and_a_salinitysensitive_genotype_(L339))_to_salt_stress_(T:_treatment_and_C:_control),_which_is_used_to_identify_the_differentially_expressed_genes_responsive_to_200_mM_NaCl.
PRJNA718104,SRR14089725,Root,CL339_Root,Salt___Cultivar___Organ,Transcriptome_sequencing_of_rapeseed_plants_(salinity_resistant_genotype_(H159)_and_a_salinitysensitive_genotype_(L339))_to_salt_stress_(T:_treatment_and_C:_control),_which_is_used_to_identify_the_differentially_expressed_genes_responsive_to_200_mM_NaCl.
PRJNA718104,SRR14089724,Root,CL339_Root,Salt___Cultivar___Organ,Transcriptome_sequencing_of_rapeseed_plants_(salinity_resistant_genotype_(H159)_and_a_salinitysensitive_genotype_(L339))_to_salt_stress_(T:_treatment_and_C:_control),_which_is_used_to_identify_the_differentially_expressed_genes_responsive_to_200_mM_NaCl.
PRJNA718104,SRR14089723,Root,CL339_Root,Salt___Cultivar___Organ,Transcriptome_sequencing_of_rapeseed_plants_(salinity_resistant_genotype_(H159)_and_a_salinitysensitive_genotype_(L339))_to_salt_stress_(T:_treatment_and_C:_control),_which_is_used_to_identify_the_differentially_expressed_genes_responsive_to_200_mM_NaCl.
PRJNA718104,SRR14089722,Shoot,CL339_Shoot,Salt___Cultivar___Organ,Transcriptome_sequencing_of_rapeseed_plants_(salinity_resistant_genotype_(H159)_and_a_salinitysensitive_genotype_(L339))_to_salt_stress_(T:_treatment_and_C:_control),_which_is_used_to_identify_the_differentially_expressed_genes_responsive_to_200_mM_NaCl.
PRJNA718104,SRR14089761,Shoot,CL339_Shoot,Salt___Cultivar___Organ,Transcriptome_sequencing_of_rapeseed_plants_(salinity_resistant_genotype_(H159)_and_a_salinitysensitive_genotype_(L339))_to_salt_stress_(T:_treatment_and_C:_control),_which_is_used_to_identify_the_differentially_expressed_genes_responsive_to_200_mM_NaCl.
PRJNA718104,SRR14089760,Shoot,CL339_Shoot,Salt___Cultivar___Organ,Transcriptome_sequencing_of_rapeseed_plants_(salinity_resistant_genotype_(H159)_and_a_salinitysensitive_genotype_(L339))_to_salt_stress_(T:_treatment_and_C:_control),_which_is_used_to_identify_the_differentially_expressed_genes_responsive_to_200_mM_NaCl.
PRJNA718104,SRR14089759,Root,H159_Cd_Root,Salt___Cultivar___Organ,Transcriptome_sequencing_of_rapeseed_plants_(salinity_resistant_genotype_(H159)_and_a_salinitysensitive_genotype_(L339))_to_salt_stress_(T:_treatment_and_C:_control),_which_is_used_to_identify_the_differentially_expressed_genes_responsive_to_200_mM_NaCl.
PRJNA718104,SRR14089758,Root,H159_Cd_Root,Salt___Cultivar___Organ,Transcriptome_sequencing_of_rapeseed_plants_(salinity_resistant_genotype_(H159)_and_a_salinitysensitive_genotype_(L339))_to_salt_stress_(T:_treatment_and_C:_control),_which_is_used_to_identify_the_differentially_expressed_genes_responsive_to_200_mM_NaCl.
PRJNA718104,SRR14089757,Root,H159_Cd_Root,Salt___Cultivar___Organ,Transcriptome_sequencing_of_rapeseed_plants_(salinity_resistant_genotype_(H159)_and_a_salinitysensitive_genotype_(L339))_to_salt_stress_(T:_treatment_and_C:_control),_which_is_used_to_identify_the_differentially_expressed_genes_responsive_to_200_mM_NaCl.
PRJNA718104,SRR14089756,Shoot,H159_Cd_Shoot,Salt___Cultivar___Organ,Transcriptome_sequencing_of_rapeseed_plants_(salinity_resistant_genotype_(H159)_and_a_salinitysensitive_genotype_(L339))_to_salt_stress_(T:_treatment_and_C:_control),_which_is_used_to_identify_the_differentially_expressed_genes_responsive_to_200_mM_NaCl.
PRJNA718104,SRR14089755,Shoot,H159_Cd_Shoot,Salt___Cultivar___Organ,Transcriptome_sequencing_of_rapeseed_plants_(salinity_resistant_genotype_(H159)_and_a_salinitysensitive_genotype_(L339))_to_salt_stress_(T:_treatment_and_C:_control),_which_is_used_to_identify_the_differentially_expressed_genes_responsive_to_200_mM_NaCl.
PRJNA718104,SRR14089754,Shoot,H159_Cd_Shoot,Salt___Cultivar___Organ,Transcriptome_sequencing_of_rapeseed_plants_(salinity_resistant_genotype_(H159)_and_a_salinitysensitive_genotype_(L339))_to_salt_stress_(T:_treatment_and_C:_control),_which_is_used_to_identify_the_differentially_expressed_genes_responsive_to_200_mM_NaCl.
PRJNA718104,SRR14089753,Root,L339_Cd_Root,Salt___Cultivar___Organ,Transcriptome_sequencing_of_rapeseed_plants_(salinity_resistant_genotype_(H159)_and_a_salinitysensitive_genotype_(L339))_to_salt_stress_(T:_treatment_and_C:_control),_which_is_used_to_identify_the_differentially_expressed_genes_responsive_to_200_mM_NaCl.
PRJNA718104,SRR14089752,Root,L339_Cd_Root,Salt___Cultivar___Organ,Transcriptome_sequencing_of_rapeseed_plants_(salinity_resistant_genotype_(H159)_and_a_salinitysensitive_genotype_(L339))_to_salt_stress_(T:_treatment_and_C:_control),_which_is_used_to_identify_the_differentially_expressed_genes_responsive_to_200_mM_NaCl.
PRJNA718104,SRR14089750,Root,L339_Cd_Root,Salt___Cultivar___Organ,Transcriptome_sequencing_of_rapeseed_plants_(salinity_resistant_genotype_(H159)_and_a_salinitysensitive_genotype_(L339))_to_salt_stress_(T:_treatment_and_C:_control),_which_is_used_to_identify_the_differentially_expressed_genes_responsive_to_200_mM_NaCl.
PRJNA718104,SRR14089749,Shoot,L339_Cd_Shoot,Salt___Cultivar___Organ,Transcriptome_sequencing_of_rapeseed_plants_(salinity_resistant_genotype_(H159)_and_a_salinitysensitive_genotype_(L339))_to_salt_stress_(T:_treatment_and_C:_control),_which_is_used_to_identify_the_differentially_expressed_genes_responsive_to_200_mM_NaCl.
PRJNA718104,SRR14089748,Shoot,L339_Cd_Shoot,Salt___Cultivar___Organ,Transcriptome_sequencing_of_rapeseed_plants_(salinity_resistant_genotype_(H159)_and_a_salinitysensitive_genotype_(L339))_to_salt_stress_(T:_treatment_and_C:_control),_which_is_used_to_identify_the_differentially_expressed_genes_responsive_to_200_mM_NaCl.
PRJNA718104,SRR14089747,Shoot,L339_Cd_Shoot,Salt___Cultivar___Organ,Transcriptome_sequencing_of_rapeseed_plants_(salinity_resistant_genotype_(H159)_and_a_salinitysensitive_genotype_(L339))_to_salt_stress_(T:_treatment_and_C:_control),_which_is_used_to_identify_the_differentially_expressed_genes_responsive_to_200_mM_NaCl.
PRJNA718104,SRR14089746,Root,Mock_Root,Salt___Cultivar___Organ,Transcriptome_sequencing_of_rapeseed_plants_(salinity_resistant_genotype_(H159)_and_a_salinitysensitive_genotype_(L339))_to_salt_stress_(T:_treatment_and_C:_control),_which_is_used_to_identify_the_differentially_expressed_genes_responsive_to_200_mM_NaCl.
PRJNA718104,SRR14089745,Root,Mock_Root,Salt___Cultivar___Organ,Transcriptome_sequencing_of_rapeseed_plants_(salinity_resistant_genotype_(H159)_and_a_salinitysensitive_genotype_(L339))_to_salt_stress_(T:_treatment_and_C:_control),_which_is_used_to_identify_the_differentially_expressed_genes_responsive_to_200_mM_NaCl.
PRJNA718104,SRR14089744,Root,Mock_Root,Salt___Cultivar___Organ,Transcriptome_sequencing_of_rapeseed_plants_(salinity_resistant_genotype_(H159)_and_a_salinitysensitive_genotype_(L339))_to_salt_stress_(T:_treatment_and_C:_control),_which_is_used_to_identify_the_differentially_expressed_genes_responsive_to_200_mM_NaCl.
PRJNA718104,SRR14089743,Shoot,Mock_Shoot,Salt___Cultivar___Organ,Transcriptome_sequencing_of_rapeseed_plants_(salinity_resistant_genotype_(H159)_and_a_salinitysensitive_genotype_(L339))_to_salt_stress_(T:_treatment_and_C:_control),_which_is_used_to_identify_the_differentially_expressed_genes_responsive_to_200_mM_NaCl.
PRJNA718104,SRR14089742,Shoot,Mock_Shoot,Salt___Cultivar___Organ,Transcriptome_sequencing_of_rapeseed_plants_(salinity_resistant_genotype_(H159)_and_a_salinitysensitive_genotype_(L339))_to_salt_stress_(T:_treatment_and_C:_control),_which_is_used_to_identify_the_differentially_expressed_genes_responsive_to_200_mM_NaCl.
PRJNA718104,SRR14089741,Shoot,Mock_Shoot,Salt___Cultivar___Organ,Transcriptome_sequencing_of_rapeseed_plants_(salinity_resistant_genotype_(H159)_and_a_salinitysensitive_genotype_(L339))_to_salt_stress_(T:_treatment_and_C:_control),_which_is_used_to_identify_the_differentially_expressed_genes_responsive_to_200_mM_NaCl.
PRJNA718104,SRR14089739,Root,TH159_Root,Salt___Cultivar___Organ,Transcriptome_sequencing_of_rapeseed_plants_(salinity_resistant_genotype_(H159)_and_a_salinitysensitive_genotype_(L339))_to_salt_stress_(T:_treatment_and_C:_control),_which_is_used_to_identify_the_differentially_expressed_genes_responsive_to_200_mM_NaCl.
PRJNA718104,SRR14089738,Root,TH159_Root,Salt___Cultivar___Organ,Transcriptome_sequencing_of_rapeseed_plants_(salinity_resistant_genotype_(H159)_and_a_salinitysensitive_genotype_(L339))_to_salt_stress_(T:_treatment_and_C:_control),_which_is_used_to_identify_the_differentially_expressed_genes_responsive_to_200_mM_NaCl.
PRJNA718104,SRR14089737,Root,TH159_Root,Salt___Cultivar___Organ,Transcriptome_sequencing_of_rapeseed_plants_(salinity_resistant_genotype_(H159)_and_a_salinitysensitive_genotype_(L339))_to_salt_stress_(T:_treatment_and_C:_control),_which_is_used_to_identify_the_differentially_expressed_genes_responsive_to_200_mM_NaCl.
PRJNA718104,SRR14089736,Shoot,TH159_Shoot,Salt___Cultivar___Organ,Transcriptome_sequencing_of_rapeseed_plants_(salinity_resistant_genotype_(H159)_and_a_salinitysensitive_genotype_(L339))_to_salt_stress_(T:_treatment_and_C:_control),_which_is_used_to_identify_the_differentially_expressed_genes_responsive_to_200_mM_NaCl.
PRJNA718104,SRR14089735,Shoot,TH159_Shoot,Salt___Cultivar___Organ,Transcriptome_sequencing_of_rapeseed_plants_(salinity_resistant_genotype_(H159)_and_a_salinitysensitive_genotype_(L339))_to_salt_stress_(T:_treatment_and_C:_control),_which_is_used_to_identify_the_differentially_expressed_genes_responsive_to_200_mM_NaCl.
PRJNA718104,SRR14089734,Shoot,TH159_Shoot,Salt___Cultivar___Organ,Transcriptome_sequencing_of_rapeseed_plants_(salinity_resistant_genotype_(H159)_and_a_salinitysensitive_genotype_(L339))_to_salt_stress_(T:_treatment_and_C:_control),_which_is_used_to_identify_the_differentially_expressed_genes_responsive_to_200_mM_NaCl.
PRJNA718104,SRR14089733,Root,TL339_Root,Salt___Cultivar___Organ,Transcriptome_sequencing_of_rapeseed_plants_(salinity_resistant_genotype_(H159)_and_a_salinitysensitive_genotype_(L339))_to_salt_stress_(T:_treatment_and_C:_control),_which_is_used_to_identify_the_differentially_expressed_genes_responsive_to_200_mM_NaCl.
PRJNA718104,SRR14089732,Root,TL339_Root,Salt___Cultivar___Organ,Transcriptome_sequencing_of_rapeseed_plants_(salinity_resistant_genotype_(H159)_and_a_salinitysensitive_genotype_(L339))_to_salt_stress_(T:_treatment_and_C:_control),_which_is_used_to_identify_the_differentially_expressed_genes_responsive_to_200_mM_NaCl.
PRJNA718104,SRR14089731,Root,TL339_Root,Salt___Cultivar___Organ,Transcriptome_sequencing_of_rapeseed_plants_(salinity_resistant_genotype_(H159)_and_a_salinitysensitive_genotype_(L339))_to_salt_stress_(T:_treatment_and_C:_control),_which_is_used_to_identify_the_differentially_expressed_genes_responsive_to_200_mM_NaCl.
PRJNA718104,SRR14089730,Shoot,TL339_Shoot,Salt___Cultivar___Organ,Transcriptome_sequencing_of_rapeseed_plants_(salinity_resistant_genotype_(H159)_and_a_salinitysensitive_genotype_(L339))_to_salt_stress_(T:_treatment_and_C:_control),_which_is_used_to_identify_the_differentially_expressed_genes_responsive_to_200_mM_NaCl.
PRJNA718104,SRR14089728,Shoot,TL339_Shoot,Salt___Cultivar___Organ,Transcriptome_sequencing_of_rapeseed_plants_(salinity_resistant_genotype_(H159)_and_a_salinitysensitive_genotype_(L339))_to_salt_stress_(T:_treatment_and_C:_control),_which_is_used_to_identify_the_differentially_expressed_genes_responsive_to_200_mM_NaCl.
PRJNA718104,SRR14089727,Shoot,TL339_Shoot,Salt___Cultivar___Organ,Transcriptome_sequencing_of_rapeseed_plants_(salinity_resistant_genotype_(H159)_and_a_salinitysensitive_genotype_(L339))_to_salt_stress_(T:_treatment_and_C:_control),_which_is_used_to_identify_the_differentially_expressed_genes_responsive_to_200_mM_NaCl.
PRJNA672970,SRR12926420,Seeds,Control_30d,Drought___Days_after_floweering,Transcriptome_analyses_to_reveal_changes_in_seed_oil_content_under_drought_stress_in_Brassica_napus_L._(rape)._Samples_were_taken_30,_40_and_50_days_(30d,_40d,_and_50d)_after_flowering_under_drought_stress_
PRJNA672970,SRR12926421,Seeds,Control_40d,Drought___Days_after_floweering,Transcriptome_analyses_to_reveal_changes_in_seed_oil_content_under_drought_stress_in_Brassica_napus_L._(rape)._Samples_were_taken_30,_40_and_50_days_(30d,_40d,_and_50d)_after_flowering_under_drought_stress_
PRJNA672970,SRR12926422,Seeds,Control_50d,Drought___Days_after_floweering,Transcriptome_analyses_to_reveal_changes_in_seed_oil_content_under_drought_stress_in_Brassica_napus_L._(rape)._Samples_were_taken_30,_40_and_50_days_(30d,_40d,_and_50d)_after_flowering_under_drought_stress_
PRJNA672970,SRR12926423,Seeds,Drought_30d,Drought___Days_after_floweering,Transcriptome_analyses_to_reveal_changes_in_seed_oil_content_under_drought_stress_in_Brassica_napus_L._(rape)._Samples_were_taken_30,_40_and_50_days_(30d,_40d,_and_50d)_after_flowering_under_drought_stress_
PRJNA672970,SRR12926424,Seeds,Drought_40d,Drought___Days_after_floweering,Transcriptome_analyses_to_reveal_changes_in_seed_oil_content_under_drought_stress_in_Brassica_napus_L._(rape)._Samples_were_taken_30,_40_and_50_days_(30d,_40d,_and_50d)_after_flowering_under_drought_stress_
PRJNA672970,SRR12926425,Seeds,Drought_50d,Drought___Days_after_floweering,Transcriptome_analyses_to_reveal_changes_in_seed_oil_content_under_drought_stress_in_Brassica_napus_L._(rape)._Samples_were_taken_30,_40_and_50_days_(30d,_40d,_and_50d)_after_flowering_under_drought_stress_
PRJNA725025,SRR14321748,Leaf,AZ6_Wild_non_treat,Drought___Cultivar___Days,Evaluation_of_a_Dicotyledon_Specific_Gene_(SGI:_Stress_and_Growth_Interconnector)_role_in_Bypassing_the_Tradeoff_between_Growth_and_Drought_Resilience
PRJNA725025,SRR14321747,Leaf,AZ6_Wild_non_treat,Drought___Cultivar___Days,Evaluation_of_a_Dicotyledon_Specific_Gene_(SGI:_Stress_and_Growth_Interconnector)_role_in_Bypassing_the_Tradeoff_between_Growth_and_Drought_Resilience
PRJNA725025,SRR14321746,Leaf,EZ6_Wild_Drought_14D,Drought___Cultivar___Days,Evaluation_of_a_Dicotyledon_Specific_Gene_(SGI:_Stress_and_Growth_Interconnector)_role_in_Bypassing_the_Tradeoff_between_Growth_and_Drought_Resilience
PRJNA725025,SRR14321745,Leaf,EZ6_Wild_Drought_14D,Drought___Cultivar___Days,Evaluation_of_a_Dicotyledon_Specific_Gene_(SGI:_Stress_and_Growth_Interconnector)_role_in_Bypassing_the_Tradeoff_between_Growth_and_Drought_Resilience
PRJNA725025,SRR14321744,Leaf,FZ6_Wild_Re_water_2D,Drought___Cultivar___Days,Evaluation_of_a_Dicotyledon_Specific_Gene_(SGI:_Stress_and_Growth_Interconnector)_role_in_Bypassing_the_Tradeoff_between_Growth_and_Drought_Resilience
PRJNA725025,SRR14321743,Leaf,FZ6_Wild_Re_water_2D,Drought___Cultivar___Days,Evaluation_of_a_Dicotyledon_Specific_Gene_(SGI:_Stress_and_Growth_Interconnector)_role_in_Bypassing_the_Tradeoff_between_Growth_and_Drought_Resilience
PRJNA725025,SRR14321742,Leaf,FZ6_Wild_Re_water_2D,Drought___Cultivar___Days,Evaluation_of_a_Dicotyledon_Specific_Gene_(SGI:_Stress_and_Growth_Interconnector)_role_in_Bypassing_the_Tradeoff_between_Growth_and_Drought_Resilience
PRJNA725025,SRR14321741,Leaf,ASG_Resistant_mutant_non_treat,Drought___Cultivar___Days,Evaluation_of_a_Dicotyledon_Specific_Gene_(SGI:_Stress_and_Growth_Interconnector)_role_in_Bypassing_the_Tradeoff_between_Growth_and_Drought_Resilience
PRJNA725025,SRR14321740,Leaf,ASG_Resistant_mutant_non_treat,Drought___Cultivar___Days,Evaluation_of_a_Dicotyledon_Specific_Gene_(SGI:_Stress_and_Growth_Interconnector)_role_in_Bypassing_the_Tradeoff_between_Growth_and_Drought_Resilience
PRJNA725025,SRR14321739,Leaf,ASG_Resistant_mutant_non_treat,Drought___Cultivar___Days,Evaluation_of_a_Dicotyledon_Specific_Gene_(SGI:_Stress_and_Growth_Interconnector)_role_in_Bypassing_the_Tradeoff_between_Growth_and_Drought_Resilience
PRJNA725025,SRR14321738,Leaf,CSG_Resistant_mutant_Drought_10D,Drought___Cultivar___Days,Evaluation_of_a_Dicotyledon_Specific_Gene_(SGI:_Stress_and_Growth_Interconnector)_role_in_Bypassing_the_Tradeoff_between_Growth_and_Drought_Resilience
PRJNA725025,SRR14321737,Leaf,CSG_Resistant_mutant_Drought_10D,Drought___Cultivar___Days,Evaluation_of_a_Dicotyledon_Specific_Gene_(SGI:_Stress_and_Growth_Interconnector)_role_in_Bypassing_the_Tradeoff_between_Growth_and_Drought_Resilience
PRJNA725025,SRR14321736,Leaf,AZ6_Wild_non_treat,Drought___Cultivar___Days,Evaluation_of_a_Dicotyledon_Specific_Gene_(SGI:_Stress_and_Growth_Interconnector)_role_in_Bypassing_the_Tradeoff_between_Growth_and_Drought_Resilience
PRJNA725025,SRR14321735,Leaf,CSG_Resistant_mutant_Drought_10D,Drought___Cultivar___Days,Evaluation_of_a_Dicotyledon_Specific_Gene_(SGI:_Stress_and_Growth_Interconnector)_role_in_Bypassing_the_Tradeoff_between_Growth_and_Drought_Resilience
PRJNA725025,SRR14321734,Leaf,DSG_Resistant_mutant_Drought_12D,Drought___Cultivar___Days,Evaluation_of_a_Dicotyledon_Specific_Gene_(SGI:_Stress_and_Growth_Interconnector)_role_in_Bypassing_the_Tradeoff_between_Growth_and_Drought_Resilience
PRJNA725025,SRR14321733,Leaf,DSG_Resistant_mutant_Drought_12D,Drought___Cultivar___Days,Evaluation_of_a_Dicotyledon_Specific_Gene_(SGI:_Stress_and_Growth_Interconnector)_role_in_Bypassing_the_Tradeoff_between_Growth_and_Drought_Resilience
PRJNA725025,SRR14321732,Leaf,DSG_Resistant_mutant_Drought_12D,Drought___Cultivar___Days,Evaluation_of_a_Dicotyledon_Specific_Gene_(SGI:_Stress_and_Growth_Interconnector)_role_in_Bypassing_the_Tradeoff_between_Growth_and_Drought_Resilience
PRJNA725025,SRR14321731,Leaf,ESG_Resistant_mutant_Drought_14D,Drought___Cultivar___Days,Evaluation_of_a_Dicotyledon_Specific_Gene_(SGI:_Stress_and_Growth_Interconnector)_role_in_Bypassing_the_Tradeoff_between_Growth_and_Drought_Resilience
PRJNA725025,SRR14321730,Leaf,ESG_Resistant_mutant_Drought_14D,Drought___Cultivar___Days,Evaluation_of_a_Dicotyledon_Specific_Gene_(SGI:_Stress_and_Growth_Interconnector)_role_in_Bypassing_the_Tradeoff_between_Growth_and_Drought_Resilience
PRJNA725025,SRR14321729,Leaf,ESG_Resistant_mutant_Drought_14D,Drought___Cultivar___Days,Evaluation_of_a_Dicotyledon_Specific_Gene_(SGI:_Stress_and_Growth_Interconnector)_role_in_Bypassing_the_Tradeoff_between_Growth_and_Drought_Resilience
PRJNA725025,SRR14321728,Leaf,FSG_Resistant_mutant_Re_water_2D,Drought___Cultivar___Days,Evaluation_of_a_Dicotyledon_Specific_Gene_(SGI:_Stress_and_Growth_Interconnector)_role_in_Bypassing_the_Tradeoff_between_Growth_and_Drought_Resilience
PRJNA725025,SRR14321727,Leaf,FSG_Resistant_mutant_Re_water_2D,Drought___Cultivar___Days,Evaluation_of_a_Dicotyledon_Specific_Gene_(SGI:_Stress_and_Growth_Interconnector)_role_in_Bypassing_the_Tradeoff_between_Growth_and_Drought_Resilience
PRJNA725025,SRR14321726,Leaf,FSG_Resistant_mutant_Re_water_2D,Drought___Cultivar___Days,Evaluation_of_a_Dicotyledon_Specific_Gene_(SGI:_Stress_and_Growth_Interconnector)_role_in_Bypassing_the_Tradeoff_between_Growth_and_Drought_Resilience
PRJNA725025,SRR14321725,Leaf,CZ6_Wild_Drought_10D,Drought___Cultivar___Days,Evaluation_of_a_Dicotyledon_Specific_Gene_(SGI:_Stress_and_Growth_Interconnector)_role_in_Bypassing_the_Tradeoff_between_Growth_and_Drought_Resilience
PRJNA725025,SRR14321724,Leaf,AU9_OverEx_non_treat,Drought___Cultivar___Days,Evaluation_of_a_Dicotyledon_Specific_Gene_(SGI:_Stress_and_Growth_Interconnector)_role_in_Bypassing_the_Tradeoff_between_Growth_and_Drought_Resilience
PRJNA725025,SRR14321723,Leaf,AU9_OverEx_non_treat,Drought___Cultivar___Days,Evaluation_of_a_Dicotyledon_Specific_Gene_(SGI:_Stress_and_Growth_Interconnector)_role_in_Bypassing_the_Tradeoff_between_Growth_and_Drought_Resilience
PRJNA725025,SRR14321722,Leaf,AU9_OverEx_non_treat,Drought___Cultivar___Days,Evaluation_of_a_Dicotyledon_Specific_Gene_(SGI:_Stress_and_Growth_Interconnector)_role_in_Bypassing_the_Tradeoff_between_Growth_and_Drought_Resilience
PRJNA725025,SRR14321721,Leaf,CU9_OverEx_Drought_10D,Drought___Cultivar___Days,Evaluation_of_a_Dicotyledon_Specific_Gene_(SGI:_Stress_and_Growth_Interconnector)_role_in_Bypassing_the_Tradeoff_between_Growth_and_Drought_Resilience
PRJNA725025,SRR14321720,Leaf,CU9_OverEx_Drought_10D,Drought___Cultivar___Days,Evaluation_of_a_Dicotyledon_Specific_Gene_(SGI:_Stress_and_Growth_Interconnector)_role_in_Bypassing_the_Tradeoff_between_Growth_and_Drought_Resilience
PRJNA725025,SRR14321719,Leaf,CU9_OverEx_Drought_10D,Drought___Cultivar___Days,Evaluation_of_a_Dicotyledon_Specific_Gene_(SGI:_Stress_and_Growth_Interconnector)_role_in_Bypassing_the_Tradeoff_between_Growth_and_Drought_Resilience
PRJNA725025,SRR14321718,Leaf,EU9_OverEx_Drought_14D,Drought___Cultivar___Days,Evaluation_of_a_Dicotyledon_Specific_Gene_(SGI:_Stress_and_Growth_Interconnector)_role_in_Bypassing_the_Tradeoff_between_Growth_and_Drought_Resilience
PRJNA725025,SRR14321717,Leaf,EU9_OverEx_Drought_14D,Drought___Cultivar___Days,Evaluation_of_a_Dicotyledon_Specific_Gene_(SGI:_Stress_and_Growth_Interconnector)_role_in_Bypassing_the_Tradeoff_between_Growth_and_Drought_Resilience
PRJNA725025,SRR14321716,Leaf,EU9_OverEx_Drought_14D,Drought___Cultivar___Days,Evaluation_of_a_Dicotyledon_Specific_Gene_(SGI:_Stress_and_Growth_Interconnector)_role_in_Bypassing_the_Tradeoff_between_Growth_and_Drought_Resilience
PRJNA725025,SRR14321715,Leaf,FU9_OverEx_Re_water_2D,Drought___Cultivar___Days,Evaluation_of_a_Dicotyledon_Specific_Gene_(SGI:_Stress_and_Growth_Interconnector)_role_in_Bypassing_the_Tradeoff_between_Growth_and_Drought_Resilience
PRJNA725025,SRR14321714,Leaf,CZ6_Wild_Drought_10D,Drought___Cultivar___Days,Evaluation_of_a_Dicotyledon_Specific_Gene_(SGI:_Stress_and_Growth_Interconnector)_role_in_Bypassing_the_Tradeoff_between_Growth_and_Drought_Resilience
PRJNA725025,SRR14321712,Leaf,FU9_OverEx_Re_water_2D,Drought___Cultivar___Days,Evaluation_of_a_Dicotyledon_Specific_Gene_(SGI:_Stress_and_Growth_Interconnector)_role_in_Bypassing_the_Tradeoff_between_Growth_and_Drought_Resilience
PRJNA725025,SRR14321713,Leaf,FU9_OverEx_Re_water_2D,Drought___Cultivar___Days,Evaluation_of_a_Dicotyledon_Specific_Gene_(SGI:_Stress_and_Growth_Interconnector)_role_in_Bypassing_the_Tradeoff_between_Growth_and_Drought_Resilience
PRJNA725025,SRR14321711,Leaf,CZ6_Wild_Drought_10D,Drought___Cultivar___Days,Evaluation_of_a_Dicotyledon_Specific_Gene_(SGI:_Stress_and_Growth_Interconnector)_role_in_Bypassing_the_Tradeoff_between_Growth_and_Drought_Resilience
PRJNA725025,SRR14321710,Leaf,DZ6_Wild_Drought_12D,Drought___Cultivar___Days,Evaluation_of_a_Dicotyledon_Specific_Gene_(SGI:_Stress_and_Growth_Interconnector)_role_in_Bypassing_the_Tradeoff_between_Growth_and_Drought_Resilience
PRJNA725025,SRR14321709,Leaf,DZ6_Wild_Drought_12D,Drought___Cultivar___Days,Evaluation_of_a_Dicotyledon_Specific_Gene_(SGI:_Stress_and_Growth_Interconnector)_role_in_Bypassing_the_Tradeoff_between_Growth_and_Drought_Resilience
PRJNA725025,SRR14321708,Leaf,DZ6_Wild_Drought_12D,Drought___Cultivar___Days,Evaluation_of_a_Dicotyledon_Specific_Gene_(SGI:_Stress_and_Growth_Interconnector)_role_in_Bypassing_the_Tradeoff_between_Growth_and_Drought_Resilience
PRJNA725025,SRR14321707,Leaf,EZ6_Wild_Drought_14D,Drought___Cultivar___Days,Evaluation_of_a_Dicotyledon_Specific_Gene_(SGI:_Stress_and_Growth_Interconnector)_role_in_Bypassing_the_Tradeoff_between_Growth_and_Drought_Resilience
PRJNA721586,SRR14234025,Leaf,J9712_Drought,Drought___Cultivar,The_RNA_seq_of_MIM159_transgenic_rapeseed_and_J9712_cultivars_under_drought_stress
PRJNA721586,SRR14234024,Leaf,J9712_Control,Drought___Cultivar,The_RNA_seq_of_MIM159_transgenic_rapeseed_and_J9712_cultivars_under_drought_stress
PRJNA721586,SRR14234021,Leaf,J9712_Drought,Drought___Cultivar,The_RNA_seq_of_MIM159_transgenic_rapeseed_and_J9712_cultivars_under_drought_stress
PRJNA721586,SRR14234020,Leaf,J9712_Control,Drought___Cultivar,The_RNA_seq_of_MIM159_transgenic_rapeseed_and_J9712_cultivars_under_drought_stress
PRJNA721586,SRR14234019,Leaf,J9712_Drought,Drought___Cultivar,The_RNA_seq_of_MIM159_transgenic_rapeseed_and_J9712_cultivars_under_drought_stress
PRJNA721586,SRR14234018,Leaf,J9712_Control,Drought___Cultivar,The_RNA_seq_of_MIM159_transgenic_rapeseed_and_J9712_cultivars_under_drought_stress
PRJNA721586,SRR14234017,Leaf,MIM159_Drought,Drought___Cultivar,The_RNA_seq_of_MIM159_transgenic_rapeseed_and_J9712_cultivars_under_drought_stress
PRJNA721586,SRR14234016,Leaf,MIM159_Control,Drought___Cultivar,The_RNA_seq_of_MIM159_transgenic_rapeseed_and_J9712_cultivars_under_drought_stress
PRJNA721586,SRR14234015,Leaf,MIM159_Drought,Drought___Cultivar,The_RNA_seq_of_MIM159_transgenic_rapeseed_and_J9712_cultivars_under_drought_stress
PRJNA721586,SRR14234014,Leaf,MIM159_Control,Drought___Cultivar,The_RNA_seq_of_MIM159_transgenic_rapeseed_and_J9712_cultivars_under_drought_stress
PRJNA721586,SRR14234023,Leaf,MIM159_Drought,Drought___Cultivar,The_RNA_seq_of_MIM159_transgenic_rapeseed_and_J9712_cultivars_under_drought_stress
PRJNA721586,SRR14234022,Leaf,MIM159_Control,Drought___Cultivar,The_RNA_seq_of_MIM159_transgenic_rapeseed_and_J9712_cultivars_under_drought_stress
PRJNA687395,SRR13357341,Leaf,Cold_4℃,Drought___Salt___Heat___Cold__PEG,The_transcriptome_of_different_abiotic_stress_in_Brassica_napus_L
PRJNA687395,SRR13357342,Leaf,Cold_4℃,Drought___Salt___Heat___Cold__PEG,The_transcriptome_of_different_abiotic_stress_in_Brassica_napus_L
PRJNA687395,SRR13357343,Leaf,Normal_1_h,Drought___Salt___Heat___Cold__PEG,The_transcriptome_of_different_abiotic_stress_in_Brassica_napus_L
PRJNA687395,SRR13357344,Leaf,Normal_1_h,Drought___Salt___Heat___Cold__PEG,The_transcriptome_of_different_abiotic_stress_in_Brassica_napus_L
PRJNA687395,SRR13357345,Leaf,Cold_4℃,Drought___Salt___Heat___Cold__PEG,The_transcriptome_of_different_abiotic_stress_in_Brassica_napus_L
PRJNA687395,SRR13357346,Leaf,Normal_24_h,Drought___Salt___Heat___Cold__PEG,The_transcriptome_of_different_abiotic_stress_in_Brassica_napus_L
PRJNA687395,SRR13357347,Leaf,Normal_24_h,Drought___Salt___Heat___Cold__PEG,The_transcriptome_of_different_abiotic_stress_in_Brassica_napus_L
PRJNA687395,SRR13357348,Leaf,Normal_24_h,Drought___Salt___Heat___Cold__PEG,The_transcriptome_of_different_abiotic_stress_in_Brassica_napus_L
PRJNA687395,SRR13357349,Leaf,Normal_6_h,Drought___Salt___Heat___Cold__PEG,The_transcriptome_of_different_abiotic_stress_in_Brassica_napus_L
PRJNA687395,SRR13357350,Leaf,Normal_6_h,Drought___Salt___Heat___Cold__PEG,The_transcriptome_of_different_abiotic_stress_in_Brassica_napus_L
PRJNA687395,SRR13357351,Leaf,Normal_6_h,Drought___Salt___Heat___Cold__PEG,The_transcriptome_of_different_abiotic_stress_in_Brassica_napus_L
PRJNA687395,SRR13357352,Leaf,Salt_150_mM,Drought___Salt___Heat___Cold__PEG,The_transcriptome_of_different_abiotic_stress_in_Brassica_napus_L
PRJNA687395,SRR13357353,Leaf,Normal_1_h,Drought___Salt___Heat___Cold__PEG,The_transcriptome_of_different_abiotic_stress_in_Brassica_napus_L
PRJNA687395,SRR13357354,Leaf,Salt_150_mM,Drought___Salt___Heat___Cold__PEG,The_transcriptome_of_different_abiotic_stress_in_Brassica_napus_L
PRJNA687395,SRR13357355,Leaf,Salt_150_mM,Drought___Salt___Heat___Cold__PEG,The_transcriptome_of_different_abiotic_stress_in_Brassica_napus_L
PRJNA687395,SRR13357356,Leaf,PEG_15%,Drought___Salt___Heat___Cold__PEG,The_transcriptome_of_different_abiotic_stress_in_Brassica_napus_L
PRJNA687395,SRR13357357,Leaf,PEG_15%,Drought___Salt___Heat___Cold__PEG,The_transcriptome_of_different_abiotic_stress_in_Brassica_napus_L
PRJNA687395,SRR13357358,Leaf,PEG_15%,Drought___Salt___Heat___Cold__PEG,The_transcriptome_of_different_abiotic_stress_in_Brassica_napus_L
PRJNA687395,SRR13357359,Leaf,Heat_42℃,Drought___Salt___Heat___Cold__PEG,The_transcriptome_of_different_abiotic_stress_in_Brassica_napus_L
PRJNA687395,SRR13357360,Leaf,Heat_42℃,Drought___Salt___Heat___Cold__PEG,The_transcriptome_of_different_abiotic_stress_in_Brassica_napus_L
PRJNA687395,SRR13357361,Leaf,Heat_42℃,Drought___Salt___Heat___Cold__PEG,The_transcriptome_of_different_abiotic_stress_in_Brassica_napus_L
PRJNA656507,SRR12429698,Leaf,non_treated,Drought___Heat,Transcriptome_wide_analysis_of_differential_response_to_drought_and_heat_stress_in_Moricandia_suffruticosa_and_Brassica_napus
PRJNA656507,SRR12429699,Leaf,non_treated,Drought___Heat,Transcriptome_wide_analysis_of_differential_response_to_drought_and_heat_stress_in_Moricandia_suffruticosa_and_Brassica_napus
PRJNA656507,SRR12429700,Leaf,non_treated,Drought___Heat,Transcriptome_wide_analysis_of_differential_response_to_drought_and_heat_stress_in_Moricandia_suffruticosa_and_Brassica_napus
PRJNA656507,SRR12429701,Leaf,Drought,Drought___Heat,Transcriptome_wide_analysis_of_differential_response_to_drought_and_heat_stress_in_Moricandia_suffruticosa_and_Brassica_napus
PRJNA656507,SRR12429702,Leaf,Drought,Drought___Heat,Transcriptome_wide_analysis_of_differential_response_to_drought_and_heat_stress_in_Moricandia_suffruticosa_and_Brassica_napus
PRJNA656507,SRR12429703,Leaf,Drought,Drought___Heat,Transcriptome_wide_analysis_of_differential_response_to_drought_and_heat_stress_in_Moricandia_suffruticosa_and_Brassica_napus
PRJNA656507,SRR12429704,Leaf,Heat,Drought___Heat,Transcriptome_wide_analysis_of_differential_response_to_drought_and_heat_stress_in_Moricandia_suffruticosa_and_Brassica_napus
PRJNA656507,SRR12429705,Leaf,Heat,Drought___Heat,Transcriptome_wide_analysis_of_differential_response_to_drought_and_heat_stress_in_Moricandia_suffruticosa_and_Brassica_napus
PRJNA656507,SRR12429706,Leaf,Heat,Drought___Heat,Transcriptome_wide_analysis_of_differential_response_to_drought_and_heat_stress_in_Moricandia_suffruticosa_and_Brassica_napus
PRJNA637154,SRR12001260,Root,Hypoxia,Short_term_hypoxia,The_transcriptome_analysis_of_short_term_hypoxia_stress_in_Brassica_napus
PRJNA637154,SRR12026443,Root,Hypoxia,Short_term_hypoxia,The_transcriptome_analysis_of_short_term_hypoxia_stress_in_Brassica_napus
PRJNA637154,SRR12001261,Root,Control,Short_term_hypoxia,The_transcriptome_analysis_of_short_term_hypoxia_stress_in_Brassica_napus
PRJNA721476,SRR14228491,Leaf,ABA,ABA_Dehydration,The_RNA_seq_of_rapeseed_leaves_after_dehydration_and_ABA_treatment
PRJNA721476,SRR14228492,Leaf,Control_ABA,ABA_Dehydration,The_RNA_seq_of_rapeseed_leaves_after_dehydration_and_ABA_treatment
PRJNA721476,SRR14228490,Leaf,Control_Dehydration,ABA_Dehydration,The_RNA_seq_of_rapeseed_leaves_after_dehydration_and_ABA_treatment
PRJNA721476,SRR14228489,Leaf,Dehydration,ABA_Dehydration,The_RNA_seq_of_rapeseed_leaves_after_dehydration_and_ABA_treatment
PRJNA721127,SRR14354557,Root,AS_24h,Salt,Transcriptome_sequencing_of_canola_roots_under_salt_stress
PRJNA721127,SRR14354556,Root,AS_24h,Salt,Transcriptome_sequencing_of_canola_roots_under_salt_stress
PRJNA721127,SRR14354555,Root,AS_24h,Salt,Transcriptome_sequencing_of_canola_roots_under_salt_stress
PRJNA721127,SRR14354544,Root,AS_2h,Salt,Transcriptome_sequencing_of_canola_roots_under_salt_stress
PRJNA721127,SRR14354543,Root,AS_2h,Salt,Transcriptome_sequencing_of_canola_roots_under_salt_stress
PRJNA721127,SRR14354542,Root,AS_2h,Salt,Transcriptome_sequencing_of_canola_roots_under_salt_stress
PRJNA721127,SRR14354551,Root,AS_72h,Salt,Transcriptome_sequencing_of_canola_roots_under_salt_stress
PRJNA721127,SRR14354550,Root,AS_72h,Salt,Transcriptome_sequencing_of_canola_roots_under_salt_stress
PRJNA721127,SRR14354548,Root,AS_72h,Salt,Transcriptome_sequencing_of_canola_roots_under_salt_stress
PRJNA721127,SRR14354561,Root,Control,Salt,Transcriptome_sequencing_of_canola_roots_under_salt_stress
PRJNA721127,SRR14354560,Root,Control,Salt,Transcriptome_sequencing_of_canola_roots_under_salt_stress
PRJNA721127,SRR14354549,Root,Control,Salt,Transcriptome_sequencing_of_canola_roots_under_salt_stress
PRJNA721127,SRR14354541,Root,NS_24h,Salt,Transcriptome_sequencing_of_canola_roots_under_salt_stress
PRJNA721127,SRR14354559,Root,NS_24h,Salt,Transcriptome_sequencing_of_canola_roots_under_salt_stress
PRJNA721127,SRR14354558,Root,NS_24h,Salt,Transcriptome_sequencing_of_canola_roots_under_salt_stress
PRJNA721127,SRR14354547,Root,NS_2h,Salt,Transcriptome_sequencing_of_canola_roots_under_salt_stress
PRJNA721127,SRR14354546,Root,NS_2h,Salt,Transcriptome_sequencing_of_canola_roots_under_salt_stress
PRJNA721127,SRR14354545,Root,NS_2h,Salt,Transcriptome_sequencing_of_canola_roots_under_salt_stress
PRJNA721127,SRR14354554,Root,NS_72h,Salt,Transcriptome_sequencing_of_canola_roots_under_salt_stress
PRJNA721127,SRR14354553,Root,NS_72h,Salt,Transcriptome_sequencing_of_canola_roots_under_salt_stress
PRJNA721127,SRR14354552,Root,NS_72h,Salt,Transcriptome_sequencing_of_canola_roots_under_salt_stress
PRJNA615051,SRR11412595,Leaf,Alaska_BBCH60_leaf_control,Drought,Transcriptomics_of_winter_oilseed_rape_under_drought_stress_and_control_conditions._Plants_were_sampled_before_vernalization_(BBCH18),_after_vernalization_(BBCH20),_before_flowering_(BBCH50)_and_stress_treatment,_at_beginning_of_flowering_(8_days_stress,_BBCH_60),_at_full_flowering_(21_days_stress,_BBCH_65),_and_during_ripening_(BBCH75)_for_leaves,_flowers,_and_siliques._
PRJNA615051,SRR11412588,Leaf,Alaska_BBCH60_leaf_control,Drought,Transcriptomics_of_winter_oilseed_rape_under_drought_stress_and_control_conditions._Plants_were_sampled_before_vernalization_(BBCH18),_after_vernalization_(BBCH20),_before_flowering_(BBCH50)_and_stress_treatment,_at_beginning_of_flowering_(8_days_stress,_BBCH_60),_at_full_flowering_(21_days_stress,_BBCH_65),_and_during_ripening_(BBCH75)_for_leaves,_flowers,_and_siliques._
PRJNA615051,SRR11412568,Leaf,Alaska_BBCH60_leaf_control,Drought,Transcriptomics_of_winter_oilseed_rape_under_drought_stress_and_control_conditions._Plants_were_sampled_before_vernalization_(BBCH18),_after_vernalization_(BBCH20),_before_flowering_(BBCH50)_and_stress_treatment,_at_beginning_of_flowering_(8_days_stress,_BBCH_60),_at_full_flowering_(21_days_stress,_BBCH_65),_and_during_ripening_(BBCH75)_for_leaves,_flowers,_and_siliques._
PRJNA615051,SRR11412577,Leaf,Alaska_BBCH60_leaf_stress,Drought,Transcriptomics_of_winter_oilseed_rape_under_drought_stress_and_control_conditions._Plants_were_sampled_before_vernalization_(BBCH18),_after_vernalization_(BBCH20),_before_flowering_(BBCH50)_and_stress_treatment,_at_beginning_of_flowering_(8_days_stress,_BBCH_60),_at_full_flowering_(21_days_stress,_BBCH_65),_and_during_ripening_(BBCH75)_for_leaves,_flowers,_and_siliques._
PRJNA615051,SRR11412593,Leaf,Alaska_BBCH65_leaf_control,Drought,Transcriptomics_of_winter_oilseed_rape_under_drought_stress_and_control_conditions._Plants_were_sampled_before_vernalization_(BBCH18),_after_vernalization_(BBCH20),_before_flowering_(BBCH50)_and_stress_treatment,_at_beginning_of_flowering_(8_days_stress,_BBCH_60),_at_full_flowering_(21_days_stress,_BBCH_65),_and_during_ripening_(BBCH75)_for_leaves,_flowers,_and_siliques._
PRJNA615051,SRR11412587,Leaf,Alaska_BBCH65_leaf_control,Drought,Transcriptomics_of_winter_oilseed_rape_under_drought_stress_and_control_conditions._Plants_were_sampled_before_vernalization_(BBCH18),_after_vernalization_(BBCH20),_before_flowering_(BBCH50)_and_stress_treatment,_at_beginning_of_flowering_(8_days_stress,_BBCH_60),_at_full_flowering_(21_days_stress,_BBCH_65),_and_during_ripening_(BBCH75)_for_leaves,_flowers,_and_siliques._
PRJNA615051,SRR11412567,Leaf,Alaska_BBCH65_leaf_control,Drought,Transcriptomics_of_winter_oilseed_rape_under_drought_stress_and_control_conditions._Plants_were_sampled_before_vernalization_(BBCH18),_after_vernalization_(BBCH20),_before_flowering_(BBCH50)_and_stress_treatment,_at_beginning_of_flowering_(8_days_stress,_BBCH_60),_at_full_flowering_(21_days_stress,_BBCH_65),_and_during_ripening_(BBCH75)_for_leaves,_flowers,_and_siliques._
PRJNA615051,SRR11412576,Leaf,Alaska_BBCH65_leaf_stress,Drought,Transcriptomics_of_winter_oilseed_rape_under_drought_stress_and_control_conditions._Plants_were_sampled_before_vernalization_(BBCH18),_after_vernalization_(BBCH20),_before_flowering_(BBCH50)_and_stress_treatment,_at_beginning_of_flowering_(8_days_stress,_BBCH_60),_at_full_flowering_(21_days_stress,_BBCH_65),_and_during_ripening_(BBCH75)_for_leaves,_flowers,_and_siliques._
PRJNA615051,SRR11412590,Leaf,Campari_BBCH60_leaf_control,Drought,Transcriptomics_of_winter_oilseed_rape_under_drought_stress_and_control_conditions._Plants_were_sampled_before_vernalization_(BBCH18),_after_vernalization_(BBCH20),_before_flowering_(BBCH50)_and_stress_treatment,_at_beginning_of_flowering_(8_days_stress,_BBCH_60),_at_full_flowering_(21_days_stress,_BBCH_65),_and_during_ripening_(BBCH75)_for_leaves,_flowers,_and_siliques._
PRJNA615051,SRR11412572,Leaf,Campari_BBCH60_leaf_control,Drought,Transcriptomics_of_winter_oilseed_rape_under_drought_stress_and_control_conditions._Plants_were_sampled_before_vernalization_(BBCH18),_after_vernalization_(BBCH20),_before_flowering_(BBCH50)_and_stress_treatment,_at_beginning_of_flowering_(8_days_stress,_BBCH_60),_at_full_flowering_(21_days_stress,_BBCH_65),_and_during_ripening_(BBCH75)_for_leaves,_flowers,_and_siliques._
PRJNA615051,SRR11412589,Leaf,Campari_BBCH65_leaf_control,Drought,Transcriptomics_of_winter_oilseed_rape_under_drought_stress_and_control_conditions._Plants_were_sampled_before_vernalization_(BBCH18),_after_vernalization_(BBCH20),_before_flowering_(BBCH50)_and_stress_treatment,_at_beginning_of_flowering_(8_days_stress,_BBCH_60),_at_full_flowering_(21_days_stress,_BBCH_65),_and_during_ripening_(BBCH75)_for_leaves,_flowers,_and_siliques._
PRJNA615051,SRR11412571,Leaf,Campari_BBCH65_leaf_control,Drought,Transcriptomics_of_winter_oilseed_rape_under_drought_stress_and_control_conditions._Plants_were_sampled_before_vernalization_(BBCH18),_after_vernalization_(BBCH20),_before_flowering_(BBCH50)_and_stress_treatment,_at_beginning_of_flowering_(8_days_stress,_BBCH_60),_at_full_flowering_(21_days_stress,_BBCH_65),_and_during_ripening_(BBCH75)_for_leaves,_flowers,_and_siliques._
PRJNA615051,SRR11412592,Leaf,Hokkai3Go_BBCH60_leaf_control,Drought,Transcriptomics_of_winter_oilseed_rape_under_drought_stress_and_control_conditions._Plants_were_sampled_before_vernalization_(BBCH18),_after_vernalization_(BBCH20),_before_flowering_(BBCH50)_and_stress_treatment,_at_beginning_of_flowering_(8_days_stress,_BBCH_60),_at_full_flowering_(21_days_stress,_BBCH_65),_and_during_ripening_(BBCH75)_for_leaves,_flowers,_and_siliques._
PRJNA615051,SRR11412580,Leaf,Hokkai3Go_BBCH60_leaf_stress,Drought,Transcriptomics_of_winter_oilseed_rape_under_drought_stress_and_control_conditions._Plants_were_sampled_before_vernalization_(BBCH18),_after_vernalization_(BBCH20),_before_flowering_(BBCH50)_and_stress_treatment,_at_beginning_of_flowering_(8_days_stress,_BBCH_60),_at_full_flowering_(21_days_stress,_BBCH_65),_and_during_ripening_(BBCH75)_for_leaves,_flowers,_and_siliques._
PRJNA615051,SRR11412591,Leaf,Hokkai3Go_BBCH65_leaf_control,Drought,Transcriptomics_of_winter_oilseed_rape_under_drought_stress_and_control_conditions._Plants_were_sampled_before_vernalization_(BBCH18),_after_vernalization_(BBCH20),_before_flowering_(BBCH50)_and_stress_treatment,_at_beginning_of_flowering_(8_days_stress,_BBCH_60),_at_full_flowering_(21_days_stress,_BBCH_65),_and_during_ripening_(BBCH75)_for_leaves,_flowers,_and_siliques._
PRJNA615051,SRR11412579,Leaf,Hokkai3Go_BBCH65_leaf_stress,Drought,Transcriptomics_of_winter_oilseed_rape_under_drought_stress_and_control_conditions._Plants_were_sampled_before_vernalization_(BBCH18),_after_vernalization_(BBCH20),_before_flowering_(BBCH50)_and_stress_treatment,_at_beginning_of_flowering_(8_days_stress,_BBCH_60),_at_full_flowering_(21_days_stress,_BBCH_65),_and_during_ripening_(BBCH75)_for_leaves,_flowers,_and_siliques._
PRJNA615051,SRR11412574,Leaf,Liporta_BBCH60_leaf_control,Drought,Transcriptomics_of_winter_oilseed_rape_under_drought_stress_and_control_conditions._Plants_were_sampled_before_vernalization_(BBCH18),_after_vernalization_(BBCH20),_before_flowering_(BBCH50)_and_stress_treatment,_at_beginning_of_flowering_(8_days_stress,_BBCH_60),_at_full_flowering_(21_days_stress,_BBCH_65),_and_during_ripening_(BBCH75)_for_leaves,_flowers,_and_siliques._
PRJNA615051,SRR11412578,Leaf,Liporta_BBCH60_leaf_stress,Drought,Transcriptomics_of_winter_oilseed_rape_under_drought_stress_and_control_conditions._Plants_were_sampled_before_vernalization_(BBCH18),_after_vernalization_(BBCH20),_before_flowering_(BBCH50)_and_stress_treatment,_at_beginning_of_flowering_(8_days_stress,_BBCH_60),_at_full_flowering_(21_days_stress,_BBCH_65),_and_during_ripening_(BBCH75)_for_leaves,_flowers,_and_siliques._
PRJNA615051,SRR11412573,Leaf,Liporta_BBCH65_leaf_control,Drought,Transcriptomics_of_winter_oilseed_rape_under_drought_stress_and_control_conditions._Plants_were_sampled_before_vernalization_(BBCH18),_after_vernalization_(BBCH20),_before_flowering_(BBCH50)_and_stress_treatment,_at_beginning_of_flowering_(8_days_stress,_BBCH_60),_at_full_flowering_(21_days_stress,_BBCH_65),_and_during_ripening_(BBCH75)_for_leaves,_flowers,_and_siliques._
PRJNA615051,SRR11412586,Leaf,Musette_BBCH60_leaf_control,Drought,Transcriptomics_of_winter_oilseed_rape_under_drought_stress_and_control_conditions._Plants_were_sampled_before_vernalization_(BBCH18),_after_vernalization_(BBCH20),_before_flowering_(BBCH50)_and_stress_treatment,_at_beginning_of_flowering_(8_days_stress,_BBCH_60),_at_full_flowering_(21_days_stress,_BBCH_65),_and_during_ripening_(BBCH75)_for_leaves,_flowers,_and_siliques._
PRJNA615051,SRR11412565,Leaf,Musette_BBCH60_leaf_stress,Drought,Transcriptomics_of_winter_oilseed_rape_under_drought_stress_and_control_conditions._Plants_were_sampled_before_vernalization_(BBCH18),_after_vernalization_(BBCH20),_before_flowering_(BBCH50)_and_stress_treatment,_at_beginning_of_flowering_(8_days_stress,_BBCH_60),_at_full_flowering_(21_days_stress,_BBCH_65),_and_during_ripening_(BBCH75)_for_leaves,_flowers,_and_siliques._
PRJNA615051,SRR11412585,Leaf,Musette_BBCH65_leaf_control,Drought,Transcriptomics_of_winter_oilseed_rape_under_drought_stress_and_control_conditions._Plants_were_sampled_before_vernalization_(BBCH18),_after_vernalization_(BBCH20),_before_flowering_(BBCH50)_and_stress_treatment,_at_beginning_of_flowering_(8_days_stress,_BBCH_60),_at_full_flowering_(21_days_stress,_BBCH_65),_and_during_ripening_(BBCH75)_for_leaves,_flowers,_and_siliques._
PRJNA615051,SRR11412584,Leaf,NKNemax_BBCH60_leaf_stress,Drought,Transcriptomics_of_winter_oilseed_rape_under_drought_stress_and_control_conditions._Plants_were_sampled_before_vernalization_(BBCH18),_after_vernalization_(BBCH20),_before_flowering_(BBCH50)_and_stress_treatment,_at_beginning_of_flowering_(8_days_stress,_BBCH_60),_at_full_flowering_(21_days_stress,_BBCH_65),_and_during_ripening_(BBCH75)_for_leaves,_flowers,_and_siliques._
PRJNA615051,SRR11412583,Leaf,NKNemax_BBCH65_leaf_stress,Drought,Transcriptomics_of_winter_oilseed_rape_under_drought_stress_and_control_conditions._Plants_were_sampled_before_vernalization_(BBCH18),_after_vernalization_(BBCH20),_before_flowering_(BBCH50)_and_stress_treatment,_at_beginning_of_flowering_(8_days_stress,_BBCH_60),_at_full_flowering_(21_days_stress,_BBCH_65),_and_during_ripening_(BBCH75)_for_leaves,_flowers,_and_siliques._
PRJNA615051,SRR11412570,Leaf,Pollen_BBCH60_leaf_control,Drought,Transcriptomics_of_winter_oilseed_rape_under_drought_stress_and_control_conditions._Plants_were_sampled_before_vernalization_(BBCH18),_after_vernalization_(BBCH20),_before_flowering_(BBCH50)_and_stress_treatment,_at_beginning_of_flowering_(8_days_stress,_BBCH_60),_at_full_flowering_(21_days_stress,_BBCH_65),_and_during_ripening_(BBCH75)_for_leaves,_flowers,_and_siliques._
PRJNA615051,SRR11412582,Leaf,Pollen_BBCH60_leaf_stress,Drought,Transcriptomics_of_winter_oilseed_rape_under_drought_stress_and_control_conditions._Plants_were_sampled_before_vernalization_(BBCH18),_after_vernalization_(BBCH20),_before_flowering_(BBCH50)_and_stress_treatment,_at_beginning_of_flowering_(8_days_stress,_BBCH_60),_at_full_flowering_(21_days_stress,_BBCH_65),_and_during_ripening_(BBCH75)_for_leaves,_flowers,_and_siliques._
PRJNA615051,SRR11412569,Leaf,Pollen_BBCH65_leaf_control,Drought,Transcriptomics_of_winter_oilseed_rape_under_drought_stress_and_control_conditions._Plants_were_sampled_before_vernalization_(BBCH18),_after_vernalization_(BBCH20),_before_flowering_(BBCH50)_and_stress_treatment,_at_beginning_of_flowering_(8_days_stress,_BBCH_60),_at_full_flowering_(21_days_stress,_BBCH_65),_and_during_ripening_(BBCH75)_for_leaves,_flowers,_and_siliques._
PRJNA615051,SRR11412581,Leaf,Pollen_BBCH65_leaf_stress,Drought,Transcriptomics_of_winter_oilseed_rape_under_drought_stress_and_control_conditions._Plants_were_sampled_before_vernalization_(BBCH18),_after_vernalization_(BBCH20),_before_flowering_(BBCH50)_and_stress_treatment,_at_beginning_of_flowering_(8_days_stress,_BBCH_60),_at_full_flowering_(21_days_stress,_BBCH_65),_and_during_ripening_(BBCH75)_for_leaves,_flowers,_and_siliques._
PRJNA615051,SRR11412566,Leaf,Zephir_BBCH60_leaf_control,Drought,Transcriptomics_of_winter_oilseed_rape_under_drought_stress_and_control_conditions._Plants_were_sampled_before_vernalization_(BBCH18),_after_vernalization_(BBCH20),_before_flowering_(BBCH50)_and_stress_treatment,_at_beginning_of_flowering_(8_days_stress,_BBCH_60),_at_full_flowering_(21_days_stress,_BBCH_65),_and_during_ripening_(BBCH75)_for_leaves,_flowers,_and_siliques._
PRJNA615051,SRR11412453,Leaf,Alaska_BBCH60_leaf_stress,Drought,Transcriptomics_of_winter_oilseed_rape_under_drought_stress_and_control_conditions._Plants_were_sampled_before_vernalization_(BBCH18),_after_vernalization_(BBCH20),_before_flowering_(BBCH50)_and_stress_treatment,_at_beginning_of_flowering_(8_days_stress,_BBCH_60),_at_full_flowering_(21_days_stress,_BBCH_65),_and_during_ripening_(BBCH75)_for_leaves,_flowers,_and_siliques._
PRJNA615051,SRR11412369,Leaf,Alaska_BBCH60_leaf_stress,Drought,Transcriptomics_of_winter_oilseed_rape_under_drought_stress_and_control_conditions._Plants_were_sampled_before_vernalization_(BBCH18),_after_vernalization_(BBCH20),_before_flowering_(BBCH50)_and_stress_treatment,_at_beginning_of_flowering_(8_days_stress,_BBCH_60),_at_full_flowering_(21_days_stress,_BBCH_65),_and_during_ripening_(BBCH75)_for_leaves,_flowers,_and_siliques._
PRJNA615051,SRR11412441,Leaf,Alaska_BBCH65_leaf_stress,Drought,Transcriptomics_of_winter_oilseed_rape_under_drought_stress_and_control_conditions._Plants_were_sampled_before_vernalization_(BBCH18),_after_vernalization_(BBCH20),_before_flowering_(BBCH50)_and_stress_treatment,_at_beginning_of_flowering_(8_days_stress,_BBCH_60),_at_full_flowering_(21_days_stress,_BBCH_65),_and_during_ripening_(BBCH75)_for_leaves,_flowers,_and_siliques._
PRJNA615051,SRR11412368,Leaf,Alaska_BBCH65_leaf_stress,Drought,Transcriptomics_of_winter_oilseed_rape_under_drought_stress_and_control_conditions._Plants_were_sampled_before_vernalization_(BBCH18),_after_vernalization_(BBCH20),_before_flowering_(BBCH50)_and_stress_treatment,_at_beginning_of_flowering_(8_days_stress,_BBCH_60),_at_full_flowering_(21_days_stress,_BBCH_65),_and_during_ripening_(BBCH75)_for_leaves,_flowers,_and_siliques._
PRJNA615051,SRR11412440,Leaf,Campari_BBCH60_leaf_control,Drought,Transcriptomics_of_winter_oilseed_rape_under_drought_stress_and_control_conditions._Plants_were_sampled_before_vernalization_(BBCH18),_after_vernalization_(BBCH20),_before_flowering_(BBCH50)_and_stress_treatment,_at_beginning_of_flowering_(8_days_stress,_BBCH_60),_at_full_flowering_(21_days_stress,_BBCH_65),_and_during_ripening_(BBCH75)_for_leaves,_flowers,_and_siliques._
PRJNA615051,SRR11412436,Leaf,Campari_BBCH60_leaf_stress,Drought,Transcriptomics_of_winter_oilseed_rape_under_drought_stress_and_control_conditions._Plants_were_sampled_before_vernalization_(BBCH18),_after_vernalization_(BBCH20),_before_flowering_(BBCH50)_and_stress_treatment,_at_beginning_of_flowering_(8_days_stress,_BBCH_60),_at_full_flowering_(21_days_stress,_BBCH_65),_and_during_ripening_(BBCH75)_for_leaves,_flowers,_and_siliques._
PRJNA615051,SRR11412356,Leaf,Campari_BBCH60_leaf_stress,Drought,Transcriptomics_of_winter_oilseed_rape_under_drought_stress_and_control_conditions._Plants_were_sampled_before_vernalization_(BBCH18),_after_vernalization_(BBCH20),_before_flowering_(BBCH50)_and_stress_treatment,_at_beginning_of_flowering_(8_days_stress,_BBCH_60),_at_full_flowering_(21_days_stress,_BBCH_65),_and_during_ripening_(BBCH75)_for_leaves,_flowers,_and_siliques._
PRJNA615051,SRR11412350,Leaf,Campari_BBCH60_leaf_stress,Drought,Transcriptomics_of_winter_oilseed_rape_under_drought_stress_and_control_conditions._Plants_were_sampled_before_vernalization_(BBCH18),_after_vernalization_(BBCH20),_before_flowering_(BBCH50)_and_stress_treatment,_at_beginning_of_flowering_(8_days_stress,_BBCH_60),_at_full_flowering_(21_days_stress,_BBCH_65),_and_during_ripening_(BBCH75)_for_leaves,_flowers,_and_siliques._
PRJNA615051,SRR11412439,Leaf,Campari_BBCH65_leaf_control,Drought,Transcriptomics_of_winter_oilseed_rape_under_drought_stress_and_control_conditions._Plants_were_sampled_before_vernalization_(BBCH18),_after_vernalization_(BBCH20),_before_flowering_(BBCH50)_and_stress_treatment,_at_beginning_of_flowering_(8_days_stress,_BBCH_60),_at_full_flowering_(21_days_stress,_BBCH_65),_and_during_ripening_(BBCH75)_for_leaves,_flowers,_and_siliques._
PRJNA615051,SRR11412355,Leaf,Campari_BBCH65_leaf_stress,Drought,Transcriptomics_of_winter_oilseed_rape_under_drought_stress_and_control_conditions._Plants_were_sampled_before_vernalization_(BBCH18),_after_vernalization_(BBCH20),_before_flowering_(BBCH50)_and_stress_treatment,_at_beginning_of_flowering_(8_days_stress,_BBCH_60),_at_full_flowering_(21_days_stress,_BBCH_65),_and_during_ripening_(BBCH75)_for_leaves,_flowers,_and_siliques._
PRJNA615051,SRR11412349,Leaf,Campari_BBCH65_leaf_stress,Drought,Transcriptomics_of_winter_oilseed_rape_under_drought_stress_and_control_conditions._Plants_were_sampled_before_vernalization_(BBCH18),_after_vernalization_(BBCH20),_before_flowering_(BBCH50)_and_stress_treatment,_at_beginning_of_flowering_(8_days_stress,_BBCH_60),_at_full_flowering_(21_days_stress,_BBCH_65),_and_during_ripening_(BBCH75)_for_leaves,_flowers,_and_siliques._
PRJNA615051,SRR11412435,Leaf,Hokkai3Go_BBCH60_leaf_control,Drought,Transcriptomics_of_winter_oilseed_rape_under_drought_stress_and_control_conditions._Plants_were_sampled_before_vernalization_(BBCH18),_after_vernalization_(BBCH20),_before_flowering_(BBCH50)_and_stress_treatment,_at_beginning_of_flowering_(8_days_stress,_BBCH_60),_at_full_flowering_(21_days_stress,_BBCH_65),_and_during_ripening_(BBCH75)_for_leaves,_flowers,_and_siliques._
PRJNA615051,SRR11412373,Leaf,Hokkai3Go_BBCH60_leaf_stress,Drought,Transcriptomics_of_winter_oilseed_rape_under_drought_stress_and_control_conditions._Plants_were_sampled_before_vernalization_(BBCH18),_after_vernalization_(BBCH20),_before_flowering_(BBCH50)_and_stress_treatment,_at_beginning_of_flowering_(8_days_stress,_BBCH_60),_at_full_flowering_(21_days_stress,_BBCH_65),_and_during_ripening_(BBCH75)_for_leaves,_flowers,_and_siliques._
PRJNA615051,SRR11412434,Leaf,Hokkai3Go_BBCH65_leaf_control,Drought,Transcriptomics_of_winter_oilseed_rape_under_drought_stress_and_control_conditions._Plants_were_sampled_before_vernalization_(BBCH18),_after_vernalization_(BBCH20),_before_flowering_(BBCH50)_and_stress_treatment,_at_beginning_of_flowering_(8_days_stress,_BBCH_60),_at_full_flowering_(21_days_stress,_BBCH_65),_and_during_ripening_(BBCH75)_for_leaves,_flowers,_and_siliques._
PRJNA615051,SRR11412372,Leaf,Hokkai3Go_BBCH65_leaf_stress,Drought,Transcriptomics_of_winter_oilseed_rape_under_drought_stress_and_control_conditions._Plants_were_sampled_before_vernalization_(BBCH18),_after_vernalization_(BBCH20),_before_flowering_(BBCH50)_and_stress_treatment,_at_beginning_of_flowering_(8_days_stress,_BBCH_60),_at_full_flowering_(21_days_stress,_BBCH_65),_and_during_ripening_(BBCH75)_for_leaves,_flowers,_and_siliques._
PRJNA615051,SRR11412433,Leaf,Liporta_BBCH60_leaf_control,Drought,Transcriptomics_of_winter_oilseed_rape_under_drought_stress_and_control_conditions._Plants_were_sampled_before_vernalization_(BBCH18),_after_vernalization_(BBCH20),_before_flowering_(BBCH50)_and_stress_treatment,_at_beginning_of_flowering_(8_days_stress,_BBCH_60),_at_full_flowering_(21_days_stress,_BBCH_65),_and_during_ripening_(BBCH75)_for_leaves,_flowers,_and_siliques._
PRJNA615051,SRR11412347,Leaf,Liporta_BBCH60_leaf_stress,Drought,Transcriptomics_of_winter_oilseed_rape_under_drought_stress_and_control_conditions._Plants_were_sampled_before_vernalization_(BBCH18),_after_vernalization_(BBCH20),_before_flowering_(BBCH50)_and_stress_treatment,_at_beginning_of_flowering_(8_days_stress,_BBCH_60),_at_full_flowering_(21_days_stress,_BBCH_65),_and_during_ripening_(BBCH75)_for_leaves,_flowers,_and_siliques._
PRJNA615051,SRR11412380,Leaf,Liporta_BBCH65_leaf_control,Drought,Transcriptomics_of_winter_oilseed_rape_under_drought_stress_and_control_conditions._Plants_were_sampled_before_vernalization_(BBCH18),_after_vernalization_(BBCH20),_before_flowering_(BBCH50)_and_stress_treatment,_at_beginning_of_flowering_(8_days_stress,_BBCH_60),_at_full_flowering_(21_days_stress,_BBCH_65),_and_during_ripening_(BBCH75)_for_leaves,_flowers,_and_siliques._
PRJNA615051,SRR11412346,Leaf,Liporta_BBCH65_leaf_stress,Drought,Transcriptomics_of_winter_oilseed_rape_under_drought_stress_and_control_conditions._Plants_were_sampled_before_vernalization_(BBCH18),_after_vernalization_(BBCH20),_before_flowering_(BBCH50)_and_stress_treatment,_at_beginning_of_flowering_(8_days_stress,_BBCH_60),_at_full_flowering_(21_days_stress,_BBCH_65),_and_during_ripening_(BBCH75)_for_leaves,_flowers,_and_siliques._
PRJNA615051,SRR11412377,Leaf,Musette_BBCH60_leaf_control,Drought,Transcriptomics_of_winter_oilseed_rape_under_drought_stress_and_control_conditions._Plants_were_sampled_before_vernalization_(BBCH18),_after_vernalization_(BBCH20),_before_flowering_(BBCH50)_and_stress_treatment,_at_beginning_of_flowering_(8_days_stress,_BBCH_60),_at_full_flowering_(21_days_stress,_BBCH_65),_and_during_ripening_(BBCH75)_for_leaves,_flowers,_and_siliques._
PRJNA615051,SRR11412365,Leaf,Musette_BBCH60_leaf_stress,Drought,Transcriptomics_of_winter_oilseed_rape_under_drought_stress_and_control_conditions._Plants_were_sampled_before_vernalization_(BBCH18),_after_vernalization_(BBCH20),_before_flowering_(BBCH50)_and_stress_treatment,_at_beginning_of_flowering_(8_days_stress,_BBCH_60),_at_full_flowering_(21_days_stress,_BBCH_65),_and_during_ripening_(BBCH75)_for_leaves,_flowers,_and_siliques._
PRJNA615051,SRR11412376,Leaf,Musette_BBCH65_leaf_control,Drought,Transcriptomics_of_winter_oilseed_rape_under_drought_stress_and_control_conditions._Plants_were_sampled_before_vernalization_(BBCH18),_after_vernalization_(BBCH20),_before_flowering_(BBCH50)_and_stress_treatment,_at_beginning_of_flowering_(8_days_stress,_BBCH_60),_at_full_flowering_(21_days_stress,_BBCH_65),_and_during_ripening_(BBCH75)_for_leaves,_flowers,_and_siliques._
PRJNA615051,SRR11412370,Leaf,Musette_BBCH65_leaf_stress,Drought,Transcriptomics_of_winter_oilseed_rape_under_drought_stress_and_control_conditions._Plants_were_sampled_before_vernalization_(BBCH18),_after_vernalization_(BBCH20),_before_flowering_(BBCH50)_and_stress_treatment,_at_beginning_of_flowering_(8_days_stress,_BBCH_60),_at_full_flowering_(21_days_stress,_BBCH_65),_and_during_ripening_(BBCH75)_for_leaves,_flowers,_and_siliques._
PRJNA615051,SRR11412364,Leaf,Musette_BBCH65_leaf_stress,Drought,Transcriptomics_of_winter_oilseed_rape_under_drought_stress_and_control_conditions._Plants_were_sampled_before_vernalization_(BBCH18),_after_vernalization_(BBCH20),_before_flowering_(BBCH50)_and_stress_treatment,_at_beginning_of_flowering_(8_days_stress,_BBCH_60),_at_full_flowering_(21_days_stress,_BBCH_65),_and_during_ripening_(BBCH75)_for_leaves,_flowers,_and_siliques._
PRJNA615051,SRR11412375,Leaf,NKNemax_BBCH60_leaf_control,Drought,Transcriptomics_of_winter_oilseed_rape_under_drought_stress_and_control_conditions._Plants_were_sampled_before_vernalization_(BBCH18),_after_vernalization_(BBCH20),_before_flowering_(BBCH50)_and_stress_treatment,_at_beginning_of_flowering_(8_days_stress,_BBCH_60),_at_full_flowering_(21_days_stress,_BBCH_65),_and_during_ripening_(BBCH75)_for_leaves,_flowers,_and_siliques._
PRJNA615051,SRR11412358,Leaf,NKNemax_BBCH60_leaf_control,Drought,Transcriptomics_of_winter_oilseed_rape_under_drought_stress_and_control_conditions._Plants_were_sampled_before_vernalization_(BBCH18),_after_vernalization_(BBCH20),_before_flowering_(BBCH50)_and_stress_treatment,_at_beginning_of_flowering_(8_days_stress,_BBCH_60),_at_full_flowering_(21_days_stress,_BBCH_65),_and_during_ripening_(BBCH75)_for_leaves,_flowers,_and_siliques._
PRJNA615051,SRR11412438,Leaf,NKNemax_BBCH60_leaf_stress,Drought,Transcriptomics_of_winter_oilseed_rape_under_drought_stress_and_control_conditions._Plants_were_sampled_before_vernalization_(BBCH18),_after_vernalization_(BBCH20),_before_flowering_(BBCH50)_and_stress_treatment,_at_beginning_of_flowering_(8_days_stress,_BBCH_60),_at_full_flowering_(21_days_stress,_BBCH_65),_and_during_ripening_(BBCH75)_for_leaves,_flowers,_and_siliques._
PRJNA615051,SRR11412374,Leaf,NKNemax_BBCH65_leaf_control,Drought,Transcriptomics_of_winter_oilseed_rape_under_drought_stress_and_control_conditions._Plants_were_sampled_before_vernalization_(BBCH18),_after_vernalization_(BBCH20),_before_flowering_(BBCH50)_and_stress_treatment,_at_beginning_of_flowering_(8_days_stress,_BBCH_60),_at_full_flowering_(21_days_stress,_BBCH_65),_and_during_ripening_(BBCH75)_for_leaves,_flowers,_and_siliques._
PRJNA615051,SRR11412357,Leaf,NKNemax_BBCH65_leaf_control,Drought,Transcriptomics_of_winter_oilseed_rape_under_drought_stress_and_control_conditions._Plants_were_sampled_before_vernalization_(BBCH18),_after_vernalization_(BBCH20),_before_flowering_(BBCH50)_and_stress_treatment,_at_beginning_of_flowering_(8_days_stress,_BBCH_60),_at_full_flowering_(21_days_stress,_BBCH_65),_and_during_ripening_(BBCH75)_for_leaves,_flowers,_and_siliques._
PRJNA615051,SRR11412437,Leaf,NKNemax_BBCH65_leaf_stress,Drought,Transcriptomics_of_winter_oilseed_rape_under_drought_stress_and_control_conditions._Plants_were_sampled_before_vernalization_(BBCH18),_after_vernalization_(BBCH20),_before_flowering_(BBCH50)_and_stress_treatment,_at_beginning_of_flowering_(8_days_stress,_BBCH_60),_at_full_flowering_(21_days_stress,_BBCH_65),_and_during_ripening_(BBCH75)_for_leaves,_flowers,_and_siliques._
PRJNA615051,SRR11412363,Leaf,Pollen_BBCH60_leaf_control,Drought,Transcriptomics_of_winter_oilseed_rape_under_drought_stress_and_control_conditions._Plants_were_sampled_before_vernalization_(BBCH18),_after_vernalization_(BBCH20),_before_flowering_(BBCH50)_and_stress_treatment,_at_beginning_of_flowering_(8_days_stress,_BBCH_60),_at_full_flowering_(21_days_stress,_BBCH_65),_and_during_ripening_(BBCH75)_for_leaves,_flowers,_and_siliques._
PRJNA615051,SRR11412361,Leaf,Pollen_BBCH60_leaf_control,Drought,Transcriptomics_of_winter_oilseed_rape_under_drought_stress_and_control_conditions._Plants_were_sampled_before_vernalization_(BBCH18),_after_vernalization_(BBCH20),_before_flowering_(BBCH50)_and_stress_treatment,_at_beginning_of_flowering_(8_days_stress,_BBCH_60),_at_full_flowering_(21_days_stress,_BBCH_65),_and_during_ripening_(BBCH75)_for_leaves,_flowers,_and_siliques._
PRJNA615051,SRR11412354,Leaf,Pollen_BBCH60_leaf_stress,Drought,Transcriptomics_of_winter_oilseed_rape_under_drought_stress_and_control_conditions._Plants_were_sampled_before_vernalization_(BBCH18),_after_vernalization_(BBCH20),_before_flowering_(BBCH50)_and_stress_treatment,_at_beginning_of_flowering_(8_days_stress,_BBCH_60),_at_full_flowering_(21_days_stress,_BBCH_65),_and_during_ripening_(BBCH75)_for_leaves,_flowers,_and_siliques._
PRJNA615051,SRR11412362,Leaf,Pollen_BBCH65_leaf_control,Drought,Transcriptomics_of_winter_oilseed_rape_under_drought_stress_and_control_conditions._Plants_were_sampled_before_vernalization_(BBCH18),_after_vernalization_(BBCH20),_before_flowering_(BBCH50)_and_stress_treatment,_at_beginning_of_flowering_(8_days_stress,_BBCH_60),_at_full_flowering_(21_days_stress,_BBCH_65),_and_during_ripening_(BBCH75)_for_leaves,_flowers,_and_siliques._
PRJNA615051,SRR11412360,Leaf,Pollen_BBCH65_leaf_control,Drought,Transcriptomics_of_winter_oilseed_rape_under_drought_stress_and_control_conditions._Plants_were_sampled_before_vernalization_(BBCH18),_after_vernalization_(BBCH20),_before_flowering_(BBCH50)_and_stress_treatment,_at_beginning_of_flowering_(8_days_stress,_BBCH_60),_at_full_flowering_(21_days_stress,_BBCH_65),_and_during_ripening_(BBCH75)_for_leaves,_flowers,_and_siliques._
PRJNA615051,SRR11412353,Leaf,Pollen_BBCH65_leaf_stress,Drought,Transcriptomics_of_winter_oilseed_rape_under_drought_stress_and_control_conditions._Plants_were_sampled_before_vernalization_(BBCH18),_after_vernalization_(BBCH20),_before_flowering_(BBCH50)_and_stress_treatment,_at_beginning_of_flowering_(8_days_stress,_BBCH_60),_at_full_flowering_(21_days_stress,_BBCH_65),_and_during_ripening_(BBCH75)_for_leaves,_flowers,_and_siliques._
PRJNA615051,SRR11412379,Leaf,Zephir_BBCH60_leaf_control,Drought,Transcriptomics_of_winter_oilseed_rape_under_drought_stress_and_control_conditions._Plants_were_sampled_before_vernalization_(BBCH18),_after_vernalization_(BBCH20),_before_flowering_(BBCH50)_and_stress_treatment,_at_beginning_of_flowering_(8_days_stress,_BBCH_60),_at_full_flowering_(21_days_stress,_BBCH_65),_and_during_ripening_(BBCH75)_for_leaves,_flowers,_and_siliques._
PRJNA615051,SRR11412367,Leaf,Zephir_BBCH60_leaf_stress,Drought,Transcriptomics_of_winter_oilseed_rape_under_drought_stress_and_control_conditions._Plants_were_sampled_before_vernalization_(BBCH18),_after_vernalization_(BBCH20),_before_flowering_(BBCH50)_and_stress_treatment,_at_beginning_of_flowering_(8_days_stress,_BBCH_60),_at_full_flowering_(21_days_stress,_BBCH_65),_and_during_ripening_(BBCH75)_for_leaves,_flowers,_and_siliques._
PRJNA615051,SRR11412352,Leaf,Zephir_BBCH60_leaf_stress,Drought,Transcriptomics_of_winter_oilseed_rape_under_drought_stress_and_control_conditions._Plants_were_sampled_before_vernalization_(BBCH18),_after_vernalization_(BBCH20),_before_flowering_(BBCH50)_and_stress_treatment,_at_beginning_of_flowering_(8_days_stress,_BBCH_60),_at_full_flowering_(21_days_stress,_BBCH_65),_and_during_ripening_(BBCH75)_for_leaves,_flowers,_and_siliques._
PRJNA615051,SRR11412378,Leaf,Zephir_BBCH65_leaf_control,Drought,Transcriptomics_of_winter_oilseed_rape_under_drought_stress_and_control_conditions._Plants_were_sampled_before_vernalization_(BBCH18),_after_vernalization_(BBCH20),_before_flowering_(BBCH50)_and_stress_treatment,_at_beginning_of_flowering_(8_days_stress,_BBCH_60),_at_full_flowering_(21_days_stress,_BBCH_65),_and_during_ripening_(BBCH75)_for_leaves,_flowers,_and_siliques._
PRJNA615051,SRR11412366,Leaf,Zephir_BBCH65_leaf_stress,Drought,Transcriptomics_of_winter_oilseed_rape_under_drought_stress_and_control_conditions._Plants_were_sampled_before_vernalization_(BBCH18),_after_vernalization_(BBCH20),_before_flowering_(BBCH50)_and_stress_treatment,_at_beginning_of_flowering_(8_days_stress,_BBCH_60),_at_full_flowering_(21_days_stress,_BBCH_65),_and_during_ripening_(BBCH75)_for_leaves,_flowers,_and_siliques._
PRJNA615051,SRR11412351,Leaf,Zephir_BBCH65_leaf_stress,Drought,Transcriptomics_of_winter_oilseed_rape_under_drought_stress_and_control_conditions._Plants_were_sampled_before_vernalization_(BBCH18),_after_vernalization_(BBCH20),_before_flowering_(BBCH50)_and_stress_treatment,_at_beginning_of_flowering_(8_days_stress,_BBCH_60),_at_full_flowering_(21_days_stress,_BBCH_65),_and_during_ripening_(BBCH75)_for_leaves,_flowers,_and_siliques._
PRJNA615051,SRR11412446,Leaf,Hokkai3Go_BBCH60_leaf_control,Drought,Transcriptomics_of_winter_oilseed_rape_under_drought_stress_and_control_conditions._Plants_were_sampled_before_vernalization_(BBCH18),_after_vernalization_(BBCH20),_before_flowering_(BBCH50)_and_stress_treatment,_at_beginning_of_flowering_(8_days_stress,_BBCH_60),_at_full_flowering_(21_days_stress,_BBCH_65),_and_during_ripening_(BBCH75)_for_leaves,_flowers,_and_siliques._
PRJNA615051,SRR11412460,Leaf,Hokkai3Go_BBCH60_leaf_stress,Drought,Transcriptomics_of_winter_oilseed_rape_under_drought_stress_and_control_conditions._Plants_were_sampled_before_vernalization_(BBCH18),_after_vernalization_(BBCH20),_before_flowering_(BBCH50)_and_stress_treatment,_at_beginning_of_flowering_(8_days_stress,_BBCH_60),_at_full_flowering_(21_days_stress,_BBCH_65),_and_during_ripening_(BBCH75)_for_leaves,_flowers,_and_siliques._
PRJNA615051,SRR11412445,Leaf,Hokkai3Go_BBCH65_leaf_control,Drought,Transcriptomics_of_winter_oilseed_rape_under_drought_stress_and_control_conditions._Plants_were_sampled_before_vernalization_(BBCH18),_after_vernalization_(BBCH20),_before_flowering_(BBCH50)_and_stress_treatment,_at_beginning_of_flowering_(8_days_stress,_BBCH_60),_at_full_flowering_(21_days_stress,_BBCH_65),_and_during_ripening_(BBCH75)_for_leaves,_flowers,_and_siliques._
PRJNA615051,SRR11412459,Leaf,Hokkai3Go_BBCH65_leaf_stress,Drought,Transcriptomics_of_winter_oilseed_rape_under_drought_stress_and_control_conditions._Plants_were_sampled_before_vernalization_(BBCH18),_after_vernalization_(BBCH20),_before_flowering_(BBCH50)_and_stress_treatment,_at_beginning_of_flowering_(8_days_stress,_BBCH_60),_at_full_flowering_(21_days_stress,_BBCH_65),_and_during_ripening_(BBCH75)_for_leaves,_flowers,_and_siliques._
PRJNA615051,SRR11412452,Leaf,Liporta_BBCH60_leaf_control,Drought,Transcriptomics_of_winter_oilseed_rape_under_drought_stress_and_control_conditions._Plants_were_sampled_before_vernalization_(BBCH18),_after_vernalization_(BBCH20),_before_flowering_(BBCH50)_and_stress_treatment,_at_beginning_of_flowering_(8_days_stress,_BBCH_60),_at_full_flowering_(21_days_stress,_BBCH_65),_and_during_ripening_(BBCH75)_for_leaves,_flowers,_and_siliques._
PRJNA615051,SRR11412462,Leaf,Liporta_BBCH60_leaf_stress,Drought,Transcriptomics_of_winter_oilseed_rape_under_drought_stress_and_control_conditions._Plants_were_sampled_before_vernalization_(BBCH18),_after_vernalization_(BBCH20),_before_flowering_(BBCH50)_and_stress_treatment,_at_beginning_of_flowering_(8_days_stress,_BBCH_60),_at_full_flowering_(21_days_stress,_BBCH_65),_and_during_ripening_(BBCH75)_for_leaves,_flowers,_and_siliques._
PRJNA615051,SRR11412451,Leaf,Liporta_BBCH65_leaf_control,Drought,Transcriptomics_of_winter_oilseed_rape_under_drought_stress_and_control_conditions._Plants_were_sampled_before_vernalization_(BBCH18),_after_vernalization_(BBCH20),_before_flowering_(BBCH50)_and_stress_treatment,_at_beginning_of_flowering_(8_days_stress,_BBCH_60),_at_full_flowering_(21_days_stress,_BBCH_65),_and_during_ripening_(BBCH75)_for_leaves,_flowers,_and_siliques._
PRJNA615051,SRR11412461,Leaf,Liporta_BBCH65_leaf_stress,Drought,Transcriptomics_of_winter_oilseed_rape_under_drought_stress_and_control_conditions._Plants_were_sampled_before_vernalization_(BBCH18),_after_vernalization_(BBCH20),_before_flowering_(BBCH50)_and_stress_treatment,_at_beginning_of_flowering_(8_days_stress,_BBCH_60),_at_full_flowering_(21_days_stress,_BBCH_65),_and_during_ripening_(BBCH75)_for_leaves,_flowers,_and_siliques._
PRJNA615051,SRR11412456,Leaf,Musette_BBCH60_leaf_control,Drought,Transcriptomics_of_winter_oilseed_rape_under_drought_stress_and_control_conditions._Plants_were_sampled_before_vernalization_(BBCH18),_after_vernalization_(BBCH20),_before_flowering_(BBCH50)_and_stress_treatment,_at_beginning_of_flowering_(8_days_stress,_BBCH_60),_at_full_flowering_(21_days_stress,_BBCH_65),_and_during_ripening_(BBCH75)_for_leaves,_flowers,_and_siliques._
PRJNA615051,SRR11412455,Leaf,Musette_BBCH65_leaf_control,Drought,Transcriptomics_of_winter_oilseed_rape_under_drought_stress_and_control_conditions._Plants_were_sampled_before_vernalization_(BBCH18),_after_vernalization_(BBCH20),_before_flowering_(BBCH50)_and_stress_treatment,_at_beginning_of_flowering_(8_days_stress,_BBCH_60),_at_full_flowering_(21_days_stress,_BBCH_65),_and_during_ripening_(BBCH75)_for_leaves,_flowers,_and_siliques._
PRJNA615051,SRR11412448,Leaf,NKNemax_BBCH60_leaf_control,Drought,Transcriptomics_of_winter_oilseed_rape_under_drought_stress_and_control_conditions._Plants_were_sampled_before_vernalization_(BBCH18),_after_vernalization_(BBCH20),_before_flowering_(BBCH50)_and_stress_treatment,_at_beginning_of_flowering_(8_days_stress,_BBCH_60),_at_full_flowering_(21_days_stress,_BBCH_65),_and_during_ripening_(BBCH75)_for_leaves,_flowers,_and_siliques._
PRJNA615051,SRR11412458,Leaf,NKNemax_BBCH60_leaf_stress,Drought,Transcriptomics_of_winter_oilseed_rape_under_drought_stress_and_control_conditions._Plants_were_sampled_before_vernalization_(BBCH18),_after_vernalization_(BBCH20),_before_flowering_(BBCH50)_and_stress_treatment,_at_beginning_of_flowering_(8_days_stress,_BBCH_60),_at_full_flowering_(21_days_stress,_BBCH_65),_and_during_ripening_(BBCH75)_for_leaves,_flowers,_and_siliques._
PRJNA615051,SRR11412447,Leaf,NKNemax_BBCH65_leaf_control,Drought,Transcriptomics_of_winter_oilseed_rape_under_drought_stress_and_control_conditions._Plants_were_sampled_before_vernalization_(BBCH18),_after_vernalization_(BBCH20),_before_flowering_(BBCH50)_and_stress_treatment,_at_beginning_of_flowering_(8_days_stress,_BBCH_60),_at_full_flowering_(21_days_stress,_BBCH_65),_and_during_ripening_(BBCH75)_for_leaves,_flowers,_and_siliques._
PRJNA615051,SRR11412457,Leaf,NKNemax_BBCH65_leaf_stress,Drought,Transcriptomics_of_winter_oilseed_rape_under_drought_stress_and_control_conditions._Plants_were_sampled_before_vernalization_(BBCH18),_after_vernalization_(BBCH20),_before_flowering_(BBCH50)_and_stress_treatment,_at_beginning_of_flowering_(8_days_stress,_BBCH_60),_at_full_flowering_(21_days_stress,_BBCH_65),_and_during_ripening_(BBCH75)_for_leaves,_flowers,_and_siliques._
PRJNA615051,SRR11412464,Leaf,Pollen_BBCH60_leaf_stress,Drought,Transcriptomics_of_winter_oilseed_rape_under_drought_stress_and_control_conditions._Plants_were_sampled_before_vernalization_(BBCH18),_after_vernalization_(BBCH20),_before_flowering_(BBCH50)_and_stress_treatment,_at_beginning_of_flowering_(8_days_stress,_BBCH_60),_at_full_flowering_(21_days_stress,_BBCH_65),_and_during_ripening_(BBCH75)_for_leaves,_flowers,_and_siliques._
PRJNA615051,SRR11412463,Leaf,Pollen_BBCH65_leaf_stress,Drought,Transcriptomics_of_winter_oilseed_rape_under_drought_stress_and_control_conditions._Plants_were_sampled_before_vernalization_(BBCH18),_after_vernalization_(BBCH20),_before_flowering_(BBCH50)_and_stress_treatment,_at_beginning_of_flowering_(8_days_stress,_BBCH_60),_at_full_flowering_(21_days_stress,_BBCH_65),_and_during_ripening_(BBCH75)_for_leaves,_flowers,_and_siliques._
PRJNA615051,SRR11412450,Leaf,Zephir_BBCH60_leaf_control,Drought,Transcriptomics_of_winter_oilseed_rape_under_drought_stress_and_control_conditions._Plants_were_sampled_before_vernalization_(BBCH18),_after_vernalization_(BBCH20),_before_flowering_(BBCH50)_and_stress_treatment,_at_beginning_of_flowering_(8_days_stress,_BBCH_60),_at_full_flowering_(21_days_stress,_BBCH_65),_and_during_ripening_(BBCH75)_for_leaves,_flowers,_and_siliques._
PRJNA615051,SRR11412444,Leaf,Zephir_BBCH60_leaf_stress,Drought,Transcriptomics_of_winter_oilseed_rape_under_drought_stress_and_control_conditions._Plants_were_sampled_before_vernalization_(BBCH18),_after_vernalization_(BBCH20),_before_flowering_(BBCH50)_and_stress_treatment,_at_beginning_of_flowering_(8_days_stress,_BBCH_60),_at_full_flowering_(21_days_stress,_BBCH_65),_and_during_ripening_(BBCH75)_for_leaves,_flowers,_and_siliques._
PRJNA615051,SRR11412449,Leaf,Zephir_BBCH65_leaf_control,Drought,Transcriptomics_of_winter_oilseed_rape_under_drought_stress_and_control_conditions._Plants_were_sampled_before_vernalization_(BBCH18),_after_vernalization_(BBCH20),_before_flowering_(BBCH50)_and_stress_treatment,_at_beginning_of_flowering_(8_days_stress,_BBCH_60),_at_full_flowering_(21_days_stress,_BBCH_65),_and_during_ripening_(BBCH75)_for_leaves,_flowers,_and_siliques._
PRJNA615051,SRR11412443,Leaf,Zephir_BBCH65_leaf_stress,Drought,Transcriptomics_of_winter_oilseed_rape_under_drought_stress_and_control_conditions._Plants_were_sampled_before_vernalization_(BBCH18),_after_vernalization_(BBCH20),_before_flowering_(BBCH50)_and_stress_treatment,_at_beginning_of_flowering_(8_days_stress,_BBCH_60),_at_full_flowering_(21_days_stress,_BBCH_65),_and_during_ripening_(BBCH75)_for_leaves,_flowers,_and_siliques._
PRJNA591595,SRR10529461,Pollen,Pollen_day0,Heat___TSA___Day,Effect_of_histone/lysine_deacetylase_(HDAC)_inhibitor_trichostatin_A_(TSA)_on_haploid_embryogenesis._Here,_the_transcriptomes_of_untreated_pollen_cultures_and_pollen_cultures_treated_with_either_heat_stress_or_heat_stress_plus_TSA_were_compared._
PRJNA591595,SRR10529462,Pollen,Pollen_day0,Heat___TSA___Day,Effect_of_histone/lysine_deacetylase_(HDAC)_inhibitor_trichostatin_A_(TSA)_on_haploid_embryogenesis._Here,_the_transcriptomes_of_untreated_pollen_cultures_and_pollen_cultures_treated_with_either_heat_stress_or_heat_stress_plus_TSA_were_compared._
PRJNA591595,SRR10529463,Pollen,Pollen_day0,Heat___TSA___Day,Effect_of_histone/lysine_deacetylase_(HDAC)_inhibitor_trichostatin_A_(TSA)_on_haploid_embryogenesis._Here,_the_transcriptomes_of_untreated_pollen_cultures_and_pollen_cultures_treated_with_either_heat_stress_or_heat_stress_plus_TSA_were_compared._
PRJNA591595,SRR10529464,Pollen,Heat+TSA_0.5µM_day2,Heat___TSA___Day,Effect_of_histone/lysine_deacetylase_(HDAC)_inhibitor_trichostatin_A_(TSA)_on_haploid_embryogenesis._Here,_the_transcriptomes_of_untreated_pollen_cultures_and_pollen_cultures_treated_with_either_heat_stress_or_heat_stress_plus_TSA_were_compared._
PRJNA591595,SRR10529465,Pollen,Heat+TSA_0.5µM_day2,Heat___TSA___Day,Effect_of_histone/lysine_deacetylase_(HDAC)_inhibitor_trichostatin_A_(TSA)_on_haploid_embryogenesis._Here,_the_transcriptomes_of_untreated_pollen_cultures_and_pollen_cultures_treated_with_either_heat_stress_or_heat_stress_plus_TSA_were_compared._
PRJNA591595,SRR10529466,Pollen,Heat+TSA_0.5µM_day2,Heat___TSA___Day,Effect_of_histone/lysine_deacetylase_(HDAC)_inhibitor_trichostatin_A_(TSA)_on_haploid_embryogenesis._Here,_the_transcriptomes_of_untreated_pollen_cultures_and_pollen_cultures_treated_with_either_heat_stress_or_heat_stress_plus_TSA_were_compared._
PRJNA591595,SRR10529467,Pollen,Heat+TSA_0.05µM_day8,Heat___TSA___Day,Effect_of_histone/lysine_deacetylase_(HDAC)_inhibitor_trichostatin_A_(TSA)_on_haploid_embryogenesis._Here,_the_transcriptomes_of_untreated_pollen_cultures_and_pollen_cultures_treated_with_either_heat_stress_or_heat_stress_plus_TSA_were_compared._
PRJNA591595,SRR10529468,Pollen,Heat+TSA_0.05µM_day8,Heat___TSA___Day,Effect_of_histone/lysine_deacetylase_(HDAC)_inhibitor_trichostatin_A_(TSA)_on_haploid_embryogenesis._Here,_the_transcriptomes_of_untreated_pollen_cultures_and_pollen_cultures_treated_with_either_heat_stress_or_heat_stress_plus_TSA_were_compared._
PRJNA591595,SRR12083623,Pollen,Heat+TSA_0.5µM_day4,Heat___TSA___Day,Effect_of_histone/lysine_deacetylase_(HDAC)_inhibitor_trichostatin_A_(TSA)_on_haploid_embryogenesis._Here,_the_transcriptomes_of_untreated_pollen_cultures_and_pollen_cultures_treated_with_either_heat_stress_or_heat_stress_plus_TSA_were_compared._
PRJNA591595,SRR12083624,Pollen,Heat+TSA_0.5µM_day4,Heat___TSA___Day,Effect_of_histone/lysine_deacetylase_(HDAC)_inhibitor_trichostatin_A_(TSA)_on_haploid_embryogenesis._Here,_the_transcriptomes_of_untreated_pollen_cultures_and_pollen_cultures_treated_with_either_heat_stress_or_heat_stress_plus_TSA_were_compared._
PRJNA591595,SRR12083625,Pollen,Heat+TSA_0.5µM_day4,Heat___TSA___Day,Effect_of_histone/lysine_deacetylase_(HDAC)_inhibitor_trichostatin_A_(TSA)_on_haploid_embryogenesis._Here,_the_transcriptomes_of_untreated_pollen_cultures_and_pollen_cultures_treated_with_either_heat_stress_or_heat_stress_plus_TSA_were_compared._
PRJNA591595,SRR12083626,Pollen,Heat_day2,Heat___TSA___Day,Effect_of_histone/lysine_deacetylase_(HDAC)_inhibitor_trichostatin_A_(TSA)_on_haploid_embryogenesis._Here,_the_transcriptomes_of_untreated_pollen_cultures_and_pollen_cultures_treated_with_either_heat_stress_or_heat_stress_plus_TSA_were_compared._
PRJNA591595,SRR12083627,Pollen,Heat_day2,Heat___TSA___Day,Effect_of_histone/lysine_deacetylase_(HDAC)_inhibitor_trichostatin_A_(TSA)_on_haploid_embryogenesis._Here,_the_transcriptomes_of_untreated_pollen_cultures_and_pollen_cultures_treated_with_either_heat_stress_or_heat_stress_plus_TSA_were_compared._
PRJNA591595,SRR12083628,Pollen,Heat_day2,Heat___TSA___Day,Effect_of_histone/lysine_deacetylase_(HDAC)_inhibitor_trichostatin_A_(TSA)_on_haploid_embryogenesis._Here,_the_transcriptomes_of_untreated_pollen_cultures_and_pollen_cultures_treated_with_either_heat_stress_or_heat_stress_plus_TSA_were_compared._
PRJNA591595,SRR12083629,Pollen,Heat_day4,Heat___TSA___Day,Effect_of_histone/lysine_deacetylase_(HDAC)_inhibitor_trichostatin_A_(TSA)_on_haploid_embryogenesis._Here,_the_transcriptomes_of_untreated_pollen_cultures_and_pollen_cultures_treated_with_either_heat_stress_or_heat_stress_plus_TSA_were_compared._
PRJNA591595,SRR12083630,Pollen,Heat_day4,Heat___TSA___Day,Effect_of_histone/lysine_deacetylase_(HDAC)_inhibitor_trichostatin_A_(TSA)_on_haploid_embryogenesis._Here,_the_transcriptomes_of_untreated_pollen_cultures_and_pollen_cultures_treated_with_either_heat_stress_or_heat_stress_plus_TSA_were_compared._
PRJNA591595,SRR12083631,Pollen,Heat_day4,Heat___TSA___Day,Effect_of_histone/lysine_deacetylase_(HDAC)_inhibitor_trichostatin_A_(TSA)_on_haploid_embryogenesis._Here,_the_transcriptomes_of_untreated_pollen_cultures_and_pollen_cultures_treated_with_either_heat_stress_or_heat_stress_plus_TSA_were_compared._
PRJNA591034,SRR10511943,Leaf,Control_Avatar,Submergence___Cultivar,The_molecular_response_of_leaves_of_two_Brassica_napus_cultivars_to_full_submergence_(rape)_under_illumination._Overall_design:_Two_Brassica_napus_cultivars_(Avatar,_Zhongshuang_9),_one_time_point_(24_h),_two_treatments_(aeration,_submergence)
PRJNA591034,SRR10511944,Leaf,Control_Avatar,Submergence___Cultivar,The_molecular_response_of_leaves_of_two_Brassica_napus_cultivars_to_full_submergence_(rape)_under_illumination._Overall_design:_Two_Brassica_napus_cultivars_(Avatar,_Zhongshuang_9),_one_time_point_(24_h),_two_treatments_(aeration,_submergence)
PRJNA591034,SRR10511945,Leaf,Control_Avatar,Submergence___Cultivar,The_molecular_response_of_leaves_of_two_Brassica_napus_cultivars_to_full_submergence_(rape)_under_illumination._Overall_design:_Two_Brassica_napus_cultivars_(Avatar,_Zhongshuang_9),_one_time_point_(24_h),_two_treatments_(aeration,_submergence)
PRJNA591034,SRR10511946,Leaf,submergence_Avatar,Submergence___Cultivar,The_molecular_response_of_leaves_of_two_Brassica_napus_cultivars_to_full_submergence_(rape)_under_illumination._Overall_design:_Two_Brassica_napus_cultivars_(Avatar,_Zhongshuang_9),_one_time_point_(24_h),_two_treatments_(aeration,_submergence)
PRJNA591034,SRR10511947,Leaf,submergence_Avatar,Submergence___Cultivar,The_molecular_response_of_leaves_of_two_Brassica_napus_cultivars_to_full_submergence_(rape)_under_illumination._Overall_design:_Two_Brassica_napus_cultivars_(Avatar,_Zhongshuang_9),_one_time_point_(24_h),_two_treatments_(aeration,_submergence)
PRJNA591034,SRR10511948,Leaf,submergence_Avatar,Submergence___Cultivar,The_molecular_response_of_leaves_of_two_Brassica_napus_cultivars_to_full_submergence_(rape)_under_illumination._Overall_design:_Two_Brassica_napus_cultivars_(Avatar,_Zhongshuang_9),_one_time_point_(24_h),_two_treatments_(aeration,_submergence)
PRJNA591034,SRR10511949,Leaf,Control_Zhongshuang,Submergence___Cultivar,The_molecular_response_of_leaves_of_two_Brassica_napus_cultivars_to_full_submergence_(rape)_under_illumination._Overall_design:_Two_Brassica_napus_cultivars_(Avatar,_Zhongshuang_9),_one_time_point_(24_h),_two_treatments_(aeration,_submergence)
PRJNA591034,SRR10511950,Leaf,Control_Zhongshuang,Submergence___Cultivar,The_molecular_response_of_leaves_of_two_Brassica_napus_cultivars_to_full_submergence_(rape)_under_illumination._Overall_design:_Two_Brassica_napus_cultivars_(Avatar,_Zhongshuang_9),_one_time_point_(24_h),_two_treatments_(aeration,_submergence)
PRJNA591034,SRR10511951,Leaf,Control_Zhongshuang,Submergence___Cultivar,The_molecular_response_of_leaves_of_two_Brassica_napus_cultivars_to_full_submergence_(rape)_under_illumination._Overall_design:_Two_Brassica_napus_cultivars_(Avatar,_Zhongshuang_9),_one_time_point_(24_h),_two_treatments_(aeration,_submergence)
PRJNA591034,SRR10511952,Leaf,submergence_Zhongshuang,Submergence___Cultivar,The_molecular_response_of_leaves_of_two_Brassica_napus_cultivars_to_full_submergence_(rape)_under_illumination._Overall_design:_Two_Brassica_napus_cultivars_(Avatar,_Zhongshuang_9),_one_time_point_(24_h),_two_treatments_(aeration,_submergence)
PRJNA591034,SRR10511953,Leaf,submergence_Zhongshuang,Submergence___Cultivar,The_molecular_response_of_leaves_of_two_Brassica_napus_cultivars_to_full_submergence_(rape)_under_illumination._Overall_design:_Two_Brassica_napus_cultivars_(Avatar,_Zhongshuang_9),_one_time_point_(24_h),_two_treatments_(aeration,_submergence)
PRJNA591034,SRR10511954,Leaf,submergence_Zhongshuang,Submergence___Cultivar,The_molecular_response_of_leaves_of_two_Brassica_napus_cultivars_to_full_submergence_(rape)_under_illumination._Overall_design:_Two_Brassica_napus_cultivars_(Avatar,_Zhongshuang_9),_one_time_point_(24_h),_two_treatments_(aeration,_submergence)
PRJNA590544,SRR10556481,Root,Control_Root,Cadmium___Tissue,Concurrent_changes_in_mRNA_profiles_in_the_roots_and_shoots_of_B._napus_seedlings_after_Cadmium_treatment
PRJNA590544,SRR10556480,Root,Control_Root,Cadmium___Tissue,Concurrent_changes_in_mRNA_profiles_in_the_roots_and_shoots_of_B._napus_seedlings_after_Cadmium_treatment
PRJNA590544,SRR10556469,Root,Control_Root,Cadmium___Tissue,Concurrent_changes_in_mRNA_profiles_in_the_roots_and_shoots_of_B._napus_seedlings_after_Cadmium_treatment
PRJNA590544,SRR10556464,Shoot,Control_Shoot,Cadmium___Tissue,Concurrent_changes_in_mRNA_profiles_in_the_roots_and_shoots_of_B._napus_seedlings_after_Cadmium_treatment
PRJNA590544,SRR10556463,Shoot,Control_Shoot,Cadmium___Tissue,Concurrent_changes_in_mRNA_profiles_in_the_roots_and_shoots_of_B._napus_seedlings_after_Cadmium_treatment
PRJNA590544,SRR10556462,Shoot,Control_Shoot,Cadmium___Tissue,Concurrent_changes_in_mRNA_profiles_in_the_roots_and_shoots_of_B._napus_seedlings_after_Cadmium_treatment
PRJNA590544,SRR10556461,Root,Cadmium_Root,Cadmium___Tissue,Concurrent_changes_in_mRNA_profiles_in_the_roots_and_shoots_of_B._napus_seedlings_after_Cadmium_treatment
PRJNA590544,SRR10556460,Root,Cadmium_Root,Cadmium___Tissue,Concurrent_changes_in_mRNA_profiles_in_the_roots_and_shoots_of_B._napus_seedlings_after_Cadmium_treatment
PRJNA590544,SRR10556459,Root,Cadmium_Root,Cadmium___Tissue,Concurrent_changes_in_mRNA_profiles_in_the_roots_and_shoots_of_B._napus_seedlings_after_Cadmium_treatment
PRJNA590544,SRR10556458,Shoot,Cadmium_Shoot,Cadmium___Tissue,Concurrent_changes_in_mRNA_profiles_in_the_roots_and_shoots_of_B._napus_seedlings_after_Cadmium_treatment
PRJNA590544,SRR10556479,Shoot,Cadmium_Shoot,Cadmium___Tissue,Concurrent_changes_in_mRNA_profiles_in_the_roots_and_shoots_of_B._napus_seedlings_after_Cadmium_treatment
PRJNA590544,SRR10556478,Shoot,Cadmium_Shoot,Cadmium___Tissue,Concurrent_changes_in_mRNA_profiles_in_the_roots_and_shoots_of_B._napus_seedlings_after_Cadmium_treatment
PRJNA560411,SRR9974920,Leaf,312_0A0D,Acclimation___Deacclimation___Cultivar,Acclimation_and_deacclimation_of_two_canola_varieties._Two_varieties_of_canola_(189_and_312)_with_differing_freezing_tolerance_were_either_unacclimated,_acclimated_for_4_weeks_at_5C_,_or_acclimated_as_described_and_then_deacclimated_for_1_or_2_weeks_at_10C._0A0D:_unacclimated,_4A0D:_acclimated,_4A2D:_2wk_deacclimated,_4A1D:_1wk_deacclimated
PRJNA560411,SRR9974921,Leaf,189_4A0D,Acclimation___Deacclimation___Cultivar,Acclimation_and_deacclimation_of_two_canola_varieties._Two_varieties_of_canola_(189_and_312)_with_differing_freezing_tolerance_were_either_unacclimated,_acclimated_for_4_weeks_at_5C_,_or_acclimated_as_described_and_then_deacclimated_for_1_or_2_weeks_at_10C._0A0D:_unacclimated,_4A0D:_acclimated,_4A2D:_2wk_deacclimated,_4A1D:_1wk_deacclimated
PRJNA560411,SRR9974922,Leaf,189_0A0D,Acclimation___Deacclimation___Cultivar,Acclimation_and_deacclimation_of_two_canola_varieties._Two_varieties_of_canola_(189_and_312)_with_differing_freezing_tolerance_were_either_unacclimated,_acclimated_for_4_weeks_at_5C_,_or_acclimated_as_described_and_then_deacclimated_for_1_or_2_weeks_at_10C._0A0D:_unacclimated,_4A0D:_acclimated,_4A2D:_2wk_deacclimated,_4A1D:_1wk_deacclimated
PRJNA560411,SRR9974923,Leaf,312_4A2D,Acclimation___Deacclimation___Cultivar,Acclimation_and_deacclimation_of_two_canola_varieties._Two_varieties_of_canola_(189_and_312)_with_differing_freezing_tolerance_were_either_unacclimated,_acclimated_for_4_weeks_at_5C_,_or_acclimated_as_described_and_then_deacclimated_for_1_or_2_weeks_at_10C._0A0D:_unacclimated,_4A0D:_acclimated,_4A2D:_2wk_deacclimated,_4A1D:_1wk_deacclimated
PRJNA560411,SRR9974924,Leaf,312_4A0D,Acclimation___Deacclimation___Cultivar,Acclimation_and_deacclimation_of_two_canola_varieties._Two_varieties_of_canola_(189_and_312)_with_differing_freezing_tolerance_were_either_unacclimated,_acclimated_for_4_weeks_at_5C_,_or_acclimated_as_described_and_then_deacclimated_for_1_or_2_weeks_at_10C._0A0D:_unacclimated,_4A0D:_acclimated,_4A2D:_2wk_deacclimated,_4A1D:_1wk_deacclimated
PRJNA560411,SRR9974925,Leaf,312_0A0D,Acclimation___Deacclimation___Cultivar,Acclimation_and_deacclimation_of_two_canola_varieties._Two_varieties_of_canola_(189_and_312)_with_differing_freezing_tolerance_were_either_unacclimated,_acclimated_for_4_weeks_at_5C_,_or_acclimated_as_described_and_then_deacclimated_for_1_or_2_weeks_at_10C._0A0D:_unacclimated,_4A0D:_acclimated,_4A2D:_2wk_deacclimated,_4A1D:_1wk_deacclimated
PRJNA560411,SRR9974926,Leaf,189_4A1D,Acclimation___Deacclimation___Cultivar,Acclimation_and_deacclimation_of_two_canola_varieties._Two_varieties_of_canola_(189_and_312)_with_differing_freezing_tolerance_were_either_unacclimated,_acclimated_for_4_weeks_at_5C_,_or_acclimated_as_described_and_then_deacclimated_for_1_or_2_weeks_at_10C._0A0D:_unacclimated,_4A0D:_acclimated,_4A2D:_2wk_deacclimated,_4A1D:_1wk_deacclimated
PRJNA560411,SRR9974927,Leaf,189_0A0D,Acclimation___Deacclimation___Cultivar,Acclimation_and_deacclimation_of_two_canola_varieties._Two_varieties_of_canola_(189_and_312)_with_differing_freezing_tolerance_were_either_unacclimated,_acclimated_for_4_weeks_at_5C_,_or_acclimated_as_described_and_then_deacclimated_for_1_or_2_weeks_at_10C._0A0D:_unacclimated,_4A0D:_acclimated,_4A2D:_2wk_deacclimated,_4A1D:_1wk_deacclimated
PRJNA560411,SRR9974928,Leaf,189_4A0D,Acclimation___Deacclimation___Cultivar,Acclimation_and_deacclimation_of_two_canola_varieties._Two_varieties_of_canola_(189_and_312)_with_differing_freezing_tolerance_were_either_unacclimated,_acclimated_for_4_weeks_at_5C_,_or_acclimated_as_described_and_then_deacclimated_for_1_or_2_weeks_at_10C._0A0D:_unacclimated,_4A0D:_acclimated,_4A2D:_2wk_deacclimated,_4A1D:_1wk_deacclimated
PRJNA560411,SRR9974929,Leaf,189_4A1D,Acclimation___Deacclimation___Cultivar,Acclimation_and_deacclimation_of_two_canola_varieties._Two_varieties_of_canola_(189_and_312)_with_differing_freezing_tolerance_were_either_unacclimated,_acclimated_for_4_weeks_at_5C_,_or_acclimated_as_described_and_then_deacclimated_for_1_or_2_weeks_at_10C._0A0D:_unacclimated,_4A0D:_acclimated,_4A2D:_2wk_deacclimated,_4A1D:_1wk_deacclimated
PRJNA560411,SRR9974930,Leaf,189_4A1D,Acclimation___Deacclimation___Cultivar,Acclimation_and_deacclimation_of_two_canola_varieties._Two_varieties_of_canola_(189_and_312)_with_differing_freezing_tolerance_were_either_unacclimated,_acclimated_for_4_weeks_at_5C_,_or_acclimated_as_described_and_then_deacclimated_for_1_or_2_weeks_at_10C._0A0D:_unacclimated,_4A0D:_acclimated,_4A2D:_2wk_deacclimated,_4A1D:_1wk_deacclimated
PRJNA560411,SRR9974931,Leaf,189_4A1D,Acclimation___Deacclimation___Cultivar,Acclimation_and_deacclimation_of_two_canola_varieties._Two_varieties_of_canola_(189_and_312)_with_differing_freezing_tolerance_were_either_unacclimated,_acclimated_for_4_weeks_at_5C_,_or_acclimated_as_described_and_then_deacclimated_for_1_or_2_weeks_at_10C._0A0D:_unacclimated,_4A0D:_acclimated,_4A2D:_2wk_deacclimated,_4A1D:_1wk_deacclimated
PRJNA560411,SRR9974932,Leaf,189_4A1D,Acclimation___Deacclimation___Cultivar,Acclimation_and_deacclimation_of_two_canola_varieties._Two_varieties_of_canola_(189_and_312)_with_differing_freezing_tolerance_were_either_unacclimated,_acclimated_for_4_weeks_at_5C_,_or_acclimated_as_described_and_then_deacclimated_for_1_or_2_weeks_at_10C._0A0D:_unacclimated,_4A0D:_acclimated,_4A2D:_2wk_deacclimated,_4A1D:_1wk_deacclimated
PRJNA560411,SRR9974933,Leaf,312_4A0D,Acclimation___Deacclimation___Cultivar,Acclimation_and_deacclimation_of_two_canola_varieties._Two_varieties_of_canola_(189_and_312)_with_differing_freezing_tolerance_were_either_unacclimated,_acclimated_for_4_weeks_at_5C_,_or_acclimated_as_described_and_then_deacclimated_for_1_or_2_weeks_at_10C._0A0D:_unacclimated,_4A0D:_acclimated,_4A2D:_2wk_deacclimated,_4A1D:_1wk_deacclimated
PRJNA560411,SRR9974934,Leaf,312_0A0D,Acclimation___Deacclimation___Cultivar,Acclimation_and_deacclimation_of_two_canola_varieties._Two_varieties_of_canola_(189_and_312)_with_differing_freezing_tolerance_were_either_unacclimated,_acclimated_for_4_weeks_at_5C_,_or_acclimated_as_described_and_then_deacclimated_for_1_or_2_weeks_at_10C._0A0D:_unacclimated,_4A0D:_acclimated,_4A2D:_2wk_deacclimated,_4A1D:_1wk_deacclimated
PRJNA560411,SRR9974935,Leaf,312_4A2D,Acclimation___Deacclimation___Cultivar,Acclimation_and_deacclimation_of_two_canola_varieties._Two_varieties_of_canola_(189_and_312)_with_differing_freezing_tolerance_were_either_unacclimated,_acclimated_for_4_weeks_at_5C_,_or_acclimated_as_described_and_then_deacclimated_for_1_or_2_weeks_at_10C._0A0D:_unacclimated,_4A0D:_acclimated,_4A2D:_2wk_deacclimated,_4A1D:_1wk_deacclimated
PRJNA560411,SRR9974936,Leaf,312_4A1D,Acclimation___Deacclimation___Cultivar,Acclimation_and_deacclimation_of_two_canola_varieties._Two_varieties_of_canola_(189_and_312)_with_differing_freezing_tolerance_were_either_unacclimated,_acclimated_for_4_weeks_at_5C_,_or_acclimated_as_described_and_then_deacclimated_for_1_or_2_weeks_at_10C._0A0D:_unacclimated,_4A0D:_acclimated,_4A2D:_2wk_deacclimated,_4A1D:_1wk_deacclimated
PRJNA560411,SRR9974937,Leaf,312_4A0D,Acclimation___Deacclimation___Cultivar,Acclimation_and_deacclimation_of_two_canola_varieties._Two_varieties_of_canola_(189_and_312)_with_differing_freezing_tolerance_were_either_unacclimated,_acclimated_for_4_weeks_at_5C_,_or_acclimated_as_described_and_then_deacclimated_for_1_or_2_weeks_at_10C._0A0D:_unacclimated,_4A0D:_acclimated,_4A2D:_2wk_deacclimated,_4A1D:_1wk_deacclimated
PRJNA560411,SRR9974938,Leaf,312_4A1D,Acclimation___Deacclimation___Cultivar,Acclimation_and_deacclimation_of_two_canola_varieties._Two_varieties_of_canola_(189_and_312)_with_differing_freezing_tolerance_were_either_unacclimated,_acclimated_for_4_weeks_at_5C_,_or_acclimated_as_described_and_then_deacclimated_for_1_or_2_weeks_at_10C._0A0D:_unacclimated,_4A0D:_acclimated,_4A2D:_2wk_deacclimated,_4A1D:_1wk_deacclimated
PRJNA560411,SRR9974939,Leaf,189_4A0D,Acclimation___Deacclimation___Cultivar,Acclimation_and_deacclimation_of_two_canola_varieties._Two_varieties_of_canola_(189_and_312)_with_differing_freezing_tolerance_were_either_unacclimated,_acclimated_for_4_weeks_at_5C_,_or_acclimated_as_described_and_then_deacclimated_for_1_or_2_weeks_at_10C._0A0D:_unacclimated,_4A0D:_acclimated,_4A2D:_2wk_deacclimated,_4A1D:_1wk_deacclimated
PRJNA560411,SRR9974940,Leaf,312_4A2D,Acclimation___Deacclimation___Cultivar,Acclimation_and_deacclimation_of_two_canola_varieties._Two_varieties_of_canola_(189_and_312)_with_differing_freezing_tolerance_were_either_unacclimated,_acclimated_for_4_weeks_at_5C_,_or_acclimated_as_described_and_then_deacclimated_for_1_or_2_weeks_at_10C._0A0D:_unacclimated,_4A0D:_acclimated,_4A2D:_2wk_deacclimated,_4A1D:_1wk_deacclimated
PRJNA560411,SRR9974941,Leaf,189_4A1D,Acclimation___Deacclimation___Cultivar,Acclimation_and_deacclimation_of_two_canola_varieties._Two_varieties_of_canola_(189_and_312)_with_differing_freezing_tolerance_were_either_unacclimated,_acclimated_for_4_weeks_at_5C_,_or_acclimated_as_described_and_then_deacclimated_for_1_or_2_weeks_at_10C._0A0D:_unacclimated,_4A0D:_acclimated,_4A2D:_2wk_deacclimated,_4A1D:_1wk_deacclimated
PRJNA560411,SRR9974942,Leaf,189_0A0D,Acclimation___Deacclimation___Cultivar,Acclimation_and_deacclimation_of_two_canola_varieties._Two_varieties_of_canola_(189_and_312)_with_differing_freezing_tolerance_were_either_unacclimated,_acclimated_for_4_weeks_at_5C_,_or_acclimated_as_described_and_then_deacclimated_for_1_or_2_weeks_at_10C._0A0D:_unacclimated,_4A0D:_acclimated,_4A2D:_2wk_deacclimated,_4A1D:_1wk_deacclimated
PRJNA560411,SRR9974943,Leaf,312_4A1D,Acclimation___Deacclimation___Cultivar,Acclimation_and_deacclimation_of_two_canola_varieties._Two_varieties_of_canola_(189_and_312)_with_differing_freezing_tolerance_were_either_unacclimated,_acclimated_for_4_weeks_at_5C_,_or_acclimated_as_described_and_then_deacclimated_for_1_or_2_weeks_at_10C._0A0D:_unacclimated,_4A0D:_acclimated,_4A2D:_2wk_deacclimated,_4A1D:_1wk_deacclimated
PRJNA558913,SRR10065360,Leaf,Oscar___Salt,Salt___Cultivar,RNA_seq_analysis_of_two_salt_tolerant_canola_(Brassica_napus_L.)_cultivar_Dunkled_and_salt_sensitive_canola_cultivar_Oscar._Seedlings_were_subjected_to_200_mM_NaCl_salinity_for_two_weeks.
PRJNA558913,SRR10065361,Leaf,Dunkled___Salt,Salt___Cultivar,RNA_seq_analysis_of_two_salt_tolerant_canola_(Brassica_napus_L.)_cultivar_Dunkled_and_salt_sensitive_canola_cultivar_Oscar._Seedlings_were_subjected_to_200_mM_NaCl_salinity_for_two_weeks.
PRJNA558913,SRR10065362,Leaf,Oscar___Control,Salt___Cultivar,RNA_seq_analysis_of_two_salt_tolerant_canola_(Brassica_napus_L.)_cultivar_Dunkled_and_salt_sensitive_canola_cultivar_Oscar._Seedlings_were_subjected_to_200_mM_NaCl_salinity_for_two_weeks.
PRJNA558913,SRR10065363,Leaf,Dunkled___Control,Salt___Cultivar,RNA_seq_analysis_of_two_salt_tolerant_canola_(Brassica_napus_L.)_cultivar_Dunkled_and_salt_sensitive_canola_cultivar_Oscar._Seedlings_were_subjected_to_200_mM_NaCl_salinity_for_two_weeks.
PRJNA214511,SRR948826,Leaf,Normal,Salt___Organs,Dissecting_the_salt_(200_mM)_responsive_transcriptome_of_Brassica_napus
PRJNA214511,SRR948832,Leaf,Normal,Salt___Organs,Dissecting_the_salt_(200_mM)_responsive_transcriptome_of_Brassica_napus
PRJNA214511,SRR948834,Root,Normal,Salt___Organs,Dissecting_the_salt_(200_mM)_responsive_transcriptome_of_Brassica_napus
PRJNA214511,SRR948836,Root,Normal,Salt___Organs,Dissecting_the_salt_(200_mM)_responsive_transcriptome_of_Brassica_napus
PRJNA214511,SRR948830,Leaf,Nacl___200_mM,Salt___Organs,Dissecting_the_salt_(200_mM)_responsive_transcriptome_of_Brassica_napus
PRJNA214511,SRR948833,Leaf,Nacl___200_mM,Salt___Organs,Dissecting_the_salt_(200_mM)_responsive_transcriptome_of_Brassica_napus
PRJNA214511,SRR948835,Root,Nacl___200_mM,Salt___Organs,Dissecting_the_salt_(200_mM)_responsive_transcriptome_of_Brassica_napus
PRJNA214511,SRR948857,Root,Nacl___200_mM,Salt___Organs,Dissecting_the_salt_(200_mM)_responsive_transcriptome_of_Brassica_napus
PRJNA270960,SRR1731806,Leaf,Normal,Drought,Transcriptome_analysis_of_two_B._napus_cultivars_(07Y19,_07Y29)_in_response_to_drought_stress
PRJNA270960,SRR1732356,Leaf,Normal,Drought,Transcriptome_analysis_of_two_B._napus_cultivars_(07Y19,_07Y29)_in_response_to_drought_stress
PRJNA270960,SRR1732355,Leaf,PEG_6000___200_g/L,Drought,Transcriptome_analysis_of_two_B._napus_cultivars_(07Y19,_07Y29)_in_response_to_drought_stress
PRJNA270960,SRR1732358,Leaf,PEG_6000___200_g/L,Drought,Transcriptome_analysis_of_two_B._napus_cultivars_(07Y19,_07Y29)_in_response_to_drought_stress
PRJNA273932,SRR1778056,Leaf,Normal,Drought,Selection_higher_energy_efficiency_and_drought_tolerance_in_canola_results_in_distinct_transcriptome_and_epigenome_changes
PRJNA273932,SRR1781543,Leaf,Normal,Drought,Selection_higher_energy_efficiency_and_drought_tolerance_in_canola_results_in_distinct_transcriptome_and_epigenome_changes
PRJNA273932,SRR1783186,Leaf,Normal,Drought,Selection_higher_energy_efficiency_and_drought_tolerance_in_canola_results_in_distinct_transcriptome_and_epigenome_changes
PRJNA273932,SRR1783187,Leaf,Normal,Drought,Selection_higher_energy_efficiency_and_drought_tolerance_in_canola_results_in_distinct_transcriptome_and_epigenome_changes
PRJNA273932,SRR1783188,Leaf,Normal,Drought,Selection_higher_energy_efficiency_and_drought_tolerance_in_canola_results_in_distinct_transcriptome_and_epigenome_changes
PRJNA273932,SRR1781548,Leaf,PEG1,Drought,Selection_higher_energy_efficiency_and_drought_tolerance_in_canola_results_in_distinct_transcriptome_and_epigenome_changes
PRJNA273932,SRR1781559,Leaf,PEG1,Drought,Selection_higher_energy_efficiency_and_drought_tolerance_in_canola_results_in_distinct_transcriptome_and_epigenome_changes
PRJNA273932,SRR1781603,Leaf,PEG2,Drought,Selection_higher_energy_efficiency_and_drought_tolerance_in_canola_results_in_distinct_transcriptome_and_epigenome_changes
PRJNA273932,SRR1783156,Leaf,PEG2,Drought,Selection_higher_energy_efficiency_and_drought_tolerance_in_canola_results_in_distinct_transcriptome_and_epigenome_changes
PRJNA273932,SRR1783189,Leaf,EUE,Drought,Selection_higher_energy_efficiency_and_drought_tolerance_in_canola_results_in_distinct_transcriptome_and_epigenome_changes
PRJNA273932,SRR1783190,Leaf,EUE,Drought,Selection_higher_energy_efficiency_and_drought_tolerance_in_canola_results_in_distinct_transcriptome_and_epigenome_changes
PRJNA273932,SRR1783191,Leaf,EUE,Drought,Selection_higher_energy_efficiency_and_drought_tolerance_in_canola_results_in_distinct_transcriptome_and_epigenome_changes
PRJNA307145,SRR3062290,Leaf,Low_Temperature,Low_temperature,Identification_of_Brassica_napus_transcripts_under_low_temperature_stress
PRJNA307145,SRR3062291,Leaf,Low_Temperature,Low_temperature,Identification_of_Brassica_napus_transcripts_under_low_temperature_stress
PRJNA307145,SRR3062292,Leaf,Low_Temperature,Low_temperature,Identification_of_Brassica_napus_transcripts_under_low_temperature_stress
PRJNA307145,SRR3062293,Leaf,Low_Temperature,Low_temperature,Identification_of_Brassica_napus_transcripts_under_low_temperature_stress
PRJNA389508,SRR5715232,whole_plant,Normal,ABA___Salt___PEG___Cold___Heat,Transcriptome_of_diiferent_abiotic_stress_in_Brassica_napus_L
PRJNA389508,SRR5715233,whole_plant,Normal,ABA___Salt___PEG___Cold___Heat,Transcriptome_of_diiferent_abiotic_stress_in_Brassica_napus_L
PRJNA389508,SRR5715234,whole_plant,Normal,ABA___Salt___PEG___Cold___Heat,Transcriptome_of_diiferent_abiotic_stress_in_Brassica_napus_L
PRJNA389508,SRR5715235,whole_plant,Normal,ABA___Salt___PEG___Cold___Heat,Transcriptome_of_diiferent_abiotic_stress_in_Brassica_napus_L
PRJNA389508,SRR5715236,whole_plant,Normal,ABA___Salt___PEG___Cold___Heat,Transcriptome_of_diiferent_abiotic_stress_in_Brassica_napus_L
PRJNA389508,SRR5715247,whole_plant,Normal,ABA___Salt___PEG___Cold___Heat,Transcriptome_of_diiferent_abiotic_stress_in_Brassica_napus_L
PRJNA389508,SRR5715222,whole_plant,ABA___30_um,ABA___Salt___PEG___Cold___Heat,Transcriptome_of_diiferent_abiotic_stress_in_Brassica_napus_L
PRJNA389508,SRR5715223,whole_plant,ABA___30_um,ABA___Salt___PEG___Cold___Heat,Transcriptome_of_diiferent_abiotic_stress_in_Brassica_napus_L
PRJNA389508,SRR5715224,whole_plant,ABA___30_um,ABA___Salt___PEG___Cold___Heat,Transcriptome_of_diiferent_abiotic_stress_in_Brassica_napus_L
PRJNA389508,SRR5715225,whole_plant,ABA___30_um,ABA___Salt___PEG___Cold___Heat,Transcriptome_of_diiferent_abiotic_stress_in_Brassica_napus_L
PRJNA389508,SRR5715245,whole_plant,ABA___30_um,ABA___Salt___PEG___Cold___Heat,Transcriptome_of_diiferent_abiotic_stress_in_Brassica_napus_L
PRJNA389508,SRR5715246,whole_plant,ABA___30_um,ABA___Salt___PEG___Cold___Heat,Transcriptome_of_diiferent_abiotic_stress_in_Brassica_napus_L
PRJNA389508,SRR5715226,whole_plant,Nacl___150_mM,ABA___Salt___PEG___Cold___Heat,Transcriptome_of_diiferent_abiotic_stress_in_Brassica_napus_L
PRJNA389508,SRR5715227,whole_plant,Nacl___150_mM,ABA___Salt___PEG___Cold___Heat,Transcriptome_of_diiferent_abiotic_stress_in_Brassica_napus_L
PRJNA389508,SRR5715228,whole_plant,Nacl___150_mM,ABA___Salt___PEG___Cold___Heat,Transcriptome_of_diiferent_abiotic_stress_in_Brassica_napus_L
PRJNA389508,SRR5715229,whole_plant,Nacl___150_mM,ABA___Salt___PEG___Cold___Heat,Transcriptome_of_diiferent_abiotic_stress_in_Brassica_napus_L
PRJNA389508,SRR5715230,whole_plant,Nacl___150_mM,ABA___Salt___PEG___Cold___Heat,Transcriptome_of_diiferent_abiotic_stress_in_Brassica_napus_L
PRJNA389508,SRR5715231,whole_plant,Nacl___150_mM,ABA___Salt___PEG___Cold___Heat,Transcriptome_of_diiferent_abiotic_stress_in_Brassica_napus_L
PRJNA389508,SRR5715237,whole_plant,PEG___0.15,ABA___Salt___PEG___Cold___Heat,Transcriptome_of_diiferent_abiotic_stress_in_Brassica_napus_L
PRJNA389508,SRR5715238,whole_plant,PEG___0.15,ABA___Salt___PEG___Cold___Heat,Transcriptome_of_diiferent_abiotic_stress_in_Brassica_napus_L
PRJNA389508,SRR5715239,whole_plant,PEG___0.15,ABA___Salt___PEG___Cold___Heat,Transcriptome_of_diiferent_abiotic_stress_in_Brassica_napus_L
PRJNA389508,SRR5715240,whole_plant,PEG___0.15,ABA___Salt___PEG___Cold___Heat,Transcriptome_of_diiferent_abiotic_stress_in_Brassica_napus_L
PRJNA389508,SRR5715243,whole_plant,PEG___0.15,ABA___Salt___PEG___Cold___Heat,Transcriptome_of_diiferent_abiotic_stress_in_Brassica_napus_L
PRJNA389508,SRR5715244,whole_plant,PEG___0.15,ABA___Salt___PEG___Cold___Heat,Transcriptome_of_diiferent_abiotic_stress_in_Brassica_napus_L
PRJNA389508,SRR5715248,whole_plant,4℃,ABA___Salt___PEG___Cold___Heat,Transcriptome_of_diiferent_abiotic_stress_in_Brassica_napus_L
PRJNA389508,SRR5715249,whole_plant,4℃,ABA___Salt___PEG___Cold___Heat,Transcriptome_of_diiferent_abiotic_stress_in_Brassica_napus_L
PRJNA389508,SRR5715250,whole_plant,4℃,ABA___Salt___PEG___Cold___Heat,Transcriptome_of_diiferent_abiotic_stress_in_Brassica_napus_L
PRJNA389508,SRR5715251,whole_plant,4℃,ABA___Salt___PEG___Cold___Heat,Transcriptome_of_diiferent_abiotic_stress_in_Brassica_napus_L
PRJNA389508,SRR5715252,whole_plant,4℃,ABA___Salt___PEG___Cold___Heat,Transcriptome_of_diiferent_abiotic_stress_in_Brassica_napus_L
PRJNA389508,SRR5715253,whole_plant,4℃,ABA___Salt___PEG___Cold___Heat,Transcriptome_of_diiferent_abiotic_stress_in_Brassica_napus_L
PRJNA389508,SRR5715241,whole_plant,40℃,ABA___Salt___PEG___Cold___Heat,Transcriptome_of_diiferent_abiotic_stress_in_Brassica_napus_L
PRJNA389508,SRR5715242,whole_plant,40℃,ABA___Salt___PEG___Cold___Heat,Transcriptome_of_diiferent_abiotic_stress_in_Brassica_napus_L
PRJNA389508,SRR5715254,whole_plant,40℃,ABA___Salt___PEG___Cold___Heat,Transcriptome_of_diiferent_abiotic_stress_in_Brassica_napus_L
PRJNA389508,SRR5715255,whole_plant,40℃,ABA___Salt___PEG___Cold___Heat,Transcriptome_of_diiferent_abiotic_stress_in_Brassica_napus_L
PRJNA389508,SRR5715256,whole_plant,40℃,ABA___Salt___PEG___Cold___Heat,Transcriptome_of_diiferent_abiotic_stress_in_Brassica_napus_L
PRJNA389508,SRR5715257,whole_plant,40℃,ABA___Salt___PEG___Cold___Heat,Transcriptome_of_diiferent_abiotic_stress_in_Brassica_napus_L
PRJNA391558,SRR5802441,flower,Normal___1_DAI,Low_temperature___Day,Comparative_transcriptomic_analysis_for_fast_and_slow_germination_speed_of_rapeseed_(Brassica_napus_L.)_in_response_to_low_temperature
PRJNA391558,SRR5802442,flower,Normal___1_DAI,Low_temperature___Day,Comparative_transcriptomic_analysis_for_fast_and_slow_germination_speed_of_rapeseed_(Brassica_napus_L.)_in_response_to_low_temperature
PRJNA391558,SRR5802443,flower,Normal___1_DAI,Low_temperature___Day,Comparative_transcriptomic_analysis_for_fast_and_slow_germination_speed_of_rapeseed_(Brassica_napus_L.)_in_response_to_low_temperature
PRJNA391558,SRR5802456,flower,Normal___1_DAI,Low_temperature___Day,Comparative_transcriptomic_analysis_for_fast_and_slow_germination_speed_of_rapeseed_(Brassica_napus_L.)_in_response_to_low_temperature
PRJNA391558,SRR5802461,flower,Normal___1_DAI,Low_temperature___Day,Comparative_transcriptomic_analysis_for_fast_and_slow_germination_speed_of_rapeseed_(Brassica_napus_L.)_in_response_to_low_temperature
PRJNA391558,SRR5802462,flower,Normal___1_DAI,Low_temperature___Day,Comparative_transcriptomic_analysis_for_fast_and_slow_germination_speed_of_rapeseed_(Brassica_napus_L.)_in_response_to_low_temperature
PRJNA391558,SRR5802427,flower,Low_Temperature___1_DAI,Low_temperature___Day,Comparative_transcriptomic_analysis_for_fast_and_slow_germination_speed_of_rapeseed_(Brassica_napus_L.)_in_response_to_low_temperature
PRJNA391558,SRR5802428,flower,Low_Temperature___1_DAI,Low_temperature___Day,Comparative_transcriptomic_analysis_for_fast_and_slow_germination_speed_of_rapeseed_(Brassica_napus_L.)_in_response_to_low_temperature
PRJNA391558,SRR5802444,flower,Low_Temperature___1_DAI,Low_temperature___Day,Comparative_transcriptomic_analysis_for_fast_and_slow_germination_speed_of_rapeseed_(Brassica_napus_L.)_in_response_to_low_temperature
PRJNA391558,SRR5802455,flower,Low_Temperature___1_DAI,Low_temperature___Day,Comparative_transcriptomic_analysis_for_fast_and_slow_germination_speed_of_rapeseed_(Brassica_napus_L.)_in_response_to_low_temperature
PRJNA391558,SRR5802457,flower,Low_Temperature___1_DAI,Low_temperature___Day,Comparative_transcriptomic_analysis_for_fast_and_slow_germination_speed_of_rapeseed_(Brassica_napus_L.)_in_response_to_low_temperature
PRJNA391558,SRR5802458,flower,Low_Temperature___1_DAI,Low_temperature___Day,Comparative_transcriptomic_analysis_for_fast_and_slow_germination_speed_of_rapeseed_(Brassica_napus_L.)_in_response_to_low_temperature
PRJNA391558,SRR5802431,flower,Normal___2_DAI,Low_temperature___Day,Comparative_transcriptomic_analysis_for_fast_and_slow_germination_speed_of_rapeseed_(Brassica_napus_L.)_in_response_to_low_temperature
PRJNA391558,SRR5802432,flower,Normal___2_DAI,Low_temperature___Day,Comparative_transcriptomic_analysis_for_fast_and_slow_germination_speed_of_rapeseed_(Brassica_napus_L.)_in_response_to_low_temperature
PRJNA391558,SRR5802454,flower,Normal___2_DAI,Low_temperature___Day,Comparative_transcriptomic_analysis_for_fast_and_slow_germination_speed_of_rapeseed_(Brassica_napus_L.)_in_response_to_low_temperature
PRJNA391558,SRR5802439,flower,Low_Temperature___2_DAI,Low_temperature___Day,Comparative_transcriptomic_analysis_for_fast_and_slow_germination_speed_of_rapeseed_(Brassica_napus_L.)_in_response_to_low_temperature
PRJNA391558,SRR5802459,flower,Low_Temperature___2_DAI,Low_temperature___Day,Comparative_transcriptomic_analysis_for_fast_and_slow_germination_speed_of_rapeseed_(Brassica_napus_L.)_in_response_to_low_temperature
PRJNA391558,SRR5802460,flower,Low_Temperature___2_DAI,Low_temperature___Day,Comparative_transcriptomic_analysis_for_fast_and_slow_germination_speed_of_rapeseed_(Brassica_napus_L.)_in_response_to_low_temperature
PRJNA391558,SRR5802433,flower,Normal___3_DAI,Low_temperature___Day,Comparative_transcriptomic_analysis_for_fast_and_slow_germination_speed_of_rapeseed_(Brassica_napus_L.)_in_response_to_low_temperature
PRJNA391558,SRR5802434,flower,Normal___3_DAI,Low_temperature___Day,Comparative_transcriptomic_analysis_for_fast_and_slow_germination_speed_of_rapeseed_(Brassica_napus_L.)_in_response_to_low_temperature
PRJNA391558,SRR5802436,flower,Normal___3_DAI,Low_temperature___Day,Comparative_transcriptomic_analysis_for_fast_and_slow_germination_speed_of_rapeseed_(Brassica_napus_L.)_in_response_to_low_temperature
PRJNA391558,SRR5802445,flower,Normal___3_DAI,Low_temperature___Day,Comparative_transcriptomic_analysis_for_fast_and_slow_germination_speed_of_rapeseed_(Brassica_napus_L.)_in_response_to_low_temperature
PRJNA391558,SRR5802450,flower,Normal___3_DAI,Low_temperature___Day,Comparative_transcriptomic_analysis_for_fast_and_slow_germination_speed_of_rapeseed_(Brassica_napus_L.)_in_response_to_low_temperature
PRJNA391558,SRR5802451,flower,Normal___3_DAI,Low_temperature___Day,Comparative_transcriptomic_analysis_for_fast_and_slow_germination_speed_of_rapeseed_(Brassica_napus_L.)_in_response_to_low_temperature
PRJNA391558,SRR5802429,flower,Low_Temperature___3_DAI,Low_temperature___Day,Comparative_transcriptomic_analysis_for_fast_and_slow_germination_speed_of_rapeseed_(Brassica_napus_L.)_in_response_to_low_temperature
PRJNA391558,SRR5802430,flower,Low_Temperature___3_DAI,Low_temperature___Day,Comparative_transcriptomic_analysis_for_fast_and_slow_germination_speed_of_rapeseed_(Brassica_napus_L.)_in_response_to_low_temperature
PRJNA391558,SRR5802435,flower,Low_Temperature___3_DAI,Low_temperature___Day,Comparative_transcriptomic_analysis_for_fast_and_slow_germination_speed_of_rapeseed_(Brassica_napus_L.)_in_response_to_low_temperature
PRJNA391558,SRR5802446,flower,Low_Temperature___3_DAI,Low_temperature___Day,Comparative_transcriptomic_analysis_for_fast_and_slow_germination_speed_of_rapeseed_(Brassica_napus_L.)_in_response_to_low_temperature
PRJNA391558,SRR5802447,flower,Low_Temperature___3_DAI,Low_temperature___Day,Comparative_transcriptomic_analysis_for_fast_and_slow_germination_speed_of_rapeseed_(Brassica_napus_L.)_in_response_to_low_temperature
PRJNA391558,SRR5802448,flower,Low_Temperature___3_DAI,Low_temperature___Day,Comparative_transcriptomic_analysis_for_fast_and_slow_germination_speed_of_rapeseed_(Brassica_napus_L.)_in_response_to_low_temperature
PRJNA391558,SRR5802437,flower,Normal___5_DAI,Low_temperature___Day,Comparative_transcriptomic_analysis_for_fast_and_slow_germination_speed_of_rapeseed_(Brassica_napus_L.)_in_response_to_low_temperature
PRJNA391558,SRR5802438,flower,Normal___5_DAI,Low_temperature___Day,Comparative_transcriptomic_analysis_for_fast_and_slow_germination_speed_of_rapeseed_(Brassica_napus_L.)_in_response_to_low_temperature
PRJNA391558,SRR5802452,flower,Normal___5_DAI,Low_temperature___Day,Comparative_transcriptomic_analysis_for_fast_and_slow_germination_speed_of_rapeseed_(Brassica_napus_L.)_in_response_to_low_temperature
PRJNA391558,SRR5802440,flower,Low_Temperature___5_DAI,Low_temperature___Day,Comparative_transcriptomic_analysis_for_fast_and_slow_germination_speed_of_rapeseed_(Brassica_napus_L.)_in_response_to_low_temperature
PRJNA391558,SRR5802449,flower,Low_Temperature___5_DAI,Low_temperature___Day,Comparative_transcriptomic_analysis_for_fast_and_slow_germination_speed_of_rapeseed_(Brassica_napus_L.)_in_response_to_low_temperature
PRJNA391558,SRR5802453,flower,Low_Temperature___5_DAI,Low_temperature___Day,Comparative_transcriptomic_analysis_for_fast_and_slow_germination_speed_of_rapeseed_(Brassica_napus_L.)_in_response_to_low_temperature
PRJNA488314,SRR7764350,Leaf,Normal,Cold___Drought___Heat,A_transcriptomic_survey_to_analyze_the_expression_and_alternative_splicing_in_an_allopolyploid_under_different_abiotic_stresses_(drought,_cold,_Heat,_and_control)
PRJNA488314,SRR7764351,Leaf,Normal,Cold___Drought___Heat,A_transcriptomic_survey_to_analyze_the_expression_and_alternative_splicing_in_an_allopolyploid_under_different_abiotic_stresses_(drought,_cold,_Heat,_and_control)
PRJNA488314,SRR7764352,Leaf,Normal,Cold___Drought___Heat,A_transcriptomic_survey_to_analyze_the_expression_and_alternative_splicing_in_an_allopolyploid_under_different_abiotic_stresses_(drought,_cold,_Heat,_and_control)
PRJNA488314,SRR7764354,Leaf,Cold,Cold___Drought___Heat,A_transcriptomic_survey_to_analyze_the_expression_and_alternative_splicing_in_an_allopolyploid_under_different_abiotic_stresses_(drought,_cold,_Heat,_and_control)
PRJNA488314,SRR7764358,Leaf,Cold,Cold___Drought___Heat,A_transcriptomic_survey_to_analyze_the_expression_and_alternative_splicing_in_an_allopolyploid_under_different_abiotic_stresses_(drought,_cold,_Heat,_and_control)
PRJNA488314,SRR7764349,Leaf,Drought,Cold___Drought___Heat,A_transcriptomic_survey_to_analyze_the_expression_and_alternative_splicing_in_an_allopolyploid_under_different_abiotic_stresses_(drought,_cold,_Heat,_and_control)
PRJNA488314,SRR7764355,Leaf,Drought,Cold___Drought___Heat,A_transcriptomic_survey_to_analyze_the_expression_and_alternative_splicing_in_an_allopolyploid_under_different_abiotic_stresses_(drought,_cold,_Heat,_and_control)
PRJNA488314,SRR7764356,Leaf,Drought,Cold___Drought___Heat,A_transcriptomic_survey_to_analyze_the_expression_and_alternative_splicing_in_an_allopolyploid_under_different_abiotic_stresses_(drought,_cold,_Heat,_and_control)
PRJNA488314,SRR7764357,Leaf,Heat,Cold___Drought___Heat,A_transcriptomic_survey_to_analyze_the_expression_and_alternative_splicing_in_an_allopolyploid_under_different_abiotic_stresses_(drought,_cold,_Heat,_and_control)
PRJNA488314,SRR7764359,Leaf,Heat,Cold___Drought___Heat,A_transcriptomic_survey_to_analyze_the_expression_and_alternative_splicing_in_an_allopolyploid_under_different_abiotic_stresses_(drought,_cold,_Heat,_and_control)
PRJNA488314,SRR7764360,Leaf,Heat,Cold___Drought___Heat,A_transcriptomic_survey_to_analyze_the_expression_and_alternative_splicing_in_an_allopolyploid_under_different_abiotic_stresses_(drought,_cold,_Heat,_and_control)
PRJNA562064,SRR10019853,Leaf,Normal___2℃___C18,Low_temperature_(_2_to_2℃),Transcriptome_Analysis_of_Rapeseed_(Brassica_napus_L.)_in_Response_to_Chilling_And_Freezing_Stress
PRJNA562064,SRR10019855,Leaf,Normal___2℃___C18,Low_temperature_(_2_to_2℃),Transcriptome_Analysis_of_Rapeseed_(Brassica_napus_L.)_in_Response_to_Chilling_And_Freezing_Stress
PRJNA562064,SRR10019856,Leaf,Normal___2℃___C18,Low_temperature_(_2_to_2℃),Transcriptome_Analysis_of_Rapeseed_(Brassica_napus_L.)_in_Response_to_Chilling_And_Freezing_Stress
PRJNA562064,SRR10019831,Leaf,Normal___0℃___C18,Low_temperature_(_2_to_2℃),Transcriptome_Analysis_of_Rapeseed_(Brassica_napus_L.)_in_Response_to_Chilling_And_Freezing_Stress
PRJNA562064,SRR10019832,Leaf,Normal___0℃___C18,Low_temperature_(_2_to_2℃),Transcriptome_Analysis_of_Rapeseed_(Brassica_napus_L.)_in_Response_to_Chilling_And_Freezing_Stress
PRJNA562064,SRR10019833,Leaf,Normal___0℃___C18,Low_temperature_(_2_to_2℃),Transcriptome_Analysis_of_Rapeseed_(Brassica_napus_L.)_in_Response_to_Chilling_And_Freezing_Stress
PRJNA562064,SRR10019834,Leaf,Normal____2℃___C18,Low_temperature_(_2_to_2℃),Transcriptome_Analysis_of_Rapeseed_(Brassica_napus_L.)_in_Response_to_Chilling_And_Freezing_Stress
PRJNA562064,SRR10019835,Leaf,Normal____2℃___C18,Low_temperature_(_2_to_2℃),Transcriptome_Analysis_of_Rapeseed_(Brassica_napus_L.)_in_Response_to_Chilling_And_Freezing_Stress
PRJNA562064,SRR10019836,Leaf,Normal____2℃___C18,Low_temperature_(_2_to_2℃),Transcriptome_Analysis_of_Rapeseed_(Brassica_napus_L.)_in_Response_to_Chilling_And_Freezing_Stress
PRJNA562064,SRR10019854,Leaf,2℃___C18,Low_temperature_(_2_to_2℃),Transcriptome_Analysis_of_Rapeseed_(Brassica_napus_L.)_in_Response_to_Chilling_And_Freezing_Stress
PRJNA562064,SRR10019862,Leaf,2℃___C18,Low_temperature_(_2_to_2℃),Transcriptome_Analysis_of_Rapeseed_(Brassica_napus_L.)_in_Response_to_Chilling_And_Freezing_Stress
PRJNA562064,SRR10019863,Leaf,2℃___C18,Low_temperature_(_2_to_2℃),Transcriptome_Analysis_of_Rapeseed_(Brassica_napus_L.)_in_Response_to_Chilling_And_Freezing_Stress
PRJNA562064,SRR10019840,Leaf,0℃___C18,Low_temperature_(_2_to_2℃),Transcriptome_Analysis_of_Rapeseed_(Brassica_napus_L.)_in_Response_to_Chilling_And_Freezing_Stress
PRJNA562064,SRR10019851,Leaf,0℃___C18,Low_temperature_(_2_to_2℃),Transcriptome_Analysis_of_Rapeseed_(Brassica_napus_L.)_in_Response_to_Chilling_And_Freezing_Stress
PRJNA562064,SRR10019852,Leaf,0℃___C18,Low_temperature_(_2_to_2℃),Transcriptome_Analysis_of_Rapeseed_(Brassica_napus_L.)_in_Response_to_Chilling_And_Freezing_Stress
PRJNA562064,SRR10019848,Leaf,_2℃___C18,Low_temperature_(_2_to_2℃),Transcriptome_Analysis_of_Rapeseed_(Brassica_napus_L.)_in_Response_to_Chilling_And_Freezing_Stress
PRJNA562064,SRR10019849,Leaf,_2℃___C18,Low_temperature_(_2_to_2℃),Transcriptome_Analysis_of_Rapeseed_(Brassica_napus_L.)_in_Response_to_Chilling_And_Freezing_Stress
PRJNA562064,SRR10019850,Leaf,_2℃___C18,Low_temperature_(_2_to_2℃),Transcriptome_Analysis_of_Rapeseed_(Brassica_napus_L.)_in_Response_to_Chilling_And_Freezing_Stress
PRJNA562064,SRR10019837,Leaf,Normal___2℃___C20,Low_temperature_(_2_to_2℃),Transcriptome_Analysis_of_Rapeseed_(Brassica_napus_L.)_in_Response_to_Chilling_And_Freezing_Stress
PRJNA562064,SRR10019838,Leaf,Normal___2℃___C20,Low_temperature_(_2_to_2℃),Transcriptome_Analysis_of_Rapeseed_(Brassica_napus_L.)_in_Response_to_Chilling_And_Freezing_Stress
PRJNA562064,SRR10019839,Leaf,Normal___2℃___C20,Low_temperature_(_2_to_2℃),Transcriptome_Analysis_of_Rapeseed_(Brassica_napus_L.)_in_Response_to_Chilling_And_Freezing_Stress
PRJNA562064,SRR10019841,Leaf,Normal___0℃___C20,Low_temperature_(_2_to_2℃),Transcriptome_Analysis_of_Rapeseed_(Brassica_napus_L.)_in_Response_to_Chilling_And_Freezing_Stress
PRJNA562064,SRR10019842,Leaf,Normal___0℃___C20,Low_temperature_(_2_to_2℃),Transcriptome_Analysis_of_Rapeseed_(Brassica_napus_L.)_in_Response_to_Chilling_And_Freezing_Stress
PRJNA562064,SRR10019843,Leaf,Normal___0℃___C20,Low_temperature_(_2_to_2℃),Transcriptome_Analysis_of_Rapeseed_(Brassica_napus_L.)_in_Response_to_Chilling_And_Freezing_Stress
PRJNA562064,SRR10019844,Leaf,Normal____2℃___C20,Low_temperature_(_2_to_2℃),Transcriptome_Analysis_of_Rapeseed_(Brassica_napus_L.)_in_Response_to_Chilling_And_Freezing_Stress
PRJNA562064,SRR10019845,Leaf,Normal____2℃___C20,Low_temperature_(_2_to_2℃),Transcriptome_Analysis_of_Rapeseed_(Brassica_napus_L.)_in_Response_to_Chilling_And_Freezing_Stress
PRJNA562064,SRR10019846,Leaf,Normal____2℃___C20,Low_temperature_(_2_to_2℃),Transcriptome_Analysis_of_Rapeseed_(Brassica_napus_L.)_in_Response_to_Chilling_And_Freezing_Stress
PRJNA562064,SRR10019847,Leaf,2℃___C20,Low_temperature_(_2_to_2℃),Transcriptome_Analysis_of_Rapeseed_(Brassica_napus_L.)_in_Response_to_Chilling_And_Freezing_Stress
PRJNA562064,SRR10019860,Leaf,2℃___C20,Low_temperature_(_2_to_2℃),Transcriptome_Analysis_of_Rapeseed_(Brassica_napus_L.)_in_Response_to_Chilling_And_Freezing_Stress
PRJNA562064,SRR10019861,Leaf,2℃___C20,Low_temperature_(_2_to_2℃),Transcriptome_Analysis_of_Rapeseed_(Brassica_napus_L.)_in_Response_to_Chilling_And_Freezing_Stress
PRJNA562064,SRR10019828,Leaf,0℃___C20,Low_temperature_(_2_to_2℃),Transcriptome_Analysis_of_Rapeseed_(Brassica_napus_L.)_in_Response_to_Chilling_And_Freezing_Stress
PRJNA562064,SRR10019858,Leaf,0℃___C20,Low_temperature_(_2_to_2℃),Transcriptome_Analysis_of_Rapeseed_(Brassica_napus_L.)_in_Response_to_Chilling_And_Freezing_Stress
PRJNA562064,SRR10019859,Leaf,0℃___C20,Low_temperature_(_2_to_2℃),Transcriptome_Analysis_of_Rapeseed_(Brassica_napus_L.)_in_Response_to_Chilling_And_Freezing_Stress
PRJNA562064,SRR10019829,Leaf,_2℃___C20,Low_temperature_(_2_to_2℃),Transcriptome_Analysis_of_Rapeseed_(Brassica_napus_L.)_in_Response_to_Chilling_And_Freezing_Stress
PRJNA562064,SRR10019830,Leaf,_2℃___C20,Low_temperature_(_2_to_2℃),Transcriptome_Analysis_of_Rapeseed_(Brassica_napus_L.)_in_Response_to_Chilling_And_Freezing_Stress
PRJNA562064,SRR10019857,Leaf,_2℃___C20,Low_temperature_(_2_to_2℃),Transcriptome_Analysis_of_Rapeseed_(Brassica_napus_L.)_in_Response_to_Chilling_And_Freezing_Stress
PRJNA592031,SRR10538997,Leaf,J0L,Cadmium___Cultivars___Tissue_,In_this_study,_using_two_types_of_oilseed_rape_cultivars_(ZS11_and_Purple_Leaf_Mustard:_B._juncea),_a_comparative_transcriptome_analysis_was_performed_to_investigate_the_transcriptional_differences_between_different_Cd_treatment_(0,_10,_30)_and_the_genetic_basis_of_leaf_and_root_for_the_different_Cd_accumulation_between_two_genotypes_.
PRJNA592031,SRR10538996,Leaf,J0L,Cadmium___Cultivars___Tissue_,In_this_study,_using_two_types_of_oilseed_rape_cultivars_(ZS11_and_Purple_Leaf_Mustard:_B._juncea),_a_comparative_transcriptome_analysis_was_performed_to_investigate_the_transcriptional_differences_between_different_Cd_treatment_(0,_10,_30)_and_the_genetic_basis_of_leaf_and_root_for_the_different_Cd_accumulation_between_two_genotypes_.
PRJNA592031,SRR10538994,Leaf,J0L,Cadmium___Cultivars___Tissue_,In_this_study,_using_two_types_of_oilseed_rape_cultivars_(ZS11_and_Purple_Leaf_Mustard:_B._juncea),_a_comparative_transcriptome_analysis_was_performed_to_investigate_the_transcriptional_differences_between_different_Cd_treatment_(0,_10,_30)_and_the_genetic_basis_of_leaf_and_root_for_the_different_Cd_accumulation_between_two_genotypes_.
PRJNA592031,SRR10538987,Roots,J0R,Cadmium___Cultivars___Tissue_,In_this_study,_using_two_types_of_oilseed_rape_cultivars_(ZS11_and_Purple_Leaf_Mustard:_B._juncea),_a_comparative_transcriptome_analysis_was_performed_to_investigate_the_transcriptional_differences_between_different_Cd_treatment_(0,_10,_30)_and_the_genetic_basis_of_leaf_and_root_for_the_different_Cd_accumulation_between_two_genotypes_.
PRJNA592031,SRR10538986,Roots,J0R,Cadmium___Cultivars___Tissue_,In_this_study,_using_two_types_of_oilseed_rape_cultivars_(ZS11_and_Purple_Leaf_Mustard:_B._juncea),_a_comparative_transcriptome_analysis_was_performed_to_investigate_the_transcriptional_differences_between_different_Cd_treatment_(0,_10,_30)_and_the_genetic_basis_of_leaf_and_root_for_the_different_Cd_accumulation_between_two_genotypes_.
PRJNA592031,SRR10538985,Roots,J0R,Cadmium___Cultivars___Tissue_,In_this_study,_using_two_types_of_oilseed_rape_cultivars_(ZS11_and_Purple_Leaf_Mustard:_B._juncea),_a_comparative_transcriptome_analysis_was_performed_to_investigate_the_transcriptional_differences_between_different_Cd_treatment_(0,_10,_30)_and_the_genetic_basis_of_leaf_and_root_for_the_different_Cd_accumulation_between_two_genotypes_.
PRJNA592031,SRR10538993,Leaf,J10L,Cadmium___Cultivars___Tissue_,In_this_study,_using_two_types_of_oilseed_rape_cultivars_(ZS11_and_Purple_Leaf_Mustard:_B._juncea),_a_comparative_transcriptome_analysis_was_performed_to_investigate_the_transcriptional_differences_between_different_Cd_treatment_(0,_10,_30)_and_the_genetic_basis_of_leaf_and_root_for_the_different_Cd_accumulation_between_two_genotypes_.
PRJNA592031,SRR10538992,Leaf,J10L,Cadmium___Cultivars___Tissue_,In_this_study,_using_two_types_of_oilseed_rape_cultivars_(ZS11_and_Purple_Leaf_Mustard:_B._juncea),_a_comparative_transcriptome_analysis_was_performed_to_investigate_the_transcriptional_differences_between_different_Cd_treatment_(0,_10,_30)_and_the_genetic_basis_of_leaf_and_root_for_the_different_Cd_accumulation_between_two_genotypes_.
PRJNA592031,SRR10538991,Leaf,J10L,Cadmium___Cultivars___Tissue_,In_this_study,_using_two_types_of_oilseed_rape_cultivars_(ZS11_and_Purple_Leaf_Mustard:_B._juncea),_a_comparative_transcriptome_analysis_was_performed_to_investigate_the_transcriptional_differences_between_different_Cd_treatment_(0,_10,_30)_and_the_genetic_basis_of_leaf_and_root_for_the_different_Cd_accumulation_between_two_genotypes_.
PRJNA592031,SRR10538983,Roots,J10R,Cadmium___Cultivars___Tissue_,In_this_study,_using_two_types_of_oilseed_rape_cultivars_(ZS11_and_Purple_Leaf_Mustard:_B._juncea),_a_comparative_transcriptome_analysis_was_performed_to_investigate_the_transcriptional_differences_between_different_Cd_treatment_(0,_10,_30)_and_the_genetic_basis_of_leaf_and_root_for_the_different_Cd_accumulation_between_two_genotypes_.
PRJNA592031,SRR10538982,Roots,J10R,Cadmium___Cultivars___Tissue_,In_this_study,_using_two_types_of_oilseed_rape_cultivars_(ZS11_and_Purple_Leaf_Mustard:_B._juncea),_a_comparative_transcriptome_analysis_was_performed_to_investigate_the_transcriptional_differences_between_different_Cd_treatment_(0,_10,_30)_and_the_genetic_basis_of_leaf_and_root_for_the_different_Cd_accumulation_between_two_genotypes_.
PRJNA592031,SRR10538981,Roots,J10R,Cadmium___Cultivars___Tissue_,In_this_study,_using_two_types_of_oilseed_rape_cultivars_(ZS11_and_Purple_Leaf_Mustard:_B._juncea),_a_comparative_transcriptome_analysis_was_performed_to_investigate_the_transcriptional_differences_between_different_Cd_treatment_(0,_10,_30)_and_the_genetic_basis_of_leaf_and_root_for_the_different_Cd_accumulation_between_two_genotypes_.
PRJNA592031,SRR10538990,Leaf,J30L,Cadmium___Cultivars___Tissue_,In_this_study,_using_two_types_of_oilseed_rape_cultivars_(ZS11_and_Purple_Leaf_Mustard:_B._juncea),_a_comparative_transcriptome_analysis_was_performed_to_investigate_the_transcriptional_differences_between_different_Cd_treatment_(0,_10,_30)_and_the_genetic_basis_of_leaf_and_root_for_the_different_Cd_accumulation_between_two_genotypes_.
PRJNA592031,SRR10538989,Leaf,J30L,Cadmium___Cultivars___Tissue_,In_this_study,_using_two_types_of_oilseed_rape_cultivars_(ZS11_and_Purple_Leaf_Mustard:_B._juncea),_a_comparative_transcriptome_analysis_was_performed_to_investigate_the_transcriptional_differences_between_different_Cd_treatment_(0,_10,_30)_and_the_genetic_basis_of_leaf_and_root_for_the_different_Cd_accumulation_between_two_genotypes_.
PRJNA592031,SRR10538988,Leaf,J30L,Cadmium___Cultivars___Tissue_,In_this_study,_using_two_types_of_oilseed_rape_cultivars_(ZS11_and_Purple_Leaf_Mustard:_B._juncea),_a_comparative_transcriptome_analysis_was_performed_to_investigate_the_transcriptional_differences_between_different_Cd_treatment_(0,_10,_30)_and_the_genetic_basis_of_leaf_and_root_for_the_different_Cd_accumulation_between_two_genotypes_.
PRJNA592031,SRR10538980,Roots,J30R,Cadmium___Cultivars___Tissue_,In_this_study,_using_two_types_of_oilseed_rape_cultivars_(ZS11_and_Purple_Leaf_Mustard:_B._juncea),_a_comparative_transcriptome_analysis_was_performed_to_investigate_the_transcriptional_differences_between_different_Cd_treatment_(0,_10,_30)_and_the_genetic_basis_of_leaf_and_root_for_the_different_Cd_accumulation_between_two_genotypes_.
PRJNA592031,SRR10538979,Roots,J30R,Cadmium___Cultivars___Tissue_,In_this_study,_using_two_types_of_oilseed_rape_cultivars_(ZS11_and_Purple_Leaf_Mustard:_B._juncea),_a_comparative_transcriptome_analysis_was_performed_to_investigate_the_transcriptional_differences_between_different_Cd_treatment_(0,_10,_30)_and_the_genetic_basis_of_leaf_and_root_for_the_different_Cd_accumulation_between_two_genotypes_.
PRJNA592031,SRR10538978,Roots,J30R,Cadmium___Cultivars___Tissue_,In_this_study,_using_two_types_of_oilseed_rape_cultivars_(ZS11_and_Purple_Leaf_Mustard:_B._juncea),_a_comparative_transcriptome_analysis_was_performed_to_investigate_the_transcriptional_differences_between_different_Cd_treatment_(0,_10,_30)_and_the_genetic_basis_of_leaf_and_root_for_the_different_Cd_accumulation_between_two_genotypes_.
PRJNA592031,SRR10539007,Leaf,N0L,Cadmium___Cultivars___Tissue_,In_this_study,_using_two_types_of_oilseed_rape_cultivars_(ZS11_and_Purple_Leaf_Mustard:_B._juncea),_a_comparative_transcriptome_analysis_was_performed_to_investigate_the_transcriptional_differences_between_different_Cd_treatment_(0,_10,_30)_and_the_genetic_basis_of_leaf_and_root_for_the_different_Cd_accumulation_between_two_genotypes_.
PRJNA592031,SRR10539006,Leaf,N0L,Cadmium___Cultivars___Tissue_,In_this_study,_using_two_types_of_oilseed_rape_cultivars_(ZS11_and_Purple_Leaf_Mustard:_B._juncea),_a_comparative_transcriptome_analysis_was_performed_to_investigate_the_transcriptional_differences_between_different_Cd_treatment_(0,_10,_30)_and_the_genetic_basis_of_leaf_and_root_for_the_different_Cd_accumulation_between_two_genotypes_.
PRJNA592031,SRR10538995,Leaf,N0L,Cadmium___Cultivars___Tissue_,In_this_study,_using_two_types_of_oilseed_rape_cultivars_(ZS11_and_Purple_Leaf_Mustard:_B._juncea),_a_comparative_transcriptome_analysis_was_performed_to_investigate_the_transcriptional_differences_between_different_Cd_treatment_(0,_10,_30)_and_the_genetic_basis_of_leaf_and_root_for_the_different_Cd_accumulation_between_two_genotypes_.
PRJNA592031,SRR10538972,Roots,N0R,Cadmium___Cultivars___Tissue_,In_this_study,_using_two_types_of_oilseed_rape_cultivars_(ZS11_and_Purple_Leaf_Mustard:_B._juncea),_a_comparative_transcriptome_analysis_was_performed_to_investigate_the_transcriptional_differences_between_different_Cd_treatment_(0,_10,_30)_and_the_genetic_basis_of_leaf_and_root_for_the_different_Cd_accumulation_between_two_genotypes_.
PRJNA592031,SRR10539005,Roots,N0R,Cadmium___Cultivars___Tissue_,In_this_study,_using_two_types_of_oilseed_rape_cultivars_(ZS11_and_Purple_Leaf_Mustard:_B._juncea),_a_comparative_transcriptome_analysis_was_performed_to_investigate_the_transcriptional_differences_between_different_Cd_treatment_(0,_10,_30)_and_the_genetic_basis_of_leaf_and_root_for_the_different_Cd_accumulation_between_two_genotypes_.
PRJNA592031,SRR10539004,Roots,N0R,Cadmium___Cultivars___Tissue_,In_this_study,_using_two_types_of_oilseed_rape_cultivars_(ZS11_and_Purple_Leaf_Mustard:_B._juncea),_a_comparative_transcriptome_analysis_was_performed_to_investigate_the_transcriptional_differences_between_different_Cd_treatment_(0,_10,_30)_and_the_genetic_basis_of_leaf_and_root_for_the_different_Cd_accumulation_between_two_genotypes_.
PRJNA592031,SRR10538984,Leaf,N10L,Cadmium___Cultivars___Tissue_,In_this_study,_using_two_types_of_oilseed_rape_cultivars_(ZS11_and_Purple_Leaf_Mustard:_B._juncea),_a_comparative_transcriptome_analysis_was_performed_to_investigate_the_transcriptional_differences_between_different_Cd_treatment_(0,_10,_30)_and_the_genetic_basis_of_leaf_and_root_for_the_different_Cd_accumulation_between_two_genotypes_.
PRJNA592031,SRR10538977,Leaf,N10L,Cadmium___Cultivars___Tissue_,In_this_study,_using_two_types_of_oilseed_rape_cultivars_(ZS11_and_Purple_Leaf_Mustard:_B._juncea),_a_comparative_transcriptome_analysis_was_performed_to_investigate_the_transcriptional_differences_between_different_Cd_treatment_(0,_10,_30)_and_the_genetic_basis_of_leaf_and_root_for_the_different_Cd_accumulation_between_two_genotypes_.
PRJNA592031,SRR10538976,Leaf,N10L,Cadmium___Cultivars___Tissue_,In_this_study,_using_two_types_of_oilseed_rape_cultivars_(ZS11_and_Purple_Leaf_Mustard:_B._juncea),_a_comparative_transcriptome_analysis_was_performed_to_investigate_the_transcriptional_differences_between_different_Cd_treatment_(0,_10,_30)_and_the_genetic_basis_of_leaf_and_root_for_the_different_Cd_accumulation_between_two_genotypes_.
PRJNA592031,SRR10539003,Roots,N10R,Cadmium___Cultivars___Tissue_,In_this_study,_using_two_types_of_oilseed_rape_cultivars_(ZS11_and_Purple_Leaf_Mustard:_B._juncea),_a_comparative_transcriptome_analysis_was_performed_to_investigate_the_transcriptional_differences_between_different_Cd_treatment_(0,_10,_30)_and_the_genetic_basis_of_leaf_and_root_for_the_different_Cd_accumulation_between_two_genotypes_.
PRJNA592031,SRR10539002,Roots,N10R,Cadmium___Cultivars___Tissue_,In_this_study,_using_two_types_of_oilseed_rape_cultivars_(ZS11_and_Purple_Leaf_Mustard:_B._juncea),_a_comparative_transcriptome_analysis_was_performed_to_investigate_the_transcriptional_differences_between_different_Cd_treatment_(0,_10,_30)_and_the_genetic_basis_of_leaf_and_root_for_the_different_Cd_accumulation_between_two_genotypes_.
PRJNA592031,SRR10539001,Roots,N10R,Cadmium___Cultivars___Tissue_,In_this_study,_using_two_types_of_oilseed_rape_cultivars_(ZS11_and_Purple_Leaf_Mustard:_B._juncea),_a_comparative_transcriptome_analysis_was_performed_to_investigate_the_transcriptional_differences_between_different_Cd_treatment_(0,_10,_30)_and_the_genetic_basis_of_leaf_and_root_for_the_different_Cd_accumulation_between_two_genotypes_.
PRJNA592031,SRR10538975,Leaf,N30L,Cadmium___Cultivars___Tissue_,In_this_study,_using_two_types_of_oilseed_rape_cultivars_(ZS11_and_Purple_Leaf_Mustard:_B._juncea),_a_comparative_transcriptome_analysis_was_performed_to_investigate_the_transcriptional_differences_between_different_Cd_treatment_(0,_10,_30)_and_the_genetic_basis_of_leaf_and_root_for_the_different_Cd_accumulation_between_two_genotypes_.
PRJNA592031,SRR10538974,Leaf,N30L,Cadmium___Cultivars___Tissue_,In_this_study,_using_two_types_of_oilseed_rape_cultivars_(ZS11_and_Purple_Leaf_Mustard:_B._juncea),_a_comparative_transcriptome_analysis_was_performed_to_investigate_the_transcriptional_differences_between_different_Cd_treatment_(0,_10,_30)_and_the_genetic_basis_of_leaf_and_root_for_the_different_Cd_accumulation_between_two_genotypes_.
PRJNA592031,SRR10538973,Leaf,N30L,Cadmium___Cultivars___Tissue_,In_this_study,_using_two_types_of_oilseed_rape_cultivars_(ZS11_and_Purple_Leaf_Mustard:_B._juncea),_a_comparative_transcriptome_analysis_was_performed_to_investigate_the_transcriptional_differences_between_different_Cd_treatment_(0,_10,_30)_and_the_genetic_basis_of_leaf_and_root_for_the_different_Cd_accumulation_between_two_genotypes_.
PRJNA592031,SRR10539000,Roots,N30R,Cadmium___Cultivars___Tissue_,In_this_study,_using_two_types_of_oilseed_rape_cultivars_(ZS11_and_Purple_Leaf_Mustard:_B._juncea),_a_comparative_transcriptome_analysis_was_performed_to_investigate_the_transcriptional_differences_between_different_Cd_treatment_(0,_10,_30)_and_the_genetic_basis_of_leaf_and_root_for_the_different_Cd_accumulation_between_two_genotypes_.
PRJNA592031,SRR10538999,Roots,N30R,Cadmium___Cultivars___Tissue_,In_this_study,_using_two_types_of_oilseed_rape_cultivars_(ZS11_and_Purple_Leaf_Mustard:_B._juncea),_a_comparative_transcriptome_analysis_was_performed_to_investigate_the_transcriptional_differences_between_different_Cd_treatment_(0,_10,_30)_and_the_genetic_basis_of_leaf_and_root_for_the_different_Cd_accumulation_between_two_genotypes_.
PRJNA592031,SRR10538998,Roots,N30R,Cadmium___Cultivars___Tissue_,In_this_study,_using_two_types_of_oilseed_rape_cultivars_(ZS11_and_Purple_Leaf_Mustard:_B._juncea),_a_comparative_transcriptome_analysis_was_performed_to_investigate_the_transcriptional_differences_between_different_Cd_treatment_(0,_10,_30)_and_the_genetic_basis_of_leaf_and_root_for_the_different_Cd_accumulation_between_two_genotypes_.