PRJNA274853,SRR1793815,Stem,J902_24hpi,Sclerotinia_Sclerotiorum_infection_(J902_and_J964_at_24,_48,_96_h),B._napus_Transcriptome_after_S._sclerotiorum_infection._The_experiment_consisted_of_24_samples_containing_susceptible_(J902)_and_resistant_(J964)_genotypes_and_was_sampled_at_24,_48,_and_96_h_after_treatment_with_three_biological_replications.
PRJNA274853,SRR1793826,Stem,J902_24hpi,Sclerotinia_Sclerotiorum_infection_(J902_and_J964_at_24,_48,_96_h),B._napus_Transcriptome_after_S._sclerotiorum_infection._The_experiment_consisted_of_24_samples_containing_susceptible_(J902)_and_resistant_(J964)_genotypes_and_was_sampled_at_24,_48,_and_96_h_after_treatment_with_three_biological_replications.
PRJNA274853,SRR1793831,Stem,J902_24hpi,Sclerotinia_Sclerotiorum_infection_(J902_and_J964_at_24,_48,_96_h),B._napus_Transcriptome_after_S._sclerotiorum_infection._The_experiment_consisted_of_24_samples_containing_susceptible_(J902)_and_resistant_(J964)_genotypes_and_was_sampled_at_24,_48,_and_96_h_after_treatment_with_three_biological_replications.
PRJNA274853,SRR1793832,Stem,J902_48hpi,Sclerotinia_Sclerotiorum_infection_(J902_and_J964_at_24,_48,_96_h),B._napus_Transcriptome_after_S._sclerotiorum_infection._The_experiment_consisted_of_24_samples_containing_susceptible_(J902)_and_resistant_(J964)_genotypes_and_was_sampled_at_24,_48,_and_96_h_after_treatment_with_three_biological_replications.
PRJNA274853,SRR1793833,Stem,J902_48hpi,Sclerotinia_Sclerotiorum_infection_(J902_and_J964_at_24,_48,_96_h),B._napus_Transcriptome_after_S._sclerotiorum_infection._The_experiment_consisted_of_24_samples_containing_susceptible_(J902)_and_resistant_(J964)_genotypes_and_was_sampled_at_24,_48,_and_96_h_after_treatment_with_three_biological_replications.
PRJNA274853,SRR1793834,Stem,J902_48hpi,Sclerotinia_Sclerotiorum_infection_(J902_and_J964_at_24,_48,_96_h),B._napus_Transcriptome_after_S._sclerotiorum_infection._The_experiment_consisted_of_24_samples_containing_susceptible_(J902)_and_resistant_(J964)_genotypes_and_was_sampled_at_24,_48,_and_96_h_after_treatment_with_three_biological_replications.
PRJNA274853,SRR1793847,Stem,J902_96hpi,Sclerotinia_Sclerotiorum_infection_(J902_and_J964_at_24,_48,_96_h),B._napus_Transcriptome_after_S._sclerotiorum_infection._The_experiment_consisted_of_24_samples_containing_susceptible_(J902)_and_resistant_(J964)_genotypes_and_was_sampled_at_24,_48,_and_96_h_after_treatment_with_three_biological_replications.
PRJNA274853,SRR1793856,Stem,J902_96hpi,Sclerotinia_Sclerotiorum_infection_(J902_and_J964_at_24,_48,_96_h),B._napus_Transcriptome_after_S._sclerotiorum_infection._The_experiment_consisted_of_24_samples_containing_susceptible_(J902)_and_resistant_(J964)_genotypes_and_was_sampled_at_24,_48,_and_96_h_after_treatment_with_three_biological_replications.
PRJNA274853,SRR1793857,Stem,J902_96hpi,Sclerotinia_Sclerotiorum_infection_(J902_and_J964_at_24,_48,_96_h),B._napus_Transcriptome_after_S._sclerotiorum_infection._The_experiment_consisted_of_24_samples_containing_susceptible_(J902)_and_resistant_(J964)_genotypes_and_was_sampled_at_24,_48,_and_96_h_after_treatment_with_three_biological_replications.
PRJNA274853,SRR1793858,Stem,J902_Normal,Sclerotinia_Sclerotiorum_infection_(J902_and_J964_at_24,_48,_96_h),B._napus_Transcriptome_after_S._sclerotiorum_infection._The_experiment_consisted_of_24_samples_containing_susceptible_(J902)_and_resistant_(J964)_genotypes_and_was_sampled_at_24,_48,_and_96_h_after_treatment_with_three_biological_replications.
PRJNA274853,SRR1793859,Stem,J902_Normal,Sclerotinia_Sclerotiorum_infection_(J902_and_J964_at_24,_48,_96_h),B._napus_Transcriptome_after_S._sclerotiorum_infection._The_experiment_consisted_of_24_samples_containing_susceptible_(J902)_and_resistant_(J964)_genotypes_and_was_sampled_at_24,_48,_and_96_h_after_treatment_with_three_biological_replications.
PRJNA274853,SRR1793860,Stem,J902_Normal,Sclerotinia_Sclerotiorum_infection_(J902_and_J964_at_24,_48,_96_h),B._napus_Transcriptome_after_S._sclerotiorum_infection._The_experiment_consisted_of_24_samples_containing_susceptible_(J902)_and_resistant_(J964)_genotypes_and_was_sampled_at_24,_48,_and_96_h_after_treatment_with_three_biological_replications.
PRJNA274853,SRR1793863,Stem,J964_24hpi,Sclerotinia_Sclerotiorum_infection_(J902_and_J964_at_24,_48,_96_h),B._napus_Transcriptome_after_S._sclerotiorum_infection._The_experiment_consisted_of_24_samples_containing_susceptible_(J902)_and_resistant_(J964)_genotypes_and_was_sampled_at_24,_48,_and_96_h_after_treatment_with_three_biological_replications.
PRJNA274853,SRR1793864,Stem,J964_24hpi,Sclerotinia_Sclerotiorum_infection_(J902_and_J964_at_24,_48,_96_h),B._napus_Transcriptome_after_S._sclerotiorum_infection._The_experiment_consisted_of_24_samples_containing_susceptible_(J902)_and_resistant_(J964)_genotypes_and_was_sampled_at_24,_48,_and_96_h_after_treatment_with_three_biological_replications.
PRJNA274853,SRR1793865,Stem,J964_24hpi,Sclerotinia_Sclerotiorum_infection_(J902_and_J964_at_24,_48,_96_h),B._napus_Transcriptome_after_S._sclerotiorum_infection._The_experiment_consisted_of_24_samples_containing_susceptible_(J902)_and_resistant_(J964)_genotypes_and_was_sampled_at_24,_48,_and_96_h_after_treatment_with_three_biological_replications.
PRJNA274853,SRR1793876,Stem,J964_48hpi,Sclerotinia_Sclerotiorum_infection_(J902_and_J964_at_24,_48,_96_h),B._napus_Transcriptome_after_S._sclerotiorum_infection._The_experiment_consisted_of_24_samples_containing_susceptible_(J902)_and_resistant_(J964)_genotypes_and_was_sampled_at_24,_48,_and_96_h_after_treatment_with_three_biological_replications.
PRJNA274853,SRR1793908,Stem,J964_48hpi,Sclerotinia_Sclerotiorum_infection_(J902_and_J964_at_24,_48,_96_h),B._napus_Transcriptome_after_S._sclerotiorum_infection._The_experiment_consisted_of_24_samples_containing_susceptible_(J902)_and_resistant_(J964)_genotypes_and_was_sampled_at_24,_48,_and_96_h_after_treatment_with_three_biological_replications.
PRJNA274853,SRR1793909,Stem,J964_48hpi,Sclerotinia_Sclerotiorum_infection_(J902_and_J964_at_24,_48,_96_h),B._napus_Transcriptome_after_S._sclerotiorum_infection._The_experiment_consisted_of_24_samples_containing_susceptible_(J902)_and_resistant_(J964)_genotypes_and_was_sampled_at_24,_48,_and_96_h_after_treatment_with_three_biological_replications.
PRJNA274853,SRR1793911,Stem,J964_96hpi,Sclerotinia_Sclerotiorum_infection_(J902_and_J964_at_24,_48,_96_h),B._napus_Transcriptome_after_S._sclerotiorum_infection._The_experiment_consisted_of_24_samples_containing_susceptible_(J902)_and_resistant_(J964)_genotypes_and_was_sampled_at_24,_48,_and_96_h_after_treatment_with_three_biological_replications.
PRJNA274853,SRR1793914,Stem,J964_96hpi,Sclerotinia_Sclerotiorum_infection_(J902_and_J964_at_24,_48,_96_h),B._napus_Transcriptome_after_S._sclerotiorum_infection._The_experiment_consisted_of_24_samples_containing_susceptible_(J902)_and_resistant_(J964)_genotypes_and_was_sampled_at_24,_48,_and_96_h_after_treatment_with_three_biological_replications.
PRJNA274853,SRR1793916,Stem,J964_96hpi,Sclerotinia_Sclerotiorum_infection_(J902_and_J964_at_24,_48,_96_h),B._napus_Transcriptome_after_S._sclerotiorum_infection._The_experiment_consisted_of_24_samples_containing_susceptible_(J902)_and_resistant_(J964)_genotypes_and_was_sampled_at_24,_48,_and_96_h_after_treatment_with_three_biological_replications.
PRJNA274853,SRR1793924,Stem,J964_Normal,Sclerotinia_Sclerotiorum_infection_(J902_and_J964_at_24,_48,_96_h),B._napus_Transcriptome_after_S._sclerotiorum_infection._The_experiment_consisted_of_24_samples_containing_susceptible_(J902)_and_resistant_(J964)_genotypes_and_was_sampled_at_24,_48,_and_96_h_after_treatment_with_three_biological_replications.
PRJNA274853,SRR1793925,Stem,J964_Normal,Sclerotinia_Sclerotiorum_infection_(J902_and_J964_at_24,_48,_96_h),B._napus_Transcriptome_after_S._sclerotiorum_infection._The_experiment_consisted_of_24_samples_containing_susceptible_(J902)_and_resistant_(J964)_genotypes_and_was_sampled_at_24,_48,_and_96_h_after_treatment_with_three_biological_replications.
PRJNA274853,SRR1793927,Stem,J964_Normal,Sclerotinia_Sclerotiorum_infection_(J902_and_J964_at_24,_48,_96_h),B._napus_Transcriptome_after_S._sclerotiorum_infection._The_experiment_consisted_of_24_samples_containing_susceptible_(J902)_and_resistant_(J964)_genotypes_and_was_sampled_at_24,_48,_and_96_h_after_treatment_with_three_biological_replications.
PRJNA278304,SRR1915969,Leaf,Normal_24_hpi,Sclerotinia_Sclerotiorum_infection_(24_and_48_h),Genome_wide_transcriptome_profiling_of_B._napus_in_response_to_Sclerotinia_sclerotiorum_at_24_hpi_and_48h_hpi_under_a_compatible_interaction
PRJNA278304,SRR1915970,Leaf,Normal_24_hpi,Sclerotinia_Sclerotiorum_infection_(24_and_48_h),Genome_wide_transcriptome_profiling_of_B._napus_in_response_to_Sclerotinia_sclerotiorum_at_24_hpi_and_48h_hpi_under_a_compatible_interaction
PRJNA278304,SRR1915971,Leaf,Normal_24_hpi,Sclerotinia_Sclerotiorum_infection_(24_and_48_h),Genome_wide_transcriptome_profiling_of_B._napus_in_response_to_Sclerotinia_sclerotiorum_at_24_hpi_and_48h_hpi_under_a_compatible_interaction
PRJNA278304,SRR1915972,Leaf,24_hpi,Sclerotinia_Sclerotiorum_infection_(24_and_48_h),Genome_wide_transcriptome_profiling_of_B._napus_in_response_to_Sclerotinia_sclerotiorum_at_24_hpi_and_48h_hpi_under_a_compatible_interaction
PRJNA278304,SRR1915973,Leaf,24_hpi,Sclerotinia_Sclerotiorum_infection_(24_and_48_h),Genome_wide_transcriptome_profiling_of_B._napus_in_response_to_Sclerotinia_sclerotiorum_at_24_hpi_and_48h_hpi_under_a_compatible_interaction
PRJNA278304,SRR1915977,Leaf,24_hpi,Sclerotinia_Sclerotiorum_infection_(24_and_48_h),Genome_wide_transcriptome_profiling_of_B._napus_in_response_to_Sclerotinia_sclerotiorum_at_24_hpi_and_48h_hpi_under_a_compatible_interaction
PRJNA278304,SRR1915978,Leaf,Normal_48_hpi,Sclerotinia_Sclerotiorum_infection_(24_and_48_h),Genome_wide_transcriptome_profiling_of_B._napus_in_response_to_Sclerotinia_sclerotiorum_at_24_hpi_and_48h_hpi_under_a_compatible_interaction
PRJNA278304,SRR1915979,Leaf,Normal_48_hpi,Sclerotinia_Sclerotiorum_infection_(24_and_48_h),Genome_wide_transcriptome_profiling_of_B._napus_in_response_to_Sclerotinia_sclerotiorum_at_24_hpi_and_48h_hpi_under_a_compatible_interaction
PRJNA278304,SRR1915980,Leaf,Normal_48_hpi,Sclerotinia_Sclerotiorum_infection_(24_and_48_h),Genome_wide_transcriptome_profiling_of_B._napus_in_response_to_Sclerotinia_sclerotiorum_at_24_hpi_and_48h_hpi_under_a_compatible_interaction
PRJNA278304,SRR1915981,Leaf,48_hpi,Sclerotinia_Sclerotiorum_infection_(24_and_48_h),Genome_wide_transcriptome_profiling_of_B._napus_in_response_to_Sclerotinia_sclerotiorum_at_24_hpi_and_48h_hpi_under_a_compatible_interaction
PRJNA278304,SRR1915982,Leaf,48_hpi,Sclerotinia_Sclerotiorum_infection_(24_and_48_h),Genome_wide_transcriptome_profiling_of_B._napus_in_response_to_Sclerotinia_sclerotiorum_at_24_hpi_and_48h_hpi_under_a_compatible_interaction
PRJNA278304,SRR1915983,Leaf,48_hpi,Sclerotinia_Sclerotiorum_infection_(24_and_48_h),Genome_wide_transcriptome_profiling_of_B._napus_in_response_to_Sclerotinia_sclerotiorum_at_24_hpi_and_48h_hpi_under_a_compatible_interaction
PRJNA361043,SRR5179562,Stem,48_hpi,Sclerotinia_Sclerotiorum_infection_(48_h),The_molecular_mechanisms_in_oilseed_rape_response_to_S._sclerotiorum_at_transcriptional_levels._In_the_current_study,_two_RNA_libraries_for_mock_inoculation_and_48_h_post_inoculation_were_performed_on_Illumina_platform._
PRJNA361043,SRR5179608,Stem,Normal,Sclerotinia_Sclerotiorum_infection_(48_h),The_molecular_mechanisms_in_oilseed_rape_response_to_S._sclerotiorum_at_transcriptional_levels._In_the_current_study,_two_RNA_libraries_for_mock_inoculation_and_48_h_post_inoculation_were_performed_on_Illumina_platform._
PRJNA471157,SRR7159498,Stem,Overexpression_of_OsPGIP2_3_dpi,Sclerotinia_Sclerotiorum_infection_(Overexpression_OsPGIP2),Overexpression_of_OsPGIP2_confers_Sclerotinia_sclerotiorum_resistance_in_Brassica_napus._In_this_study,_the_exogenous_OsPGIP2_gene_was_transformed_and_introduced_into_two_different_rapeseed_backgrounds_(T45WT_and_7_5WT)_and_assessed_the_enhancement_of_S._sclerotiorum_resistance_in_transgenic_rapeseed_lines_(7_5D_and_T45B#2).
PRJNA471157,SRR7159499,Stem,Control_3_dpi,Sclerotinia_Sclerotiorum_infection_(Overexpression_OsPGIP2),Overexpression_of_OsPGIP2_confers_Sclerotinia_sclerotiorum_resistance_in_Brassica_napus._In_this_study,_the_exogenous_OsPGIP2_gene_was_transformed_and_introduced_into_two_different_rapeseed_backgrounds_(T45WT_and_7_5WT)_and_assessed_the_enhancement_of_S._sclerotiorum_resistance_in_transgenic_rapeseed_lines_(7_5D_and_T45B#2).
PRJNA471157,SRR7159500,Stem,Overexpression_of_OsPGIP2_3_dpi,Sclerotinia_Sclerotiorum_infection_(Overexpression_OsPGIP2),Overexpression_of_OsPGIP2_confers_Sclerotinia_sclerotiorum_resistance_in_Brassica_napus._In_this_study,_the_exogenous_OsPGIP2_gene_was_transformed_and_introduced_into_two_different_rapeseed_backgrounds_(T45WT_and_7_5WT)_and_assessed_the_enhancement_of_S._sclerotiorum_resistance_in_transgenic_rapeseed_lines_(7_5D_and_T45B#2).
PRJNA471157,SRR7159501,Stem,Control_3_dpi,Sclerotinia_Sclerotiorum_infection_(Overexpression_OsPGIP2),Overexpression_of_OsPGIP2_confers_Sclerotinia_sclerotiorum_resistance_in_Brassica_napus._In_this_study,_the_exogenous_OsPGIP2_gene_was_transformed_and_introduced_into_two_different_rapeseed_backgrounds_(T45WT_and_7_5WT)_and_assessed_the_enhancement_of_S._sclerotiorum_resistance_in_transgenic_rapeseed_lines_(7_5D_and_T45B#2).
PRJNA322501,SRR3571677,Stem,Inoculated_stems,Leptosphaeria_maculans_infection_(stem_and_cotyledon),RNA_seq_experiments_of_systemic_colonization_of_oilseed_rape_by_Leptosphaeria_maculans_in_infected_cotyledons_and_in_symptomless_and_necrotic_stems._
PRJNA322501,SRR3571676,Stem,Inoculated_stems,Leptosphaeria_maculans_infection_(stem_and_cotyledon),RNA_seq_experiments_of_systemic_colonization_of_oilseed_rape_by_Leptosphaeria_maculans_in_infected_cotyledons_and_in_symptomless_and_necrotic_stems._
PRJNA322501,SRR3571675,Stem,Non_inoculated_stems,Leptosphaeria_maculans_infection_(stem_and_cotyledon),RNA_seq_experiments_of_systemic_colonization_of_oilseed_rape_by_Leptosphaeria_maculans_in_infected_cotyledons_and_in_symptomless_and_necrotic_stems._
PRJNA322501,SRR3571674,Stem,Non_inoculated_stems,Leptosphaeria_maculans_infection_(stem_and_cotyledon),RNA_seq_experiments_of_systemic_colonization_of_oilseed_rape_by_Leptosphaeria_maculans_in_infected_cotyledons_and_in_symptomless_and_necrotic_stems._
PRJNA322501,SRR3571673,Leaf,Inoculated_cotyledons,Leptosphaeria_maculans_infection_(stem_and_cotyledon),RNA_seq_experiments_of_systemic_colonization_of_oilseed_rape_by_Leptosphaeria_maculans_in_infected_cotyledons_and_in_symptomless_and_necrotic_stems._
PRJNA322501,SRR3571672,Leaf,Inoculated_cotyledons,Leptosphaeria_maculans_infection_(stem_and_cotyledon),RNA_seq_experiments_of_systemic_colonization_of_oilseed_rape_by_Leptosphaeria_maculans_in_infected_cotyledons_and_in_symptomless_and_necrotic_stems._
PRJNA322501,SRR3571671,Leaf,Non_inoculated_cotyledons,Leptosphaeria_maculans_infection_(stem_and_cotyledon),RNA_seq_experiments_of_systemic_colonization_of_oilseed_rape_by_Leptosphaeria_maculans_in_infected_cotyledons_and_in_symptomless_and_necrotic_stems._
PRJNA322501,SRR3571670,Leaf,Non_inoculated_cotyledons,Leptosphaeria_maculans_infection_(stem_and_cotyledon),RNA_seq_experiments_of_systemic_colonization_of_oilseed_rape_by_Leptosphaeria_maculans_in_infected_cotyledons_and_in_symptomless_and_necrotic_stems._
PRJNA378851,SRR5358952,Leaf,T35B1_03_15_03_Com,Leptosphaeria_maculans_infection_(T35SBLMR1.1,_TBLMR1.1,_TRlm2,_and_Westar),Analysis_of_transcriptomic_dynamics_during_the_compatible_(Com)_and_incompatible_(Incom)_interactions_between_Brassica_napus_(T35SBLMR1.1,_TBLMR1.1,_TRlm2,_and_Westar)_and_Leptosphaeria_maculans_Transcriptome
PRJNA378851,SRR5358951,Leaf,T35B1_03_15_03_Com,Leptosphaeria_maculans_infection_(T35SBLMR1.1,_TBLMR1.1,_TRlm2,_and_Westar),Analysis_of_transcriptomic_dynamics_during_the_compatible_(Com)_and_incompatible_(Incom)_interactions_between_Brassica_napus_(T35SBLMR1.1,_TBLMR1.1,_TRlm2,_and_Westar)_and_Leptosphaeria_maculans_Transcriptome
PRJNA378851,SRR5358954,Leaf,T35B1_03_42_06_Inom,Leptosphaeria_maculans_infection_(T35SBLMR1.1,_TBLMR1.1,_TRlm2,_and_Westar),Analysis_of_transcriptomic_dynamics_during_the_compatible_(Com)_and_incompatible_(Incom)_interactions_between_Brassica_napus_(T35SBLMR1.1,_TBLMR1.1,_TRlm2,_and_Westar)_and_Leptosphaeria_maculans_Transcriptome
PRJNA378851,SRR5358953,Leaf,T35B1_03_42_06_Inom,Leptosphaeria_maculans_infection_(T35SBLMR1.1,_TBLMR1.1,_TRlm2,_and_Westar),Analysis_of_transcriptomic_dynamics_during_the_compatible_(Com)_and_incompatible_(Incom)_interactions_between_Brassica_napus_(T35SBLMR1.1,_TBLMR1.1,_TRlm2,_and_Westar)_and_Leptosphaeria_maculans_Transcriptome
PRJNA378851,SRR5358956,Leaf,T35B1_87_41_Inom,Leptosphaeria_maculans_infection_(T35SBLMR1.1,_TBLMR1.1,_TRlm2,_and_Westar),Analysis_of_transcriptomic_dynamics_during_the_compatible_(Com)_and_incompatible_(Incom)_interactions_between_Brassica_napus_(T35SBLMR1.1,_TBLMR1.1,_TRlm2,_and_Westar)_and_Leptosphaeria_maculans_Transcriptome
PRJNA378851,SRR5358955,Leaf,T35B1_87_41_Inom,Leptosphaeria_maculans_infection_(T35SBLMR1.1,_TBLMR1.1,_TRlm2,_and_Westar),Analysis_of_transcriptomic_dynamics_during_the_compatible_(Com)_and_incompatible_(Incom)_interactions_between_Brassica_napus_(T35SBLMR1.1,_TBLMR1.1,_TRlm2,_and_Westar)_and_Leptosphaeria_maculans_Transcriptome
PRJNA378851,SRR5358950,Leaf,T35B1_PG4_1_M_Com,Leptosphaeria_maculans_infection_(T35SBLMR1.1,_TBLMR1.1,_TRlm2,_and_Westar),Analysis_of_transcriptomic_dynamics_during_the_compatible_(Com)_and_incompatible_(Incom)_interactions_between_Brassica_napus_(T35SBLMR1.1,_TBLMR1.1,_TRlm2,_and_Westar)_and_Leptosphaeria_maculans_Transcriptome
PRJNA378851,SRR5358949,Leaf,T35B1_PG4_1_M_Com,Leptosphaeria_maculans_infection_(T35SBLMR1.1,_TBLMR1.1,_TRlm2,_and_Westar),Analysis_of_transcriptomic_dynamics_during_the_compatible_(Com)_and_incompatible_(Incom)_interactions_between_Brassica_napus_(T35SBLMR1.1,_TBLMR1.1,_TRlm2,_and_Westar)_and_Leptosphaeria_maculans_Transcriptome
PRJNA378851,SRR5358958,Leaf,T35B1_water,Leptosphaeria_maculans_infection_(T35SBLMR1.1,_TBLMR1.1,_TRlm2,_and_Westar),Analysis_of_transcriptomic_dynamics_during_the_compatible_(Com)_and_incompatible_(Incom)_interactions_between_Brassica_napus_(T35SBLMR1.1,_TBLMR1.1,_TRlm2,_and_Westar)_and_Leptosphaeria_maculans_Transcriptome
PRJNA378851,SRR5358957,Leaf,T35B1_water,Leptosphaeria_maculans_infection_(T35SBLMR1.1,_TBLMR1.1,_TRlm2,_and_Westar),Analysis_of_transcriptomic_dynamics_during_the_compatible_(Com)_and_incompatible_(Incom)_interactions_between_Brassica_napus_(T35SBLMR1.1,_TBLMR1.1,_TRlm2,_and_Westar)_and_Leptosphaeria_maculans_Transcriptome
PRJNA378851,SRR5358942,Leaf,T35B2_03_15_03_Com,Leptosphaeria_maculans_infection_(T35SBLMR1.1,_TBLMR1.1,_TRlm2,_and_Westar),Analysis_of_transcriptomic_dynamics_during_the_compatible_(Com)_and_incompatible_(Incom)_interactions_between_Brassica_napus_(T35SBLMR1.1,_TBLMR1.1,_TRlm2,_and_Westar)_and_Leptosphaeria_maculans_Transcriptome
PRJNA378851,SRR5358941,Leaf,T35B2_03_15_03_Com,Leptosphaeria_maculans_infection_(T35SBLMR1.1,_TBLMR1.1,_TRlm2,_and_Westar),Analysis_of_transcriptomic_dynamics_during_the_compatible_(Com)_and_incompatible_(Incom)_interactions_between_Brassica_napus_(T35SBLMR1.1,_TBLMR1.1,_TRlm2,_and_Westar)_and_Leptosphaeria_maculans_Transcriptome
PRJNA378851,SRR5358944,Leaf,T35B2_03_42_06_Com,Leptosphaeria_maculans_infection_(T35SBLMR1.1,_TBLMR1.1,_TRlm2,_and_Westar),Analysis_of_transcriptomic_dynamics_during_the_compatible_(Com)_and_incompatible_(Incom)_interactions_between_Brassica_napus_(T35SBLMR1.1,_TBLMR1.1,_TRlm2,_and_Westar)_and_Leptosphaeria_maculans_Transcriptome
PRJNA378851,SRR5358943,Leaf,T35B2_03_42_06_Com,Leptosphaeria_maculans_infection_(T35SBLMR1.1,_TBLMR1.1,_TRlm2,_and_Westar),Analysis_of_transcriptomic_dynamics_during_the_compatible_(Com)_and_incompatible_(Incom)_interactions_between_Brassica_napus_(T35SBLMR1.1,_TBLMR1.1,_TRlm2,_and_Westar)_and_Leptosphaeria_maculans_Transcriptome
PRJNA378851,SRR5358946,Leaf,T35B2_87_41_Com,Leptosphaeria_maculans_infection_(T35SBLMR1.1,_TBLMR1.1,_TRlm2,_and_Westar),Analysis_of_transcriptomic_dynamics_during_the_compatible_(Com)_and_incompatible_(Incom)_interactions_between_Brassica_napus_(T35SBLMR1.1,_TBLMR1.1,_TRlm2,_and_Westar)_and_Leptosphaeria_maculans_Transcriptome
PRJNA378851,SRR5358945,Leaf,T35B2_87_41_Com,Leptosphaeria_maculans_infection_(T35SBLMR1.1,_TBLMR1.1,_TRlm2,_and_Westar),Analysis_of_transcriptomic_dynamics_during_the_compatible_(Com)_and_incompatible_(Incom)_interactions_between_Brassica_napus_(T35SBLMR1.1,_TBLMR1.1,_TRlm2,_and_Westar)_and_Leptosphaeria_maculans_Transcriptome
PRJNA378851,SRR5358940,Leaf,T35B2_PG4_1_M_Com,Leptosphaeria_maculans_infection_(T35SBLMR1.1,_TBLMR1.1,_TRlm2,_and_Westar),Analysis_of_transcriptomic_dynamics_during_the_compatible_(Com)_and_incompatible_(Incom)_interactions_between_Brassica_napus_(T35SBLMR1.1,_TBLMR1.1,_TRlm2,_and_Westar)_and_Leptosphaeria_maculans_Transcriptome
PRJNA378851,SRR5358939,Leaf,T35B2_PG4_1_M_Com,Leptosphaeria_maculans_infection_(T35SBLMR1.1,_TBLMR1.1,_TRlm2,_and_Westar),Analysis_of_transcriptomic_dynamics_during_the_compatible_(Com)_and_incompatible_(Incom)_interactions_between_Brassica_napus_(T35SBLMR1.1,_TBLMR1.1,_TRlm2,_and_Westar)_and_Leptosphaeria_maculans_Transcriptome
PRJNA378851,SRR5358948,Leaf,T35B2_water_mock,Leptosphaeria_maculans_infection_(T35SBLMR1.1,_TBLMR1.1,_TRlm2,_and_Westar),Analysis_of_transcriptomic_dynamics_during_the_compatible_(Com)_and_incompatible_(Incom)_interactions_between_Brassica_napus_(T35SBLMR1.1,_TBLMR1.1,_TRlm2,_and_Westar)_and_Leptosphaeria_maculans_Transcriptome
PRJNA378851,SRR5358947,Leaf,T35B2_water_mock,Leptosphaeria_maculans_infection_(T35SBLMR1.1,_TBLMR1.1,_TRlm2,_and_Westar),Analysis_of_transcriptomic_dynamics_during_the_compatible_(Com)_and_incompatible_(Incom)_interactions_between_Brassica_napus_(T35SBLMR1.1,_TBLMR1.1,_TRlm2,_and_Westar)_and_Leptosphaeria_maculans_Transcriptome
PRJNA378851,SRR5358972,Leaf,TB1_03_15_03_Com,Leptosphaeria_maculans_infection_(T35SBLMR1.1,_TBLMR1.1,_TRlm2,_and_Westar),Analysis_of_transcriptomic_dynamics_during_the_compatible_(Com)_and_incompatible_(Incom)_interactions_between_Brassica_napus_(T35SBLMR1.1,_TBLMR1.1,_TRlm2,_and_Westar)_and_Leptosphaeria_maculans_Transcriptome
PRJNA378851,SRR5358971,Leaf,TB1_03_15_03_Com,Leptosphaeria_maculans_infection_(T35SBLMR1.1,_TBLMR1.1,_TRlm2,_and_Westar),Analysis_of_transcriptomic_dynamics_during_the_compatible_(Com)_and_incompatible_(Incom)_interactions_between_Brassica_napus_(T35SBLMR1.1,_TBLMR1.1,_TRlm2,_and_Westar)_and_Leptosphaeria_maculans_Transcriptome
PRJNA378851,SRR5358974,Leaf,TB1_03_42_06_Inom,Leptosphaeria_maculans_infection_(T35SBLMR1.1,_TBLMR1.1,_TRlm2,_and_Westar),Analysis_of_transcriptomic_dynamics_during_the_compatible_(Com)_and_incompatible_(Incom)_interactions_between_Brassica_napus_(T35SBLMR1.1,_TBLMR1.1,_TRlm2,_and_Westar)_and_Leptosphaeria_maculans_Transcriptome
PRJNA378851,SRR5358973,Leaf,TB1_03_42_06_Inom,Leptosphaeria_maculans_infection_(T35SBLMR1.1,_TBLMR1.1,_TRlm2,_and_Westar),Analysis_of_transcriptomic_dynamics_during_the_compatible_(Com)_and_incompatible_(Incom)_interactions_between_Brassica_napus_(T35SBLMR1.1,_TBLMR1.1,_TRlm2,_and_Westar)_and_Leptosphaeria_maculans_Transcriptome
PRJNA378851,SRR5358976,Leaf,TB1_87_41_Inom,Leptosphaeria_maculans_infection_(T35SBLMR1.1,_TBLMR1.1,_TRlm2,_and_Westar),Analysis_of_transcriptomic_dynamics_during_the_compatible_(Com)_and_incompatible_(Incom)_interactions_between_Brassica_napus_(T35SBLMR1.1,_TBLMR1.1,_TRlm2,_and_Westar)_and_Leptosphaeria_maculans_Transcriptome
PRJNA378851,SRR5358975,Leaf,TB1_87_41_Inom,Leptosphaeria_maculans_infection_(T35SBLMR1.1,_TBLMR1.1,_TRlm2,_and_Westar),Analysis_of_transcriptomic_dynamics_during_the_compatible_(Com)_and_incompatible_(Incom)_interactions_between_Brassica_napus_(T35SBLMR1.1,_TBLMR1.1,_TRlm2,_and_Westar)_and_Leptosphaeria_maculans_Transcriptome
PRJNA378851,SRR5358970,Leaf,TB1_PG4_1_M_Com,Leptosphaeria_maculans_infection_(T35SBLMR1.1,_TBLMR1.1,_TRlm2,_and_Westar),Analysis_of_transcriptomic_dynamics_during_the_compatible_(Com)_and_incompatible_(Incom)_interactions_between_Brassica_napus_(T35SBLMR1.1,_TBLMR1.1,_TRlm2,_and_Westar)_and_Leptosphaeria_maculans_Transcriptome
PRJNA378851,SRR5358969,Leaf,TB1_PG4_1_M_Com,Leptosphaeria_maculans_infection_(T35SBLMR1.1,_TBLMR1.1,_TRlm2,_and_Westar),Analysis_of_transcriptomic_dynamics_during_the_compatible_(Com)_and_incompatible_(Incom)_interactions_between_Brassica_napus_(T35SBLMR1.1,_TBLMR1.1,_TRlm2,_and_Westar)_and_Leptosphaeria_maculans_Transcriptome
PRJNA378851,SRR5358978,Leaf,TB1_water,Leptosphaeria_maculans_infection_(T35SBLMR1.1,_TBLMR1.1,_TRlm2,_and_Westar),Analysis_of_transcriptomic_dynamics_during_the_compatible_(Com)_and_incompatible_(Incom)_interactions_between_Brassica_napus_(T35SBLMR1.1,_TBLMR1.1,_TRlm2,_and_Westar)_and_Leptosphaeria_maculans_Transcriptome
PRJNA378851,SRR5358977,Leaf,TB1_water,Leptosphaeria_maculans_infection_(T35SBLMR1.1,_TBLMR1.1,_TRlm2,_and_Westar),Analysis_of_transcriptomic_dynamics_during_the_compatible_(Com)_and_incompatible_(Incom)_interactions_between_Brassica_napus_(T35SBLMR1.1,_TBLMR1.1,_TRlm2,_and_Westar)_and_Leptosphaeria_maculans_Transcriptome
PRJNA378851,SRR5358962,Leaf,TR2_03_15_03_Inom,Leptosphaeria_maculans_infection_(T35SBLMR1.1,_TBLMR1.1,_TRlm2,_and_Westar),Analysis_of_transcriptomic_dynamics_during_the_compatible_(Com)_and_incompatible_(Incom)_interactions_between_Brassica_napus_(T35SBLMR1.1,_TBLMR1.1,_TRlm2,_and_Westar)_and_Leptosphaeria_maculans_Transcriptome
PRJNA378851,SRR5358961,Leaf,TR2_03_15_03_Inom,Leptosphaeria_maculans_infection_(T35SBLMR1.1,_TBLMR1.1,_TRlm2,_and_Westar),Analysis_of_transcriptomic_dynamics_during_the_compatible_(Com)_and_incompatible_(Incom)_interactions_between_Brassica_napus_(T35SBLMR1.1,_TBLMR1.1,_TRlm2,_and_Westar)_and_Leptosphaeria_maculans_Transcriptome
PRJNA378851,SRR5358964,Leaf,TR2_03_42_06_Com,Leptosphaeria_maculans_infection_(T35SBLMR1.1,_TBLMR1.1,_TRlm2,_and_Westar),Analysis_of_transcriptomic_dynamics_during_the_compatible_(Com)_and_incompatible_(Incom)_interactions_between_Brassica_napus_(T35SBLMR1.1,_TBLMR1.1,_TRlm2,_and_Westar)_and_Leptosphaeria_maculans_Transcriptome
PRJNA378851,SRR5358963,Leaf,TR2_03_42_06_Com,Leptosphaeria_maculans_infection_(T35SBLMR1.1,_TBLMR1.1,_TRlm2,_and_Westar),Analysis_of_transcriptomic_dynamics_during_the_compatible_(Com)_and_incompatible_(Incom)_interactions_between_Brassica_napus_(T35SBLMR1.1,_TBLMR1.1,_TRlm2,_and_Westar)_and_Leptosphaeria_maculans_Transcriptome
PRJNA378851,SRR5358966,Leaf,TR2_87_41_Inom,Leptosphaeria_maculans_infection_(T35SBLMR1.1,_TBLMR1.1,_TRlm2,_and_Westar),Analysis_of_transcriptomic_dynamics_during_the_compatible_(Com)_and_incompatible_(Incom)_interactions_between_Brassica_napus_(T35SBLMR1.1,_TBLMR1.1,_TRlm2,_and_Westar)_and_Leptosphaeria_maculans_Transcriptome
PRJNA378851,SRR5358965,Leaf,TR2_87_41_Inom,Leptosphaeria_maculans_infection_(T35SBLMR1.1,_TBLMR1.1,_TRlm2,_and_Westar),Analysis_of_transcriptomic_dynamics_during_the_compatible_(Com)_and_incompatible_(Incom)_interactions_between_Brassica_napus_(T35SBLMR1.1,_TBLMR1.1,_TRlm2,_and_Westar)_and_Leptosphaeria_maculans_Transcriptome
PRJNA378851,SRR5358960,Leaf,TR2_PG4_1_M_Com,Leptosphaeria_maculans_infection_(T35SBLMR1.1,_TBLMR1.1,_TRlm2,_and_Westar),Analysis_of_transcriptomic_dynamics_during_the_compatible_(Com)_and_incompatible_(Incom)_interactions_between_Brassica_napus_(T35SBLMR1.1,_TBLMR1.1,_TRlm2,_and_Westar)_and_Leptosphaeria_maculans_Transcriptome
PRJNA378851,SRR5358959,Leaf,TR2_PG4_1_M_Com,Leptosphaeria_maculans_infection_(T35SBLMR1.1,_TBLMR1.1,_TRlm2,_and_Westar),Analysis_of_transcriptomic_dynamics_during_the_compatible_(Com)_and_incompatible_(Incom)_interactions_between_Brassica_napus_(T35SBLMR1.1,_TBLMR1.1,_TRlm2,_and_Westar)_and_Leptosphaeria_maculans_Transcriptome
PRJNA378851,SRR5358968,Leaf,TR2_water,Leptosphaeria_maculans_infection_(T35SBLMR1.1,_TBLMR1.1,_TRlm2,_and_Westar),Analysis_of_transcriptomic_dynamics_during_the_compatible_(Com)_and_incompatible_(Incom)_interactions_between_Brassica_napus_(T35SBLMR1.1,_TBLMR1.1,_TRlm2,_and_Westar)_and_Leptosphaeria_maculans_Transcriptome
PRJNA378851,SRR5358967,Leaf,TR2_water,Leptosphaeria_maculans_infection_(T35SBLMR1.1,_TBLMR1.1,_TRlm2,_and_Westar),Analysis_of_transcriptomic_dynamics_during_the_compatible_(Com)_and_incompatible_(Incom)_interactions_between_Brassica_napus_(T35SBLMR1.1,_TBLMR1.1,_TRlm2,_and_Westar)_and_Leptosphaeria_maculans_Transcriptome
PRJNA378851,SRR5358932,Leaf,Wes_03_15_03_Com,Leptosphaeria_maculans_infection_(T35SBLMR1.1,_TBLMR1.1,_TRlm2,_and_Westar),Analysis_of_transcriptomic_dynamics_during_the_compatible_(Com)_and_incompatible_(Incom)_interactions_between_Brassica_napus_(T35SBLMR1.1,_TBLMR1.1,_TRlm2,_and_Westar)_and_Leptosphaeria_maculans_Transcriptome
PRJNA378851,SRR5358931,Leaf,Wes_03_15_03_Com,Leptosphaeria_maculans_infection_(T35SBLMR1.1,_TBLMR1.1,_TRlm2,_and_Westar),Analysis_of_transcriptomic_dynamics_during_the_compatible_(Com)_and_incompatible_(Incom)_interactions_between_Brassica_napus_(T35SBLMR1.1,_TBLMR1.1,_TRlm2,_and_Westar)_and_Leptosphaeria_maculans_Transcriptome
PRJNA378851,SRR5358934,Leaf,Wes_03_42_06_Com,Leptosphaeria_maculans_infection_(T35SBLMR1.1,_TBLMR1.1,_TRlm2,_and_Westar),Analysis_of_transcriptomic_dynamics_during_the_compatible_(Com)_and_incompatible_(Incom)_interactions_between_Brassica_napus_(T35SBLMR1.1,_TBLMR1.1,_TRlm2,_and_Westar)_and_Leptosphaeria_maculans_Transcriptome
PRJNA378851,SRR5358933,Leaf,Wes_03_42_06_Com,Leptosphaeria_maculans_infection_(T35SBLMR1.1,_TBLMR1.1,_TRlm2,_and_Westar),Analysis_of_transcriptomic_dynamics_during_the_compatible_(Com)_and_incompatible_(Incom)_interactions_between_Brassica_napus_(T35SBLMR1.1,_TBLMR1.1,_TRlm2,_and_Westar)_and_Leptosphaeria_maculans_Transcriptome
PRJNA378851,SRR5358936,Leaf,Wes_87_41_Com,Leptosphaeria_maculans_infection_(T35SBLMR1.1,_TBLMR1.1,_TRlm2,_and_Westar),Analysis_of_transcriptomic_dynamics_during_the_compatible_(Com)_and_incompatible_(Incom)_interactions_between_Brassica_napus_(T35SBLMR1.1,_TBLMR1.1,_TRlm2,_and_Westar)_and_Leptosphaeria_maculans_Transcriptome
PRJNA378851,SRR5358935,Leaf,Wes_87_41_Com,Leptosphaeria_maculans_infection_(T35SBLMR1.1,_TBLMR1.1,_TRlm2,_and_Westar),Analysis_of_transcriptomic_dynamics_during_the_compatible_(Com)_and_incompatible_(Incom)_interactions_between_Brassica_napus_(T35SBLMR1.1,_TBLMR1.1,_TRlm2,_and_Westar)_and_Leptosphaeria_maculans_Transcriptome
PRJNA378851,SRR5358930,Leaf,Wes_PG4_1_M_Com,Leptosphaeria_maculans_infection_(T35SBLMR1.1,_TBLMR1.1,_TRlm2,_and_Westar),Analysis_of_transcriptomic_dynamics_during_the_compatible_(Com)_and_incompatible_(Incom)_interactions_between_Brassica_napus_(T35SBLMR1.1,_TBLMR1.1,_TRlm2,_and_Westar)_and_Leptosphaeria_maculans_Transcriptome
PRJNA378851,SRR5358929,Leaf,Wes_PG4_1_M_Com,Leptosphaeria_maculans_infection_(T35SBLMR1.1,_TBLMR1.1,_TRlm2,_and_Westar),Analysis_of_transcriptomic_dynamics_during_the_compatible_(Com)_and_incompatible_(Incom)_interactions_between_Brassica_napus_(T35SBLMR1.1,_TBLMR1.1,_TRlm2,_and_Westar)_and_Leptosphaeria_maculans_Transcriptome
PRJNA378851,SRR5358938,Leaf,Wes_water,Leptosphaeria_maculans_infection_(T35SBLMR1.1,_TBLMR1.1,_TRlm2,_and_Westar),Analysis_of_transcriptomic_dynamics_during_the_compatible_(Com)_and_incompatible_(Incom)_interactions_between_Brassica_napus_(T35SBLMR1.1,_TBLMR1.1,_TRlm2,_and_Westar)_and_Leptosphaeria_maculans_Transcriptome
PRJNA378851,SRR5358937,Leaf,Wes_water,Leptosphaeria_maculans_infection_(T35SBLMR1.1,_TBLMR1.1,_TRlm2,_and_Westar),Analysis_of_transcriptomic_dynamics_during_the_compatible_(Com)_and_incompatible_(Incom)_interactions_between_Brassica_napus_(T35SBLMR1.1,_TBLMR1.1,_TRlm2,_and_Westar)_and_Leptosphaeria_maculans_Transcriptome
PRJNA477556,SRR7413617,Leaf,Rlm_h20_day1,Leptosphaeria_maculans_infection_(Rlm2__1_and_3_days),LMD_and_dual_RNA_seq_of_the_L._maculans___B._napus_(B._napus_near_isogenic_lines,_one_containing_resistance_gene_Rlm2)_infection_site_at_1_and_3_days_post_inoculation_to_identify_genes_activated_early_in_the_defense_response
PRJNA477556,SRR7413620,Leaf,Rlm_h20_day1,Leptosphaeria_maculans_infection_(Rlm2__1_and_3_days),LMD_and_dual_RNA_seq_of_the_L._maculans___B._napus_(B._napus_near_isogenic_lines,_one_containing_resistance_gene_Rlm2)_infection_site_at_1_and_3_days_post_inoculation_to_identify_genes_activated_early_in_the_defense_response
PRJNA477556,SRR7413619,Leaf,Rlm_h20_day1,Leptosphaeria_maculans_infection_(Rlm2__1_and_3_days),LMD_and_dual_RNA_seq_of_the_L._maculans___B._napus_(B._napus_near_isogenic_lines,_one_containing_resistance_gene_Rlm2)_infection_site_at_1_and_3_days_post_inoculation_to_identify_genes_activated_early_in_the_defense_response
PRJNA477556,SRR7413607,Leaf,Rlm_h20_day3,Leptosphaeria_maculans_infection_(Rlm2__1_and_3_days),LMD_and_dual_RNA_seq_of_the_L._maculans___B._napus_(B._napus_near_isogenic_lines,_one_containing_resistance_gene_Rlm2)_infection_site_at_1_and_3_days_post_inoculation_to_identify_genes_activated_early_in_the_defense_response
PRJNA477556,SRR7413614,Leaf,Rlm_h20_day3,Leptosphaeria_maculans_infection_(Rlm2__1_and_3_days),LMD_and_dual_RNA_seq_of_the_L._maculans___B._napus_(B._napus_near_isogenic_lines,_one_containing_resistance_gene_Rlm2)_infection_site_at_1_and_3_days_post_inoculation_to_identify_genes_activated_early_in_the_defense_response
PRJNA477556,SRR7413613,Leaf,Rlm_h20_day3,Leptosphaeria_maculans_infection_(Rlm2__1_and_3_days),LMD_and_dual_RNA_seq_of_the_L._maculans___B._napus_(B._napus_near_isogenic_lines,_one_containing_resistance_gene_Rlm2)_infection_site_at_1_and_3_days_post_inoculation_to_identify_genes_activated_early_in_the_defense_response
PRJNA477556,SRR7413610,Leaf,Rlm_inf_day1_3_dpi,Leptosphaeria_maculans_infection_(Rlm2__1_and_3_days),LMD_and_dual_RNA_seq_of_the_L._maculans___B._napus_(B._napus_near_isogenic_lines,_one_containing_resistance_gene_Rlm2)_infection_site_at_1_and_3_days_post_inoculation_to_identify_genes_activated_early_in_the_defense_response
PRJNA477556,SRR7413611,Leaf,Rlm_inf_day1_3_dpi,Leptosphaeria_maculans_infection_(Rlm2__1_and_3_days),LMD_and_dual_RNA_seq_of_the_L._maculans___B._napus_(B._napus_near_isogenic_lines,_one_containing_resistance_gene_Rlm2)_infection_site_at_1_and_3_days_post_inoculation_to_identify_genes_activated_early_in_the_defense_response
PRJNA477556,SRR7413612,Leaf,Rlm_inf_day1_3_dpi,Leptosphaeria_maculans_infection_(Rlm2__1_and_3_days),LMD_and_dual_RNA_seq_of_the_L._maculans___B._napus_(B._napus_near_isogenic_lines,_one_containing_resistance_gene_Rlm2)_infection_site_at_1_and_3_days_post_inoculation_to_identify_genes_activated_early_in_the_defense_response
PRJNA477556,SRR7413599,Leaf,Rlm_inf_day_3_3_dpi,Leptosphaeria_maculans_infection_(Rlm2__1_and_3_days),LMD_and_dual_RNA_seq_of_the_L._maculans___B._napus_(B._napus_near_isogenic_lines,_one_containing_resistance_gene_Rlm2)_infection_site_at_1_and_3_days_post_inoculation_to_identify_genes_activated_early_in_the_defense_response
PRJNA477556,SRR7413606,Leaf,Rlm_inf_day_3_3_dpi,Leptosphaeria_maculans_infection_(Rlm2__1_and_3_days),LMD_and_dual_RNA_seq_of_the_L._maculans___B._napus_(B._napus_near_isogenic_lines,_one_containing_resistance_gene_Rlm2)_infection_site_at_1_and_3_days_post_inoculation_to_identify_genes_activated_early_in_the_defense_response
PRJNA477556,SRR7413605,Leaf,Rlm_inf_day_3_3_dpi,Leptosphaeria_maculans_infection_(Rlm2__1_and_3_days),LMD_and_dual_RNA_seq_of_the_L._maculans___B._napus_(B._napus_near_isogenic_lines,_one_containing_resistance_gene_Rlm2)_infection_site_at_1_and_3_days_post_inoculation_to_identify_genes_activated_early_in_the_defense_response
PRJNA477556,SRR7413616,Leaf,Topas_h20_day1,Leptosphaeria_maculans_infection_(Rlm2__1_and_3_days),LMD_and_dual_RNA_seq_of_the_L._maculans___B._napus_(B._napus_near_isogenic_lines,_one_containing_resistance_gene_Rlm2)_infection_site_at_1_and_3_days_post_inoculation_to_identify_genes_activated_early_in_the_defense_response
PRJNA477556,SRR7413615,Leaf,Topas_h20_day1,Leptosphaeria_maculans_infection_(Rlm2__1_and_3_days),LMD_and_dual_RNA_seq_of_the_L._maculans___B._napus_(B._napus_near_isogenic_lines,_one_containing_resistance_gene_Rlm2)_infection_site_at_1_and_3_days_post_inoculation_to_identify_genes_activated_early_in_the_defense_response
PRJNA477556,SRR7413618,Leaf,Topas_h20_day1,Leptosphaeria_maculans_infection_(Rlm2__1_and_3_days),LMD_and_dual_RNA_seq_of_the_L._maculans___B._napus_(B._napus_near_isogenic_lines,_one_containing_resistance_gene_Rlm2)_infection_site_at_1_and_3_days_post_inoculation_to_identify_genes_activated_early_in_the_defense_response
PRJNA477556,SRR7413604,Leaf,Topas_h20_day3,Leptosphaeria_maculans_infection_(Rlm2__1_and_3_days),LMD_and_dual_RNA_seq_of_the_L._maculans___B._napus_(B._napus_near_isogenic_lines,_one_containing_resistance_gene_Rlm2)_infection_site_at_1_and_3_days_post_inoculation_to_identify_genes_activated_early_in_the_defense_response
PRJNA477556,SRR7413603,Leaf,Topas_h20_day3,Leptosphaeria_maculans_infection_(Rlm2__1_and_3_days),LMD_and_dual_RNA_seq_of_the_L._maculans___B._napus_(B._napus_near_isogenic_lines,_one_containing_resistance_gene_Rlm2)_infection_site_at_1_and_3_days_post_inoculation_to_identify_genes_activated_early_in_the_defense_response
PRJNA477556,SRR7413608,Leaf,Topas_h20_day3,Leptosphaeria_maculans_infection_(Rlm2__1_and_3_days),LMD_and_dual_RNA_seq_of_the_L._maculans___B._napus_(B._napus_near_isogenic_lines,_one_containing_resistance_gene_Rlm2)_infection_site_at_1_and_3_days_post_inoculation_to_identify_genes_activated_early_in_the_defense_response
PRJNA477556,SRR7413622,Leaf,Topas_inf_day1_3_dpi,Leptosphaeria_maculans_infection_(Rlm2__1_and_3_days),LMD_and_dual_RNA_seq_of_the_L._maculans___B._napus_(B._napus_near_isogenic_lines,_one_containing_resistance_gene_Rlm2)_infection_site_at_1_and_3_days_post_inoculation_to_identify_genes_activated_early_in_the_defense_response
PRJNA477556,SRR7413621,Leaf,Topas_inf_day1_3_dpi,Leptosphaeria_maculans_infection_(Rlm2__1_and_3_days),LMD_and_dual_RNA_seq_of_the_L._maculans___B._napus_(B._napus_near_isogenic_lines,_one_containing_resistance_gene_Rlm2)_infection_site_at_1_and_3_days_post_inoculation_to_identify_genes_activated_early_in_the_defense_response
PRJNA477556,SRR7413609,Leaf,Topas_inf_day1_3_dpi,Leptosphaeria_maculans_infection_(Rlm2__1_and_3_days),LMD_and_dual_RNA_seq_of_the_L._maculans___B._napus_(B._napus_near_isogenic_lines,_one_containing_resistance_gene_Rlm2)_infection_site_at_1_and_3_days_post_inoculation_to_identify_genes_activated_early_in_the_defense_response
PRJNA477556,SRR7413602,Leaf,Topas_inf_day3_3_dpi,Leptosphaeria_maculans_infection_(Rlm2__1_and_3_days),LMD_and_dual_RNA_seq_of_the_L._maculans___B._napus_(B._napus_near_isogenic_lines,_one_containing_resistance_gene_Rlm2)_infection_site_at_1_and_3_days_post_inoculation_to_identify_genes_activated_early_in_the_defense_response
PRJNA477556,SRR7413601,Leaf,Topas_inf_day3_3_dpi,Leptosphaeria_maculans_infection_(Rlm2__1_and_3_days),LMD_and_dual_RNA_seq_of_the_L._maculans___B._napus_(B._napus_near_isogenic_lines,_one_containing_resistance_gene_Rlm2)_infection_site_at_1_and_3_days_post_inoculation_to_identify_genes_activated_early_in_the_defense_response
PRJNA477556,SRR7413600,Leaf,Topas_inf_day3_3_dpi,Leptosphaeria_maculans_infection_(Rlm2__1_and_3_days),LMD_and_dual_RNA_seq_of_the_L._maculans___B._napus_(B._napus_near_isogenic_lines,_one_containing_resistance_gene_Rlm2)_infection_site_at_1_and_3_days_post_inoculation_to_identify_genes_activated_early_in_the_defense_response
PRJEB39308,ERR4329526,Stem,Stem___Bristol___natural_infection,Leptosphaeria_maculans_infection_(Bristol__stem_and_seed),Large_scale_transcriptomics_to_dissect_two_years_of_life_of_a_fungal_phytopathogen_in_interaction(s)_with_its_host_plant
PRJEB39308,ERR4329524,Stem,Stem___Bristol___natural_infection,Leptosphaeria_maculans_infection_(Bristol__stem_and_seed),Large_scale_transcriptomics_to_dissect_two_years_of_life_of_a_fungal_phytopathogen_in_interaction(s)_with_its_host_plant
PRJEB39308,ERR4329527,Stem,Stem___Bristol___natural_infection,Leptosphaeria_maculans_infection_(Bristol__stem_and_seed),Large_scale_transcriptomics_to_dissect_two_years_of_life_of_a_fungal_phytopathogen_in_interaction(s)_with_its_host_plant
PRJEB39308,ERR4329592,Seed,Seed___Bristol___L._maculans_infection,Leptosphaeria_maculans_infection_(Bristol__stem_and_seed),Large_scale_transcriptomics_to_dissect_two_years_of_life_of_a_fungal_phytopathogen_in_interaction(s)_with_its_host_plant
PRJEB39308,ERR4329591,Seed,Seed___Bristol___L._maculans_infection,Leptosphaeria_maculans_infection_(Bristol__stem_and_seed),Large_scale_transcriptomics_to_dissect_two_years_of_life_of_a_fungal_phytopathogen_in_interaction(s)_with_its_host_plant
PRJEB39308,ERR4329590,Seed,Seed___Bristol___L._maculans_infection,Leptosphaeria_maculans_infection_(Bristol__stem_and_seed),Large_scale_transcriptomics_to_dissect_two_years_of_life_of_a_fungal_phytopathogen_in_interaction(s)_with_its_host_plant
PRJEB39308,ERR4329589,Seed,Seed___Bristol___L._maculans_infection,Leptosphaeria_maculans_infection_(Bristol__stem_and_seed),Large_scale_transcriptomics_to_dissect_two_years_of_life_of_a_fungal_phytopathogen_in_interaction(s)_with_its_host_plant
PRJEB39308,ERR4329593,Seed,Seed___Bristol___L._maculans_infection,Leptosphaeria_maculans_infection_(Bristol__stem_and_seed),Large_scale_transcriptomics_to_dissect_two_years_of_life_of_a_fungal_phytopathogen_in_interaction(s)_with_its_host_plant
PRJEB39308,ERR4329535,Stem,Stem___Bristol___natural_infection,Leptosphaeria_maculans_infection_(Bristol__stem_and_seed),Large_scale_transcriptomics_to_dissect_two_years_of_life_of_a_fungal_phytopathogen_in_interaction(s)_with_its_host_plant
PRJEB39308,ERR4329534,Stem,Stem___Bristol___natural_infection,Leptosphaeria_maculans_infection_(Bristol__stem_and_seed),Large_scale_transcriptomics_to_dissect_two_years_of_life_of_a_fungal_phytopathogen_in_interaction(s)_with_its_host_plant
PRJEB39308,ERR4329533,Stem,Stem___Bristol___natural_infection,Leptosphaeria_maculans_infection_(Bristol__stem_and_seed),Large_scale_transcriptomics_to_dissect_two_years_of_life_of_a_fungal_phytopathogen_in_interaction(s)_with_its_host_plant
PRJEB39308,ERR4329531,Stem,Stem___Bristol___natural_infection,Leptosphaeria_maculans_infection_(Bristol__stem_and_seed),Large_scale_transcriptomics_to_dissect_two_years_of_life_of_a_fungal_phytopathogen_in_interaction(s)_with_its_host_plant
PRJEB39308,ERR4329536,Stem,Stem___Bristol___natural_infection,Leptosphaeria_maculans_infection_(Bristol__stem_and_seed),Large_scale_transcriptomics_to_dissect_two_years_of_life_of_a_fungal_phytopathogen_in_interaction(s)_with_its_host_plant
PRJEB39308,ERR4329594,Seed,Seed___Bristol___L._maculans_infection,Leptosphaeria_maculans_infection_(Bristol__stem_and_seed),Large_scale_transcriptomics_to_dissect_two_years_of_life_of_a_fungal_phytopathogen_in_interaction(s)_with_its_host_plant
PRJEB36458,ERR3850137,Root,48dai_HP_LSMD_YG,Soil_microbiota_and_clubroot_disease_,A_time_course_experiment_to_study_interactions_between_P._brassicae,_two_B._napus_genotypes_(Tenor_and_Yudal:_TG_and_YG),_and_three_soils_harboring_High_(H),_Medium_(M)_or_Low_(L)_microbiota_diversities_and_displaying_different_levels_of_richness_and_diversity.__HP:_Healthy_plant,_IP:_Infected_plant
PRJEB36458,ERR3850136,Root,48dai_HP_LSMD_YG,Soil_microbiota_and_clubroot_disease_,A_time_course_experiment_to_study_interactions_between_P._brassicae,_two_B._napus_genotypes_(Tenor_and_Yudal:_TG_and_YG),_and_three_soils_harboring_High_(H),_Medium_(M)_or_Low_(L)_microbiota_diversities_and_displaying_different_levels_of_richness_and_diversity.__HP:_Healthy_plant,_IP:_Infected_plant
PRJEB36458,ERR3850135,Root,48dai_HP_LSMD_YG,Soil_microbiota_and_clubroot_disease_,A_time_course_experiment_to_study_interactions_between_P._brassicae,_two_B._napus_genotypes_(Tenor_and_Yudal:_TG_and_YG),_and_three_soils_harboring_High_(H),_Medium_(M)_or_Low_(L)_microbiota_diversities_and_displaying_different_levels_of_richness_and_diversity.__HP:_Healthy_plant,_IP:_Infected_plant
PRJEB36458,ERR3850134,Root,36dai_HP_LSMD_TG,Soil_microbiota_and_clubroot_disease_,A_time_course_experiment_to_study_interactions_between_P._brassicae,_two_B._napus_genotypes_(Tenor_and_Yudal:_TG_and_YG),_and_three_soils_harboring_High_(H),_Medium_(M)_or_Low_(L)_microbiota_diversities_and_displaying_different_levels_of_richness_and_diversity.__HP:_Healthy_plant,_IP:_Infected_plant
PRJEB36458,ERR3850133,Root,36dai_HP_LSMD_TG,Soil_microbiota_and_clubroot_disease_,A_time_course_experiment_to_study_interactions_between_P._brassicae,_two_B._napus_genotypes_(Tenor_and_Yudal:_TG_and_YG),_and_three_soils_harboring_High_(H),_Medium_(M)_or_Low_(L)_microbiota_diversities_and_displaying_different_levels_of_richness_and_diversity.__HP:_Healthy_plant,_IP:_Infected_plant
PRJEB36458,ERR3850132,Root,36dai_HP_LSMD_TG,Soil_microbiota_and_clubroot_disease_,A_time_course_experiment_to_study_interactions_between_P._brassicae,_two_B._napus_genotypes_(Tenor_and_Yudal:_TG_and_YG),_and_three_soils_harboring_High_(H),_Medium_(M)_or_Low_(L)_microbiota_diversities_and_displaying_different_levels_of_richness_and_diversity.__HP:_Healthy_plant,_IP:_Infected_plant
PRJEB36458,ERR3850143,Root,48dai_HP_MSMD_YG,Soil_microbiota_and_clubroot_disease_,A_time_course_experiment_to_study_interactions_between_P._brassicae,_two_B._napus_genotypes_(Tenor_and_Yudal:_TG_and_YG),_and_three_soils_harboring_High_(H),_Medium_(M)_or_Low_(L)_microbiota_diversities_and_displaying_different_levels_of_richness_and_diversity.__HP:_Healthy_plant,_IP:_Infected_plant
PRJEB36458,ERR3850142,Root,48dai_HP_MSMD_YG,Soil_microbiota_and_clubroot_disease_,A_time_course_experiment_to_study_interactions_between_P._brassicae,_two_B._napus_genotypes_(Tenor_and_Yudal:_TG_and_YG),_and_three_soils_harboring_High_(H),_Medium_(M)_or_Low_(L)_microbiota_diversities_and_displaying_different_levels_of_richness_and_diversity.__HP:_Healthy_plant,_IP:_Infected_plant
PRJEB36458,ERR3850141,Root,48dai_HP_MSMD_YG,Soil_microbiota_and_clubroot_disease_,A_time_course_experiment_to_study_interactions_between_P._brassicae,_two_B._napus_genotypes_(Tenor_and_Yudal:_TG_and_YG),_and_three_soils_harboring_High_(H),_Medium_(M)_or_Low_(L)_microbiota_diversities_and_displaying_different_levels_of_richness_and_diversity.__HP:_Healthy_plant,_IP:_Infected_plant
PRJEB36458,ERR3850140,Root,36dai_HP_MSMD_TG,Soil_microbiota_and_clubroot_disease_,A_time_course_experiment_to_study_interactions_between_P._brassicae,_two_B._napus_genotypes_(Tenor_and_Yudal:_TG_and_YG),_and_three_soils_harboring_High_(H),_Medium_(M)_or_Low_(L)_microbiota_diversities_and_displaying_different_levels_of_richness_and_diversity.__HP:_Healthy_plant,_IP:_Infected_plant
PRJEB36458,ERR3850139,Root,36dai_HP_MSMD_TG,Soil_microbiota_and_clubroot_disease_,A_time_course_experiment_to_study_interactions_between_P._brassicae,_two_B._napus_genotypes_(Tenor_and_Yudal:_TG_and_YG),_and_three_soils_harboring_High_(H),_Medium_(M)_or_Low_(L)_microbiota_diversities_and_displaying_different_levels_of_richness_and_diversity.__HP:_Healthy_plant,_IP:_Infected_plant
PRJEB36458,ERR3850138,Root,36dai_HP_MSMD_TG,Soil_microbiota_and_clubroot_disease_,A_time_course_experiment_to_study_interactions_between_P._brassicae,_two_B._napus_genotypes_(Tenor_and_Yudal:_TG_and_YG),_and_three_soils_harboring_High_(H),_Medium_(M)_or_Low_(L)_microbiota_diversities_and_displaying_different_levels_of_richness_and_diversity.__HP:_Healthy_plant,_IP:_Infected_plant
PRJEB36458,ERR3850131,Root,48dai_HP_HSMD_YG,Soil_microbiota_and_clubroot_disease_,A_time_course_experiment_to_study_interactions_between_P._brassicae,_two_B._napus_genotypes_(Tenor_and_Yudal:_TG_and_YG),_and_three_soils_harboring_High_(H),_Medium_(M)_or_Low_(L)_microbiota_diversities_and_displaying_different_levels_of_richness_and_diversity.__HP:_Healthy_plant,_IP:_Infected_plant
PRJEB36458,ERR3850130,Root,48dai_HP_HSMD_YG,Soil_microbiota_and_clubroot_disease_,A_time_course_experiment_to_study_interactions_between_P._brassicae,_two_B._napus_genotypes_(Tenor_and_Yudal:_TG_and_YG),_and_three_soils_harboring_High_(H),_Medium_(M)_or_Low_(L)_microbiota_diversities_and_displaying_different_levels_of_richness_and_diversity.__HP:_Healthy_plant,_IP:_Infected_plant
PRJEB36458,ERR3850129,Root,48dai_HP_HSMD_YG,Soil_microbiota_and_clubroot_disease_,A_time_course_experiment_to_study_interactions_between_P._brassicae,_two_B._napus_genotypes_(Tenor_and_Yudal:_TG_and_YG),_and_three_soils_harboring_High_(H),_Medium_(M)_or_Low_(L)_microbiota_diversities_and_displaying_different_levels_of_richness_and_diversity.__HP:_Healthy_plant,_IP:_Infected_plant
PRJEB36458,ERR3850128,Root,36dai_HP_HSMD_TG,Soil_microbiota_and_clubroot_disease_,A_time_course_experiment_to_study_interactions_between_P._brassicae,_two_B._napus_genotypes_(Tenor_and_Yudal:_TG_and_YG),_and_three_soils_harboring_High_(H),_Medium_(M)_or_Low_(L)_microbiota_diversities_and_displaying_different_levels_of_richness_and_diversity.__HP:_Healthy_plant,_IP:_Infected_plant
PRJEB36458,ERR3850127,Root,36dai_HP_HSMD_TG,Soil_microbiota_and_clubroot_disease_,A_time_course_experiment_to_study_interactions_between_P._brassicae,_two_B._napus_genotypes_(Tenor_and_Yudal:_TG_and_YG),_and_three_soils_harboring_High_(H),_Medium_(M)_or_Low_(L)_microbiota_diversities_and_displaying_different_levels_of_richness_and_diversity.__HP:_Healthy_plant,_IP:_Infected_plant
PRJEB36458,ERR3850126,Root,36dai_HP_HSMD_TG,Soil_microbiota_and_clubroot_disease_,A_time_course_experiment_to_study_interactions_between_P._brassicae,_two_B._napus_genotypes_(Tenor_and_Yudal:_TG_and_YG),_and_three_soils_harboring_High_(H),_Medium_(M)_or_Low_(L)_microbiota_diversities_and_displaying_different_levels_of_richness_and_diversity.__HP:_Healthy_plant,_IP:_Infected_plant
PRJEB36458,ERR3850173,Root,28dai_HP_LSMD_YG,Soil_microbiota_and_clubroot_disease_,A_time_course_experiment_to_study_interactions_between_P._brassicae,_two_B._napus_genotypes_(Tenor_and_Yudal:_TG_and_YG),_and_three_soils_harboring_High_(H),_Medium_(M)_or_Low_(L)_microbiota_diversities_and_displaying_different_levels_of_richness_and_diversity.__HP:_Healthy_plant,_IP:_Infected_plant
PRJEB36458,ERR3850172,Root,28dai_HP_LSMD_YG,Soil_microbiota_and_clubroot_disease_,A_time_course_experiment_to_study_interactions_between_P._brassicae,_two_B._napus_genotypes_(Tenor_and_Yudal:_TG_and_YG),_and_three_soils_harboring_High_(H),_Medium_(M)_or_Low_(L)_microbiota_diversities_and_displaying_different_levels_of_richness_and_diversity.__HP:_Healthy_plant,_IP:_Infected_plant
PRJEB36458,ERR3850171,Root,28dai_HP_LSMD_YG,Soil_microbiota_and_clubroot_disease_,A_time_course_experiment_to_study_interactions_between_P._brassicae,_two_B._napus_genotypes_(Tenor_and_Yudal:_TG_and_YG),_and_three_soils_harboring_High_(H),_Medium_(M)_or_Low_(L)_microbiota_diversities_and_displaying_different_levels_of_richness_and_diversity.__HP:_Healthy_plant,_IP:_Infected_plant
PRJEB36458,ERR3850170,Root,28dai_HP_LSMD_TG,Soil_microbiota_and_clubroot_disease_,A_time_course_experiment_to_study_interactions_between_P._brassicae,_two_B._napus_genotypes_(Tenor_and_Yudal:_TG_and_YG),_and_three_soils_harboring_High_(H),_Medium_(M)_or_Low_(L)_microbiota_diversities_and_displaying_different_levels_of_richness_and_diversity.__HP:_Healthy_plant,_IP:_Infected_plant
PRJEB36458,ERR3850169,Root,28dai_HP_LSMD_TG,Soil_microbiota_and_clubroot_disease_,A_time_course_experiment_to_study_interactions_between_P._brassicae,_two_B._napus_genotypes_(Tenor_and_Yudal:_TG_and_YG),_and_three_soils_harboring_High_(H),_Medium_(M)_or_Low_(L)_microbiota_diversities_and_displaying_different_levels_of_richness_and_diversity.__HP:_Healthy_plant,_IP:_Infected_plant
PRJEB36458,ERR3850168,Root,28dai_HP_LSMD_TG,Soil_microbiota_and_clubroot_disease_,A_time_course_experiment_to_study_interactions_between_P._brassicae,_two_B._napus_genotypes_(Tenor_and_Yudal:_TG_and_YG),_and_three_soils_harboring_High_(H),_Medium_(M)_or_Low_(L)_microbiota_diversities_and_displaying_different_levels_of_richness_and_diversity.__HP:_Healthy_plant,_IP:_Infected_plant
PRJEB36458,ERR3850179,Root,28dai_HP_MSMD_YG,Soil_microbiota_and_clubroot_disease_,A_time_course_experiment_to_study_interactions_between_P._brassicae,_two_B._napus_genotypes_(Tenor_and_Yudal:_TG_and_YG),_and_three_soils_harboring_High_(H),_Medium_(M)_or_Low_(L)_microbiota_diversities_and_displaying_different_levels_of_richness_and_diversity.__HP:_Healthy_plant,_IP:_Infected_plant
PRJEB36458,ERR3850178,Root,28dai_HP_MSMD_YG,Soil_microbiota_and_clubroot_disease_,A_time_course_experiment_to_study_interactions_between_P._brassicae,_two_B._napus_genotypes_(Tenor_and_Yudal:_TG_and_YG),_and_three_soils_harboring_High_(H),_Medium_(M)_or_Low_(L)_microbiota_diversities_and_displaying_different_levels_of_richness_and_diversity.__HP:_Healthy_plant,_IP:_Infected_plant
PRJEB36458,ERR3850177,Root,28dai_HP_MSMD_YG,Soil_microbiota_and_clubroot_disease_,A_time_course_experiment_to_study_interactions_between_P._brassicae,_two_B._napus_genotypes_(Tenor_and_Yudal:_TG_and_YG),_and_three_soils_harboring_High_(H),_Medium_(M)_or_Low_(L)_microbiota_diversities_and_displaying_different_levels_of_richness_and_diversity.__HP:_Healthy_plant,_IP:_Infected_plant
PRJEB36458,ERR3850176,Root,28dai_HP_MSMD_TG,Soil_microbiota_and_clubroot_disease_,A_time_course_experiment_to_study_interactions_between_P._brassicae,_two_B._napus_genotypes_(Tenor_and_Yudal:_TG_and_YG),_and_three_soils_harboring_High_(H),_Medium_(M)_or_Low_(L)_microbiota_diversities_and_displaying_different_levels_of_richness_and_diversity.__HP:_Healthy_plant,_IP:_Infected_plant
PRJEB36458,ERR3850175,Root,28dai_HP_MSMD_TG,Soil_microbiota_and_clubroot_disease_,A_time_course_experiment_to_study_interactions_between_P._brassicae,_two_B._napus_genotypes_(Tenor_and_Yudal:_TG_and_YG),_and_three_soils_harboring_High_(H),_Medium_(M)_or_Low_(L)_microbiota_diversities_and_displaying_different_levels_of_richness_and_diversity.__HP:_Healthy_plant,_IP:_Infected_plant
PRJEB36458,ERR3850174,Root,28dai_HP_MSMD_TG,Soil_microbiota_and_clubroot_disease_,A_time_course_experiment_to_study_interactions_between_P._brassicae,_two_B._napus_genotypes_(Tenor_and_Yudal:_TG_and_YG),_and_three_soils_harboring_High_(H),_Medium_(M)_or_Low_(L)_microbiota_diversities_and_displaying_different_levels_of_richness_and_diversity.__HP:_Healthy_plant,_IP:_Infected_plant
PRJEB36458,ERR3850167,Root,28dai_HP_HSMD_YG,Soil_microbiota_and_clubroot_disease_,A_time_course_experiment_to_study_interactions_between_P._brassicae,_two_B._napus_genotypes_(Tenor_and_Yudal:_TG_and_YG),_and_three_soils_harboring_High_(H),_Medium_(M)_or_Low_(L)_microbiota_diversities_and_displaying_different_levels_of_richness_and_diversity.__HP:_Healthy_plant,_IP:_Infected_plant
PRJEB36458,ERR3850166,Root,28dai_HP_HSMD_YG,Soil_microbiota_and_clubroot_disease_,A_time_course_experiment_to_study_interactions_between_P._brassicae,_two_B._napus_genotypes_(Tenor_and_Yudal:_TG_and_YG),_and_three_soils_harboring_High_(H),_Medium_(M)_or_Low_(L)_microbiota_diversities_and_displaying_different_levels_of_richness_and_diversity.__HP:_Healthy_plant,_IP:_Infected_plant
PRJEB36458,ERR3850165,Root,28dai_HP_HSMD_YG,Soil_microbiota_and_clubroot_disease_,A_time_course_experiment_to_study_interactions_between_P._brassicae,_two_B._napus_genotypes_(Tenor_and_Yudal:_TG_and_YG),_and_three_soils_harboring_High_(H),_Medium_(M)_or_Low_(L)_microbiota_diversities_and_displaying_different_levels_of_richness_and_diversity.__HP:_Healthy_plant,_IP:_Infected_plant
PRJEB36458,ERR3850164,Root,28dai_HP_HSMD_TG,Soil_microbiota_and_clubroot_disease_,A_time_course_experiment_to_study_interactions_between_P._brassicae,_two_B._napus_genotypes_(Tenor_and_Yudal:_TG_and_YG),_and_three_soils_harboring_High_(H),_Medium_(M)_or_Low_(L)_microbiota_diversities_and_displaying_different_levels_of_richness_and_diversity.__HP:_Healthy_plant,_IP:_Infected_plant
PRJEB36458,ERR3850163,Root,28dai_HP_HSMD_TG,Soil_microbiota_and_clubroot_disease_,A_time_course_experiment_to_study_interactions_between_P._brassicae,_two_B._napus_genotypes_(Tenor_and_Yudal:_TG_and_YG),_and_three_soils_harboring_High_(H),_Medium_(M)_or_Low_(L)_microbiota_diversities_and_displaying_different_levels_of_richness_and_diversity.__HP:_Healthy_plant,_IP:_Infected_plant
PRJEB36458,ERR3850162,Root,28dai_HP_HSMD_TG,Soil_microbiota_and_clubroot_disease_,A_time_course_experiment_to_study_interactions_between_P._brassicae,_two_B._napus_genotypes_(Tenor_and_Yudal:_TG_and_YG),_and_three_soils_harboring_High_(H),_Medium_(M)_or_Low_(L)_microbiota_diversities_and_displaying_different_levels_of_richness_and_diversity.__HP:_Healthy_plant,_IP:_Infected_plant
PRJEB36458,ERR3850154,Root,48dai_IP_LSMD_YG,Soil_microbiota_and_clubroot_disease_,A_time_course_experiment_to_study_interactions_between_P._brassicae,_two_B._napus_genotypes_(Tenor_and_Yudal:_TG_and_YG),_and_three_soils_harboring_High_(H),_Medium_(M)_or_Low_(L)_microbiota_diversities_and_displaying_different_levels_of_richness_and_diversity.__HP:_Healthy_plant,_IP:_Infected_plant
PRJEB36458,ERR3850191,Root,28dai_IP_LSMD_YG,Soil_microbiota_and_clubroot_disease_,A_time_course_experiment_to_study_interactions_between_P._brassicae,_two_B._napus_genotypes_(Tenor_and_Yudal:_TG_and_YG),_and_three_soils_harboring_High_(H),_Medium_(M)_or_Low_(L)_microbiota_diversities_and_displaying_different_levels_of_richness_and_diversity.__HP:_Healthy_plant,_IP:_Infected_plant
PRJEB36458,ERR3850190,Root,28dai_IP_LSMD_YG,Soil_microbiota_and_clubroot_disease_,A_time_course_experiment_to_study_interactions_between_P._brassicae,_two_B._napus_genotypes_(Tenor_and_Yudal:_TG_and_YG),_and_three_soils_harboring_High_(H),_Medium_(M)_or_Low_(L)_microbiota_diversities_and_displaying_different_levels_of_richness_and_diversity.__HP:_Healthy_plant,_IP:_Infected_plant
PRJEB36458,ERR3850189,Root,28dai_IP_LSMD_YG,Soil_microbiota_and_clubroot_disease_,A_time_course_experiment_to_study_interactions_between_P._brassicae,_two_B._napus_genotypes_(Tenor_and_Yudal:_TG_and_YG),_and_three_soils_harboring_High_(H),_Medium_(M)_or_Low_(L)_microbiota_diversities_and_displaying_different_levels_of_richness_and_diversity.__HP:_Healthy_plant,_IP:_Infected_plant
PRJEB36458,ERR3850188,Root,28dai_IP_LSMD_TG,Soil_microbiota_and_clubroot_disease_,A_time_course_experiment_to_study_interactions_between_P._brassicae,_two_B._napus_genotypes_(Tenor_and_Yudal:_TG_and_YG),_and_three_soils_harboring_High_(H),_Medium_(M)_or_Low_(L)_microbiota_diversities_and_displaying_different_levels_of_richness_and_diversity.__HP:_Healthy_plant,_IP:_Infected_plant
PRJEB36458,ERR3850187,Root,28dai_IP_LSMD_TG,Soil_microbiota_and_clubroot_disease_,A_time_course_experiment_to_study_interactions_between_P._brassicae,_two_B._napus_genotypes_(Tenor_and_Yudal:_TG_and_YG),_and_three_soils_harboring_High_(H),_Medium_(M)_or_Low_(L)_microbiota_diversities_and_displaying_different_levels_of_richness_and_diversity.__HP:_Healthy_plant,_IP:_Infected_plant
PRJEB36458,ERR3850186,Root,28dai_IP_LSMD_TG,Soil_microbiota_and_clubroot_disease_,A_time_course_experiment_to_study_interactions_between_P._brassicae,_two_B._napus_genotypes_(Tenor_and_Yudal:_TG_and_YG),_and_three_soils_harboring_High_(H),_Medium_(M)_or_Low_(L)_microbiota_diversities_and_displaying_different_levels_of_richness_and_diversity.__HP:_Healthy_plant,_IP:_Infected_plant
PRJEB36458,ERR3850197,Root,28dai_IP_MSMD_YG,Soil_microbiota_and_clubroot_disease_,A_time_course_experiment_to_study_interactions_between_P._brassicae,_two_B._napus_genotypes_(Tenor_and_Yudal:_TG_and_YG),_and_three_soils_harboring_High_(H),_Medium_(M)_or_Low_(L)_microbiota_diversities_and_displaying_different_levels_of_richness_and_diversity.__HP:_Healthy_plant,_IP:_Infected_plant
PRJEB36458,ERR3850196,Root,28dai_IP_MSMD_YG,Soil_microbiota_and_clubroot_disease_,A_time_course_experiment_to_study_interactions_between_P._brassicae,_two_B._napus_genotypes_(Tenor_and_Yudal:_TG_and_YG),_and_three_soils_harboring_High_(H),_Medium_(M)_or_Low_(L)_microbiota_diversities_and_displaying_different_levels_of_richness_and_diversity.__HP:_Healthy_plant,_IP:_Infected_plant
PRJEB36458,ERR3850195,Root,28dai_IP_MSMD_YG,Soil_microbiota_and_clubroot_disease_,A_time_course_experiment_to_study_interactions_between_P._brassicae,_two_B._napus_genotypes_(Tenor_and_Yudal:_TG_and_YG),_and_three_soils_harboring_High_(H),_Medium_(M)_or_Low_(L)_microbiota_diversities_and_displaying_different_levels_of_richness_and_diversity.__HP:_Healthy_plant,_IP:_Infected_plant
PRJEB36458,ERR3850194,Root,28dai_IP_MSMD_TG,Soil_microbiota_and_clubroot_disease_,A_time_course_experiment_to_study_interactions_between_P._brassicae,_two_B._napus_genotypes_(Tenor_and_Yudal:_TG_and_YG),_and_three_soils_harboring_High_(H),_Medium_(M)_or_Low_(L)_microbiota_diversities_and_displaying_different_levels_of_richness_and_diversity.__HP:_Healthy_plant,_IP:_Infected_plant
PRJEB36458,ERR3850193,Root,28dai_IP_MSMD_TG,Soil_microbiota_and_clubroot_disease_,A_time_course_experiment_to_study_interactions_between_P._brassicae,_two_B._napus_genotypes_(Tenor_and_Yudal:_TG_and_YG),_and_three_soils_harboring_High_(H),_Medium_(M)_or_Low_(L)_microbiota_diversities_and_displaying_different_levels_of_richness_and_diversity.__HP:_Healthy_plant,_IP:_Infected_plant
PRJEB36458,ERR3850192,Root,28dai_IP_MSMD_TG,Soil_microbiota_and_clubroot_disease_,A_time_course_experiment_to_study_interactions_between_P._brassicae,_two_B._napus_genotypes_(Tenor_and_Yudal:_TG_and_YG),_and_three_soils_harboring_High_(H),_Medium_(M)_or_Low_(L)_microbiota_diversities_and_displaying_different_levels_of_richness_and_diversity.__HP:_Healthy_plant,_IP:_Infected_plant
PRJEB36458,ERR3850185,Root,28dai_IP_HSMD_YG,Soil_microbiota_and_clubroot_disease_,A_time_course_experiment_to_study_interactions_between_P._brassicae,_two_B._napus_genotypes_(Tenor_and_Yudal:_TG_and_YG),_and_three_soils_harboring_High_(H),_Medium_(M)_or_Low_(L)_microbiota_diversities_and_displaying_different_levels_of_richness_and_diversity.__HP:_Healthy_plant,_IP:_Infected_plant
PRJEB36458,ERR3850184,Root,28dai_IP_HSMD_YG,Soil_microbiota_and_clubroot_disease_,A_time_course_experiment_to_study_interactions_between_P._brassicae,_two_B._napus_genotypes_(Tenor_and_Yudal:_TG_and_YG),_and_three_soils_harboring_High_(H),_Medium_(M)_or_Low_(L)_microbiota_diversities_and_displaying_different_levels_of_richness_and_diversity.__HP:_Healthy_plant,_IP:_Infected_plant
PRJEB36458,ERR3850183,Root,28dai_IP_HSMD_YG,Soil_microbiota_and_clubroot_disease_,A_time_course_experiment_to_study_interactions_between_P._brassicae,_two_B._napus_genotypes_(Tenor_and_Yudal:_TG_and_YG),_and_three_soils_harboring_High_(H),_Medium_(M)_or_Low_(L)_microbiota_diversities_and_displaying_different_levels_of_richness_and_diversity.__HP:_Healthy_plant,_IP:_Infected_plant
PRJEB36458,ERR3850182,Root,28dai_IP_HSMD_TG,Soil_microbiota_and_clubroot_disease_,A_time_course_experiment_to_study_interactions_between_P._brassicae,_two_B._napus_genotypes_(Tenor_and_Yudal:_TG_and_YG),_and_three_soils_harboring_High_(H),_Medium_(M)_or_Low_(L)_microbiota_diversities_and_displaying_different_levels_of_richness_and_diversity.__HP:_Healthy_plant,_IP:_Infected_plant
PRJEB36458,ERR3850181,Root,28dai_IP_HSMD_TG,Soil_microbiota_and_clubroot_disease_,A_time_course_experiment_to_study_interactions_between_P._brassicae,_two_B._napus_genotypes_(Tenor_and_Yudal:_TG_and_YG),_and_three_soils_harboring_High_(H),_Medium_(M)_or_Low_(L)_microbiota_diversities_and_displaying_different_levels_of_richness_and_diversity.__HP:_Healthy_plant,_IP:_Infected_plant
PRJEB36458,ERR3850180,Root,28dai_IP_HSMD_TG,Soil_microbiota_and_clubroot_disease_,A_time_course_experiment_to_study_interactions_between_P._brassicae,_two_B._napus_genotypes_(Tenor_and_Yudal:_TG_and_YG),_and_three_soils_harboring_High_(H),_Medium_(M)_or_Low_(L)_microbiota_diversities_and_displaying_different_levels_of_richness_and_diversity.__HP:_Healthy_plant,_IP:_Infected_plant
PRJNA726158,SRR14356967,Shoot,24hpi_neg_shoot,Pseudomonas_chlororaphis_(PA23)_infection,RNA_sequencing_reveals_enhanced_photosynthetic_activity_in_Brassica_napus_treated_with_Pseudomonas_chlororaphis_PA23_(rape)._Overall_design:_plant_mRNA_was_harvested_at_24_hours_and_7_days_post_treatment_with_PA23_
PRJNA726158,SRR14356968,Shoot,24hpi_neg_shoot,Pseudomonas_chlororaphis_(PA23)_infection,RNA_sequencing_reveals_enhanced_photosynthetic_activity_in_Brassica_napus_treated_with_Pseudomonas_chlororaphis_PA23_(rape)._Overall_design:_plant_mRNA_was_harvested_at_24_hours_and_7_days_post_treatment_with_PA24
PRJNA726158,SRR14356970,Shoot,24hpi_PA23_shoot,Pseudomonas_chlororaphis_(PA23)_infection,RNA_sequencing_reveals_enhanced_photosynthetic_activity_in_Brassica_napus_treated_with_Pseudomonas_chlororaphis_PA23_(rape)._Overall_design:_plant_mRNA_was_harvested_at_24_hours_and_7_days_post_treatment_with_PA25
PRJNA726158,SRR14356969,Shoot,24hpi_neg_shoot,Pseudomonas_chlororaphis_(PA23)_infection,RNA_sequencing_reveals_enhanced_photosynthetic_activity_in_Brassica_napus_treated_with_Pseudomonas_chlororaphis_PA23_(rape)._Overall_design:_plant_mRNA_was_harvested_at_24_hours_and_7_days_post_treatment_with_PA26
PRJNA726158,SRR14356971,Shoot,24hpi_PA23_shoot,Pseudomonas_chlororaphis_(PA23)_infection,RNA_sequencing_reveals_enhanced_photosynthetic_activity_in_Brassica_napus_treated_with_Pseudomonas_chlororaphis_PA23_(rape)._Overall_design:_plant_mRNA_was_harvested_at_24_hours_and_7_days_post_treatment_with_PA27
PRJNA726158,SRR14356972,Shoot,24hpi_PA23_shoot,Pseudomonas_chlororaphis_(PA23)_infection,RNA_sequencing_reveals_enhanced_photosynthetic_activity_in_Brassica_napus_treated_with_Pseudomonas_chlororaphis_PA23_(rape)._Overall_design:_plant_mRNA_was_harvested_at_24_hours_and_7_days_post_treatment_with_PA28
PRJNA726158,SRR14356974,Shoot,7dpi_neg_shoot,Pseudomonas_chlororaphis_(PA23)_infection,RNA_sequencing_reveals_enhanced_photosynthetic_activity_in_Brassica_napus_treated_with_Pseudomonas_chlororaphis_PA23_(rape)._Overall_design:_plant_mRNA_was_harvested_at_24_hours_and_7_days_post_treatment_with_PA29
PRJNA726158,SRR14356973,Shoot,7dpi_neg_shoot,Pseudomonas_chlororaphis_(PA23)_infection,RNA_sequencing_reveals_enhanced_photosynthetic_activity_in_Brassica_napus_treated_with_Pseudomonas_chlororaphis_PA23_(rape)._Overall_design:_plant_mRNA_was_harvested_at_24_hours_and_7_days_post_treatment_with_PA30
PRJNA726158,SRR14356975,Shoot,7dpi_neg_shoot,Pseudomonas_chlororaphis_(PA23)_infection,RNA_sequencing_reveals_enhanced_photosynthetic_activity_in_Brassica_napus_treated_with_Pseudomonas_chlororaphis_PA23_(rape)._Overall_design:_plant_mRNA_was_harvested_at_24_hours_and_7_days_post_treatment_with_PA31
PRJNA726158,SRR14356976,Shoot,7dpi_PA23_shoot,Pseudomonas_chlororaphis_(PA23)_infection,RNA_sequencing_reveals_enhanced_photosynthetic_activity_in_Brassica_napus_treated_with_Pseudomonas_chlororaphis_PA23_(rape)._Overall_design:_plant_mRNA_was_harvested_at_24_hours_and_7_days_post_treatment_with_PA32
PRJNA726158,SRR14356977,Shoot,7dpi_PA23_shoot,Pseudomonas_chlororaphis_(PA23)_infection,RNA_sequencing_reveals_enhanced_photosynthetic_activity_in_Brassica_napus_treated_with_Pseudomonas_chlororaphis_PA23_(rape)._Overall_design:_plant_mRNA_was_harvested_at_24_hours_and_7_days_post_treatment_with_PA33
PRJNA726158,SRR14356978,Shoot,7dpi_PA23_shoot,Pseudomonas_chlororaphis_(PA23)_infection,RNA_sequencing_reveals_enhanced_photosynthetic_activity_in_Brassica_napus_treated_with_Pseudomonas_chlororaphis_PA23_(rape)._Overall_design:_plant_mRNA_was_harvested_at_24_hours_and_7_days_post_treatment_with_PA34
PRJNA726158,SRR14356979,Root,24hpi_neg_root,Pseudomonas_chlororaphis_(PA23)_infection,RNA_sequencing_reveals_enhanced_photosynthetic_activity_in_Brassica_napus_treated_with_Pseudomonas_chlororaphis_PA23_(rape)._Overall_design:_plant_mRNA_was_harvested_at_24_hours_and_7_days_post_treatment_with_PA35
PRJNA726158,SRR14356980,Root,24hpi_neg_root,Pseudomonas_chlororaphis_(PA23)_infection,RNA_sequencing_reveals_enhanced_photosynthetic_activity_in_Brassica_napus_treated_with_Pseudomonas_chlororaphis_PA23_(rape)._Overall_design:_plant_mRNA_was_harvested_at_24_hours_and_7_days_post_treatment_with_PA36
PRJNA726158,SRR14356981,Root,24hpi_PA23_root,Pseudomonas_chlororaphis_(PA23)_infection,RNA_sequencing_reveals_enhanced_photosynthetic_activity_in_Brassica_napus_treated_with_Pseudomonas_chlororaphis_PA23_(rape)._Overall_design:_plant_mRNA_was_harvested_at_24_hours_and_7_days_post_treatment_with_PA37
PRJNA726158,SRR14356982,Root,24hpi_PA23_root,Pseudomonas_chlororaphis_(PA23)_infection,RNA_sequencing_reveals_enhanced_photosynthetic_activity_in_Brassica_napus_treated_with_Pseudomonas_chlororaphis_PA23_(rape)._Overall_design:_plant_mRNA_was_harvested_at_24_hours_and_7_days_post_treatment_with_PA38
PRJNA726158,SRR14356984,Root,7dpi_neg_root,Pseudomonas_chlororaphis_(PA23)_infection,RNA_sequencing_reveals_enhanced_photosynthetic_activity_in_Brassica_napus_treated_with_Pseudomonas_chlororaphis_PA23_(rape)._Overall_design:_plant_mRNA_was_harvested_at_24_hours_and_7_days_post_treatment_with_PA39
PRJNA726158,SRR14356983,Root,24hpi_PA23_root,Pseudomonas_chlororaphis_(PA23)_infection,RNA_sequencing_reveals_enhanced_photosynthetic_activity_in_Brassica_napus_treated_with_Pseudomonas_chlororaphis_PA23_(rape)._Overall_design:_plant_mRNA_was_harvested_at_24_hours_and_7_days_post_treatment_with_PA40
PRJNA726158,SRR14356985,Root,7dpi_neg_root,Pseudomonas_chlororaphis_(PA23)_infection,RNA_sequencing_reveals_enhanced_photosynthetic_activity_in_Brassica_napus_treated_with_Pseudomonas_chlororaphis_PA23_(rape)._Overall_design:_plant_mRNA_was_harvested_at_24_hours_and_7_days_post_treatment_with_PA41
PRJNA726158,SRR14356986,Root,7dpi_neg_root,Pseudomonas_chlororaphis_(PA23)_infection,RNA_sequencing_reveals_enhanced_photosynthetic_activity_in_Brassica_napus_treated_with_Pseudomonas_chlororaphis_PA23_(rape)._Overall_design:_plant_mRNA_was_harvested_at_24_hours_and_7_days_post_treatment_with_PA42
PRJNA726158,SRR14356987,Root,7dpi_PA23_root,Pseudomonas_chlororaphis_(PA23)_infection,RNA_sequencing_reveals_enhanced_photosynthetic_activity_in_Brassica_napus_treated_with_Pseudomonas_chlororaphis_PA23_(rape)._Overall_design:_plant_mRNA_was_harvested_at_24_hours_and_7_days_post_treatment_with_PA43
PRJNA726158,SRR14356988,Root,7dpi_PA23_root,Pseudomonas_chlororaphis_(PA23)_infection,RNA_sequencing_reveals_enhanced_photosynthetic_activity_in_Brassica_napus_treated_with_Pseudomonas_chlororaphis_PA23_(rape)._Overall_design:_plant_mRNA_was_harvested_at_24_hours_and_7_days_post_treatment_with_PA44
PRJNA726158,SRR14356989,Root,7dpi_PA23_root,Pseudomonas_chlororaphis_(PA23)_infection,RNA_sequencing_reveals_enhanced_photosynthetic_activity_in_Brassica_napus_treated_with_Pseudomonas_chlororaphis_PA23_(rape)._Overall_design:_plant_mRNA_was_harvested_at_24_hours_and_7_days_post_treatment_with_PA45
PRJEB39398,ERR4352134,Leaf,Nov_16,Leptosphaeria_maculans_infection_(Nov_16_and_Nov_29),Large_scale_transcriptomics_to_dissect_two_years_of_life_of_a_fungal_phytopathogen_in_interaction(s)_with_its_host_plant
PRJEB39398,ERR4352132,Leaf,Nov_16,Leptosphaeria_maculans_infection_(Nov_16_and_Nov_29),Large_scale_transcriptomics_to_dissect_two_years_of_life_of_a_fungal_phytopathogen_in_interaction(s)_with_its_host_plant
PRJEB39398,ERR4352130,Leaf,Nov_16,Leptosphaeria_maculans_infection_(Nov_16_and_Nov_29),Large_scale_transcriptomics_to_dissect_two_years_of_life_of_a_fungal_phytopathogen_in_interaction(s)_with_its_host_plant
PRJEB39398,ERR4352135,Leaf,Nov_29,Leptosphaeria_maculans_infection_(Nov_16_and_Nov_29),Large_scale_transcriptomics_to_dissect_two_years_of_life_of_a_fungal_phytopathogen_in_interaction(s)_with_its_host_plant
PRJEB39398,ERR4352133,Leaf,Nov_29,Leptosphaeria_maculans_infection_(Nov_16_and_Nov_29),Large_scale_transcriptomics_to_dissect_two_years_of_life_of_a_fungal_phytopathogen_in_interaction(s)_with_its_host_plant
PRJEB39398,ERR4352131,Leaf,Nov_29,Leptosphaeria_maculans_infection_(Nov_16_and_Nov_29),Large_scale_transcriptomics_to_dissect_two_years_of_life_of_a_fungal_phytopathogen_in_interaction(s)_with_its_host_plant
PRJEB36839,ERR3932786,Embryo,Wild_TSR270,Suppression_of_Storage_Proteins,Cellular_plasticity_in_response_to_suppression_of_storage_proteins_in_the_Brassica_napus_embryo
PRJEB36839,ERR3932785,Embryo,Wild_TSR270,Suppression_of_Storage_Proteins,Cellular_plasticity_in_response_to_suppression_of_storage_proteins_in_the_Brassica_napus_embryo
PRJEB36839,ERR3932784,Embryo,Wild_TSR270,Suppression_of_Storage_Proteins,Cellular_plasticity_in_response_to_suppression_of_storage_proteins_in_the_Brassica_napus_embryo
PRJEB36839,ERR3932783,Embryo,Wild_TSR270,Suppression_of_Storage_Proteins,Cellular_plasticity_in_response_to_suppression_of_storage_proteins_in_the_Brassica_napus_embryo
PRJEB36839,ERR3932782,Embryo,Wild_TSR270,Suppression_of_Storage_Proteins,Cellular_plasticity_in_response_to_suppression_of_storage_proteins_in_the_Brassica_napus_embryo
PRJEB36839,ERR3932781,Embryo,Wild_TSR270,Suppression_of_Storage_Proteins,Cellular_plasticity_in_response_to_suppression_of_storage_proteins_in_the_Brassica_napus_embryo
PRJEB36839,ERR3932780,Embryo,Wild_TSR269,Suppression_of_Storage_Proteins,Cellular_plasticity_in_response_to_suppression_of_storage_proteins_in_the_Brassica_napus_embryo
PRJEB36839,ERR3932779,Embryo,Wild_TSR269,Suppression_of_Storage_Proteins,Cellular_plasticity_in_response_to_suppression_of_storage_proteins_in_the_Brassica_napus_embryo
PRJEB36839,ERR3932778,Embryo,Wild_TSR269,Suppression_of_Storage_Proteins,Cellular_plasticity_in_response_to_suppression_of_storage_proteins_in_the_Brassica_napus_embryo
PRJEB36839,ERR3932777,Embryo,Wild_TSR269,Suppression_of_Storage_Proteins,Cellular_plasticity_in_response_to_suppression_of_storage_proteins_in_the_Brassica_napus_embryo
PRJEB36839,ERR3932776,Embryo,Wild_TSR269,Suppression_of_Storage_Proteins,Cellular_plasticity_in_response_to_suppression_of_storage_proteins_in_the_Brassica_napus_embryo
PRJEB36839,ERR3932775,Embryo,Wild_TSR269,Suppression_of_Storage_Proteins,Cellular_plasticity_in_response_to_suppression_of_storage_proteins_in_the_Brassica_napus_embryo
PRJEB36839,ERR3932773,Embryo,Wild_TSR268,Suppression_of_Storage_Proteins,Cellular_plasticity_in_response_to_suppression_of_storage_proteins_in_the_Brassica_napus_embryo
PRJEB36839,ERR3932772,Embryo,Wild_TSR268,Suppression_of_Storage_Proteins,Cellular_plasticity_in_response_to_suppression_of_storage_proteins_in_the_Brassica_napus_embryo
PRJEB36839,ERR3932771,Embryo,Wild_TSR268,Suppression_of_Storage_Proteins,Cellular_plasticity_in_response_to_suppression_of_storage_proteins_in_the_Brassica_napus_embryo
PRJEB36839,ERR3932770,Embryo,Wild_TSR268,Suppression_of_Storage_Proteins,Cellular_plasticity_in_response_to_suppression_of_storage_proteins_in_the_Brassica_napus_embryo
PRJEB36839,ERR3932769,Embryo,Wild_TSR268,Suppression_of_Storage_Proteins,Cellular_plasticity_in_response_to_suppression_of_storage_proteins_in_the_Brassica_napus_embryo
PRJEB36839,ERR3932768,Embryo,transgenic_TSR267,Suppression_of_Storage_Proteins,Cellular_plasticity_in_response_to_suppression_of_storage_proteins_in_the_Brassica_napus_embryo
PRJEB36839,ERR3932767,Embryo,transgenic_TSR267,Suppression_of_Storage_Proteins,Cellular_plasticity_in_response_to_suppression_of_storage_proteins_in_the_Brassica_napus_embryo
PRJEB36839,ERR3932766,Embryo,transgenic_TSR267,Suppression_of_Storage_Proteins,Cellular_plasticity_in_response_to_suppression_of_storage_proteins_in_the_Brassica_napus_embryo
PRJEB36839,ERR3932765,Embryo,transgenic_TSR267,Suppression_of_Storage_Proteins,Cellular_plasticity_in_response_to_suppression_of_storage_proteins_in_the_Brassica_napus_embryo
PRJEB36839,ERR3932764,Embryo,transgenic_TSR267,Suppression_of_Storage_Proteins,Cellular_plasticity_in_response_to_suppression_of_storage_proteins_in_the_Brassica_napus_embryo
PRJEB36839,ERR3932763,Embryo,transgenic_TSR267,Suppression_of_Storage_Proteins,Cellular_plasticity_in_response_to_suppression_of_storage_proteins_in_the_Brassica_napus_embryo
PRJEB36839,ERR3932761,Embryo,transgenic_TSR266,Suppression_of_Storage_Proteins,Cellular_plasticity_in_response_to_suppression_of_storage_proteins_in_the_Brassica_napus_embryo
PRJEB36839,ERR3932760,Embryo,transgenic_TSR266,Suppression_of_Storage_Proteins,Cellular_plasticity_in_response_to_suppression_of_storage_proteins_in_the_Brassica_napus_embryo
PRJEB36839,ERR3932759,Embryo,transgenic_TSR266,Suppression_of_Storage_Proteins,Cellular_plasticity_in_response_to_suppression_of_storage_proteins_in_the_Brassica_napus_embryo
PRJEB36839,ERR3932758,Embryo,transgenic_TSR266,Suppression_of_Storage_Proteins,Cellular_plasticity_in_response_to_suppression_of_storage_proteins_in_the_Brassica_napus_embryo
PRJEB36839,ERR3932757,Embryo,transgenic_TSR266,Suppression_of_Storage_Proteins,Cellular_plasticity_in_response_to_suppression_of_storage_proteins_in_the_Brassica_napus_embryo
PRJEB36839,ERR3932756,Embryo,transgenic_TSR266,Suppression_of_Storage_Proteins,Cellular_plasticity_in_response_to_suppression_of_storage_proteins_in_the_Brassica_napus_embryo
PRJEB36839,ERR3932755,Embryo,transgenic580_TSR265,Suppression_of_Storage_Proteins,Cellular_plasticity_in_response_to_suppression_of_storage_proteins_in_the_Brassica_napus_embryo
PRJEB36839,ERR3932754,Embryo,transgenic580_TSR265,Suppression_of_Storage_Proteins,Cellular_plasticity_in_response_to_suppression_of_storage_proteins_in_the_Brassica_napus_embryo
PRJEB36839,ERR3932753,Embryo,transgenic580_TSR265,Suppression_of_Storage_Proteins,Cellular_plasticity_in_response_to_suppression_of_storage_proteins_in_the_Brassica_napus_embryo
PRJEB36839,ERR3932752,Embryo,transgenic580_TSR265,Suppression_of_Storage_Proteins,Cellular_plasticity_in_response_to_suppression_of_storage_proteins_in_the_Brassica_napus_embryo
PRJEB36839,ERR3932751,Embryo,transgenic580_TSR265,Suppression_of_Storage_Proteins,Cellular_plasticity_in_response_to_suppression_of_storage_proteins_in_the_Brassica_napus_embryo
PRJEB36839,ERR3932750,Embryo,transgenic580_TSR265,Suppression_of_Storage_Proteins,Cellular_plasticity_in_response_to_suppression_of_storage_proteins_in_the_Brassica_napus_embryo
PRJEB36839,ERR3932749,Embryo,transgenic580_TSR265,Suppression_of_Storage_Proteins,Cellular_plasticity_in_response_to_suppression_of_storage_proteins_in_the_Brassica_napus_embryo
PRJNA616079,SRR11697977,Stem,Resistant_24hpi,Sclerotinia_Sclerotiorum_infection_(Two_line,_three_time_points),Comparative_transcriptomic_analysis_between_two_Brassica_napus_DH_lines_developed_from_a_cross_between_resistant_and_susceptible_lines_against_Sclerotinia_stem_rot,_at_three_time_points_24,_48_and_96_hours_post_inoculation_
PRJNA616079,SRR11697976,Stem,Resistant_24hpi,Sclerotinia_Sclerotiorum_infection_(Two_line,_three_time_points),Comparative_transcriptomic_analysis_between_two_Brassica_napus_DH_lines_developed_from_a_cross_between_resistant_and_susceptible_lines_against_Sclerotinia_stem_rot,_at_three_time_points_24,_48_and_96_hours_post_inoculation_
PRJNA616079,SRR11697964,Stem,Resistant_24hpi,Sclerotinia_Sclerotiorum_infection_(Two_line,_three_time_points),Comparative_transcriptomic_analysis_between_two_Brassica_napus_DH_lines_developed_from_a_cross_between_resistant_and_susceptible_lines_against_Sclerotinia_stem_rot,_at_three_time_points_24,_48_and_96_hours_post_inoculation_
PRJNA616079,SRR11697959,Stem,Resistant_48hpi,Sclerotinia_Sclerotiorum_infection_(Two_line,_three_time_points),Comparative_transcriptomic_analysis_between_two_Brassica_napus_DH_lines_developed_from_a_cross_between_resistant_and_susceptible_lines_against_Sclerotinia_stem_rot,_at_three_time_points_24,_48_and_96_hours_post_inoculation_
PRJNA616079,SRR11697958,Stem,Resistant_48hpi,Sclerotinia_Sclerotiorum_infection_(Two_line,_three_time_points),Comparative_transcriptomic_analysis_between_two_Brassica_napus_DH_lines_developed_from_a_cross_between_resistant_and_susceptible_lines_against_Sclerotinia_stem_rot,_at_three_time_points_24,_48_and_96_hours_post_inoculation_
PRJNA616079,SRR11697956,Stem,Resistant_48hpi,Sclerotinia_Sclerotiorum_infection_(Two_line,_three_time_points),Comparative_transcriptomic_analysis_between_two_Brassica_napus_DH_lines_developed_from_a_cross_between_resistant_and_susceptible_lines_against_Sclerotinia_stem_rot,_at_three_time_points_24,_48_and_96_hours_post_inoculation_
PRJNA616079,SRR11697954,Stem,Resistant_96hpi,Sclerotinia_Sclerotiorum_infection_(Two_line,_three_time_points),Comparative_transcriptomic_analysis_between_two_Brassica_napus_DH_lines_developed_from_a_cross_between_resistant_and_susceptible_lines_against_Sclerotinia_stem_rot,_at_three_time_points_24,_48_and_96_hours_post_inoculation_
PRJNA616079,SRR11697957,Stem,Resistant_96hpi,Sclerotinia_Sclerotiorum_infection_(Two_line,_three_time_points),Comparative_transcriptomic_analysis_between_two_Brassica_napus_DH_lines_developed_from_a_cross_between_resistant_and_susceptible_lines_against_Sclerotinia_stem_rot,_at_three_time_points_24,_48_and_96_hours_post_inoculation_
PRJNA616079,SRR11697975,Stem,Resistant_96hpi,Sclerotinia_Sclerotiorum_infection_(Two_line,_three_time_points),Comparative_transcriptomic_analysis_between_two_Brassica_napus_DH_lines_developed_from_a_cross_between_resistant_and_susceptible_lines_against_Sclerotinia_stem_rot,_at_three_time_points_24,_48_and_96_hours_post_inoculation_
PRJNA616079,SRR11697960,Stem,Resistant_mock_24hpi,Sclerotinia_Sclerotiorum_infection_(Two_line,_three_time_points),Comparative_transcriptomic_analysis_between_two_Brassica_napus_DH_lines_developed_from_a_cross_between_resistant_and_susceptible_lines_against_Sclerotinia_stem_rot,_at_three_time_points_24,_48_and_96_hours_post_inoculation_
PRJNA616079,SRR11697955,Stem,Resistant_mock_48hpi,Sclerotinia_Sclerotiorum_infection_(Two_line,_three_time_points),Comparative_transcriptomic_analysis_between_two_Brassica_napus_DH_lines_developed_from_a_cross_between_resistant_and_susceptible_lines_against_Sclerotinia_stem_rot,_at_three_time_points_24,_48_and_96_hours_post_inoculation_
PRJNA616079,SRR11697974,Stem,Resistant_mock_96hpi,Sclerotinia_Sclerotiorum_infection_(Two_line,_three_time_points),Comparative_transcriptomic_analysis_between_two_Brassica_napus_DH_lines_developed_from_a_cross_between_resistant_and_susceptible_lines_against_Sclerotinia_stem_rot,_at_three_time_points_24,_48_and_96_hours_post_inoculation_
PRJNA616079,SRR11697972,Stem,Susceptible_24hpi,Sclerotinia_Sclerotiorum_infection_(Two_line,_three_time_points),Comparative_transcriptomic_analysis_between_two_Brassica_napus_DH_lines_developed_from_a_cross_between_resistant_and_susceptible_lines_against_Sclerotinia_stem_rot,_at_three_time_points_24,_48_and_96_hours_post_inoculation_
PRJNA616079,SRR11697971,Stem,Susceptible_24hpi,Sclerotinia_Sclerotiorum_infection_(Two_line,_three_time_points),Comparative_transcriptomic_analysis_between_two_Brassica_napus_DH_lines_developed_from_a_cross_between_resistant_and_susceptible_lines_against_Sclerotinia_stem_rot,_at_three_time_points_24,_48_and_96_hours_post_inoculation_
PRJNA616079,SRR11697970,Stem,Susceptible_24hpi,Sclerotinia_Sclerotiorum_infection_(Two_line,_three_time_points),Comparative_transcriptomic_analysis_between_two_Brassica_napus_DH_lines_developed_from_a_cross_between_resistant_and_susceptible_lines_against_Sclerotinia_stem_rot,_at_three_time_points_24,_48_and_96_hours_post_inoculation_
PRJNA616079,SRR11697969,Stem,Susceptible_48hpi,Sclerotinia_Sclerotiorum_infection_(Two_line,_three_time_points),Comparative_transcriptomic_analysis_between_two_Brassica_napus_DH_lines_developed_from_a_cross_between_resistant_and_susceptible_lines_against_Sclerotinia_stem_rot,_at_three_time_points_24,_48_and_96_hours_post_inoculation_
PRJNA616079,SRR11697968,Stem,Susceptible_48hpi,Sclerotinia_Sclerotiorum_infection_(Two_line,_three_time_points),Comparative_transcriptomic_analysis_between_two_Brassica_napus_DH_lines_developed_from_a_cross_between_resistant_and_susceptible_lines_against_Sclerotinia_stem_rot,_at_three_time_points_24,_48_and_96_hours_post_inoculation_
PRJNA616079,SRR11697967,Stem,Susceptible_48hpi,Sclerotinia_Sclerotiorum_infection_(Two_line,_three_time_points),Comparative_transcriptomic_analysis_between_two_Brassica_napus_DH_lines_developed_from_a_cross_between_resistant_and_susceptible_lines_against_Sclerotinia_stem_rot,_at_three_time_points_24,_48_and_96_hours_post_inoculation_
PRJNA616079,SRR11697963,Stem,Susceptible_96hpi,Sclerotinia_Sclerotiorum_infection_(Two_line,_three_time_points),Comparative_transcriptomic_analysis_between_two_Brassica_napus_DH_lines_developed_from_a_cross_between_resistant_and_susceptible_lines_against_Sclerotinia_stem_rot,_at_three_time_points_24,_48_and_96_hours_post_inoculation_
PRJNA616079,SRR11697962,Stem,Susceptible_96hpi,Sclerotinia_Sclerotiorum_infection_(Two_line,_three_time_points),Comparative_transcriptomic_analysis_between_two_Brassica_napus_DH_lines_developed_from_a_cross_between_resistant_and_susceptible_lines_against_Sclerotinia_stem_rot,_at_three_time_points_24,_48_and_96_hours_post_inoculation_
PRJNA616079,SRR11697965,Stem,Susceptible_96hpi,Sclerotinia_Sclerotiorum_infection_(Two_line,_three_time_points),Comparative_transcriptomic_analysis_between_two_Brassica_napus_DH_lines_developed_from_a_cross_between_resistant_and_susceptible_lines_against_Sclerotinia_stem_rot,_at_three_time_points_24,_48_and_96_hours_post_inoculation_
PRJNA616079,SRR11697973,Stem,Susceptible_mock_24hpi,Sclerotinia_Sclerotiorum_infection_(Two_line,_three_time_points),Comparative_transcriptomic_analysis_between_two_Brassica_napus_DH_lines_developed_from_a_cross_between_resistant_and_susceptible_lines_against_Sclerotinia_stem_rot,_at_three_time_points_24,_48_and_96_hours_post_inoculation_
PRJNA616079,SRR11697966,Stem,Susceptible_mock_48hpi,Sclerotinia_Sclerotiorum_infection_(Two_line,_three_time_points),Comparative_transcriptomic_analysis_between_two_Brassica_napus_DH_lines_developed_from_a_cross_between_resistant_and_susceptible_lines_against_Sclerotinia_stem_rot,_at_three_time_points_24,_48_and_96_hours_post_inoculation_
PRJNA616079,SRR11697961,Stem,Susceptible_mock_96hpi,Sclerotinia_Sclerotiorum_infection_(Two_line,_three_time_points),Comparative_transcriptomic_analysis_between_two_Brassica_napus_DH_lines_developed_from_a_cross_between_resistant_and_susceptible_lines_against_Sclerotinia_stem_rot,_at_three_time_points_24,_48_and_96_hours_post_inoculation_
PRJNA641462,SRR12077446,Hhypocotyl,DT_8VF,Sclerotinia_Sclerotiorum_infection_(DT_8_and_DT_8VF_strains),The_raw_data_of_RNA_seq_of_rapeseed_which_Sclerotinia_sclerotiorum_strain_DT_8_or_DT_8VF_grown_in_rapeseed_hypocotyl_and_no_treated_rapeseed
PRJNA641462,SRR12077447,Hhypocotyl,DT_8VF,Sclerotinia_Sclerotiorum_infection_(DT_8_and_DT_8VF_strains),The_raw_data_of_RNA_seq_of_rapeseed_which_Sclerotinia_sclerotiorum_strain_DT_8_or_DT_8VF_grown_in_rapeseed_hypocotyl_and_no_treated_rapeseed
PRJNA641462,SRR12077448,Hhypocotyl,DT_8VF,Sclerotinia_Sclerotiorum_infection_(DT_8_and_DT_8VF_strains),The_raw_data_of_RNA_seq_of_rapeseed_which_Sclerotinia_sclerotiorum_strain_DT_8_or_DT_8VF_grown_in_rapeseed_hypocotyl_and_no_treated_rapeseed
PRJNA641462,SRR12077449,Hhypocotyl,DT_8,Sclerotinia_Sclerotiorum_infection_(DT_8_and_DT_8VF_strains),The_raw_data_of_RNA_seq_of_rapeseed_which_Sclerotinia_sclerotiorum_strain_DT_8_or_DT_8VF_grown_in_rapeseed_hypocotyl_and_no_treated_rapeseed
PRJNA641462,SRR12077450,Hhypocotyl,DT_8,Sclerotinia_Sclerotiorum_infection_(DT_8_and_DT_8VF_strains),The_raw_data_of_RNA_seq_of_rapeseed_which_Sclerotinia_sclerotiorum_strain_DT_8_or_DT_8VF_grown_in_rapeseed_hypocotyl_and_no_treated_rapeseed
PRJNA641462,SRR12077451,Hhypocotyl,DT_8,Sclerotinia_Sclerotiorum_infection_(DT_8_and_DT_8VF_strains),The_raw_data_of_RNA_seq_of_rapeseed_which_Sclerotinia_sclerotiorum_strain_DT_8_or_DT_8VF_grown_in_rapeseed_hypocotyl_and_no_treated_rapeseed
PRJNA641462,SRR12077452,Hhypocotyl,no_treated,Sclerotinia_Sclerotiorum_infection_(DT_8_and_DT_8VF_strains),The_raw_data_of_RNA_seq_of_rapeseed_which_Sclerotinia_sclerotiorum_strain_DT_8_or_DT_8VF_grown_in_rapeseed_hypocotyl_and_no_treated_rapeseed
PRJNA641462,SRR12077453,Hhypocotyl,no_treated,Sclerotinia_Sclerotiorum_infection_(DT_8_and_DT_8VF_strains),The_raw_data_of_RNA_seq_of_rapeseed_which_Sclerotinia_sclerotiorum_strain_DT_8_or_DT_8VF_grown_in_rapeseed_hypocotyl_and_no_treated_rapeseed
PRJNA641462,SRR12077454,Hhypocotyl,no_treated,Sclerotinia_Sclerotiorum_infection_(DT_8_and_DT_8VF_strains),The_raw_data_of_RNA_seq_of_rapeseed_which_Sclerotinia_sclerotiorum_strain_DT_8_or_DT_8VF_grown_in_rapeseed_hypocotyl_and_no_treated_rapeseed
PRJNA662499,SRR12615538,Roots,Mendel_with_resistance_,Clubroot_resistance_(Mendel_and_rutabaga),Transcriptomic_responses_in_spring_canola_carrying_clubroot_resistance_introgressed_from_rutabaga_or_Mendel
PRJNA662499,SRR12615541,Roots,Mendel_with_resistance_,Clubroot_resistance_(Mendel_and_rutabaga),Transcriptomic_responses_in_spring_canola_carrying_clubroot_resistance_introgressed_from_rutabaga_or_Mendel
PRJNA662499,SRR12615542,Roots,Mendel_with_resistance_,Clubroot_resistance_(Mendel_and_rutabaga),Transcriptomic_responses_in_spring_canola_carrying_clubroot_resistance_introgressed_from_rutabaga_or_Mendel
PRJNA662499,SRR12615535,Roots,Mendel_lacking_resistance_,Clubroot_resistance_(Mendel_and_rutabaga),Transcriptomic_responses_in_spring_canola_carrying_clubroot_resistance_introgressed_from_rutabaga_or_Mendel
PRJNA662499,SRR12615536,Roots,Mendel_lacking_resistance_,Clubroot_resistance_(Mendel_and_rutabaga),Transcriptomic_responses_in_spring_canola_carrying_clubroot_resistance_introgressed_from_rutabaga_or_Mendel
PRJNA662499,SRR12615537,Roots,Mendel_lacking_resistance_,Clubroot_resistance_(Mendel_and_rutabaga),Transcriptomic_responses_in_spring_canola_carrying_clubroot_resistance_introgressed_from_rutabaga_or_Mendel
PRJNA662499,SRR12615532,Roots,Rutabaga_with_resistance_,Clubroot_resistance_(Mendel_and_rutabaga),Transcriptomic_responses_in_spring_canola_carrying_clubroot_resistance_introgressed_from_rutabaga_or_Mendel
PRJNA662499,SRR12615533,Roots,Rutabaga_with_resistance_,Clubroot_resistance_(Mendel_and_rutabaga),Transcriptomic_responses_in_spring_canola_carrying_clubroot_resistance_introgressed_from_rutabaga_or_Mendel
PRJNA662499,SRR12615534,Roots,Rutabaga_with_resistance_,Clubroot_resistance_(Mendel_and_rutabaga),Transcriptomic_responses_in_spring_canola_carrying_clubroot_resistance_introgressed_from_rutabaga_or_Mendel
PRJNA662499,SRR12615539,Roots,Rutabaga_lacking_resistance_,Clubroot_resistance_(Mendel_and_rutabaga),Transcriptomic_responses_in_spring_canola_carrying_clubroot_resistance_introgressed_from_rutabaga_or_Mendel
PRJNA662499,SRR12615540,Roots,Rutabaga_lacking_resistance_,Clubroot_resistance_(Mendel_and_rutabaga),Transcriptomic_responses_in_spring_canola_carrying_clubroot_resistance_introgressed_from_rutabaga_or_Mendel
PRJNA662499,SRR12615531,Roots,Rutabaga_lacking_resistance_,Clubroot_resistance_(Mendel_and_rutabaga),Transcriptomic_responses_in_spring_canola_carrying_clubroot_resistance_introgressed_from_rutabaga_or_Mendel
PRJNA685314,SRR13255325,Roots,resistant_control,Clubroot_resistance_(Tosca_x_BRH_1),The_transcriptomic_differences_of_inoculated_and_non_inoculated_DH_lines_(Tosca')_carrying_resistant_and_susceptible_background.
PRJNA685314,SRR13255326,Roots,resistant_control,Clubroot_resistance_(Tosca_x_BRH_1),The_transcriptomic_differences_of_inoculated_and_non_inoculated_DH_lines_(Tosca')_carrying_resistant_and_susceptible_background.
PRJNA685314,SRR13255329,Roots,susceptible_control,Clubroot_resistance_(Tosca_x_BRH_1),The_transcriptomic_differences_of_inoculated_and_non_inoculated_DH_lines_(Tosca')_carrying_resistant_and_susceptible_background.
PRJNA685314,SRR13255330,Roots,susceptible_control,Clubroot_resistance_(Tosca_x_BRH_1),The_transcriptomic_differences_of_inoculated_and_non_inoculated_DH_lines_(Tosca')_carrying_resistant_and_susceptible_background.
PRJNA685314,SRR13255331,Roots,resistant_inoculated,Clubroot_resistance_(Tosca_x_BRH_1),The_transcriptomic_differences_of_inoculated_and_non_inoculated_DH_lines_(Tosca')_carrying_resistant_and_susceptible_background.
PRJNA685314,SRR13255332,Roots,resistant_inoculated,Clubroot_resistance_(Tosca_x_BRH_1),The_transcriptomic_differences_of_inoculated_and_non_inoculated_DH_lines_(Tosca')_carrying_resistant_and_susceptible_background.
PRJEB34899,ERR3596731,cotyledons,AGP,Leptosphaeria_infected_cotyledons_(cotyledons),RNA_sequencing_from_Leptosphaeria_infected_cotyledons_(Brassica_napus_cv._Darmor).
PRJEB34899,ERR3596732,cotyledons,AGQ,Leptosphaeria_infected_cotyledons_(cotyledons),RNA_sequencing_from_Leptosphaeria_infected_cotyledons_(Brassica_napus_cv._Darmor).
PRJEB34899,ERR3596733,cotyledons,AHA,Leptosphaeria_infected_cotyledons_(cotyledons),RNA_sequencing_from_Leptosphaeria_infected_cotyledons_(Brassica_napus_cv._Darmor).
PRJEB34899,ERR3596734,cotyledons,AHG,Leptosphaeria_infected_cotyledons_(cotyledons),RNA_sequencing_from_Leptosphaeria_infected_cotyledons_(Brassica_napus_cv._Darmor).
PRJEB34899,ERR3596735,cotyledons,AHS,Leptosphaeria_infected_cotyledons_(cotyledons),RNA_sequencing_from_Leptosphaeria_infected_cotyledons_(Brassica_napus_cv._Darmor).
PRJEB34899,ERR3596736,cotyledons,AIH,Leptosphaeria_infected_cotyledons_(cotyledons),RNA_sequencing_from_Leptosphaeria_infected_cotyledons_(Brassica_napus_cv._Darmor).
PRJEB34899,ERR3596737,cotyledons,AIR,Leptosphaeria_infected_cotyledons_(cotyledons),RNA_sequencing_from_Leptosphaeria_infected_cotyledons_(Brassica_napus_cv._Darmor).
PRJEB34899,ERR3596738,cotyledons,AKG,Leptosphaeria_infected_cotyledons_(cotyledons),RNA_sequencing_from_Leptosphaeria_infected_cotyledons_(Brassica_napus_cv._Darmor).
PRJEB34899,ERR3596739,cotyledons,ALC,Leptosphaeria_infected_cotyledons_(cotyledons),RNA_sequencing_from_Leptosphaeria_infected_cotyledons_(Brassica_napus_cv._Darmor).
PRJEB34899,ERR3596740,cotyledons,ALN,Leptosphaeria_infected_cotyledons_(cotyledons),RNA_sequencing_from_Leptosphaeria_infected_cotyledons_(Brassica_napus_cv._Darmor).
PRJNA601293,SRR10896600,Seeds,ZZ,Sclerotinia_sclerotiorum_infection_(ZZ_and_CK),Transcriptome_sequencing_of_two_rapeseed_isolate_(ZZ_and_CK)_upon_Sclerotinia_sclerotiorum_infection
PRJNA601293,SRR10896601,Seeds,ZZ,Sclerotinia_sclerotiorum_infection_(ZZ_and_CK),Transcriptome_sequencing_of_two_rapeseed_isolate_(ZZ_and_CK)_upon_Sclerotinia_sclerotiorum_infection
PRJNA601293,SRR10896602,Seeds,ZZ,Sclerotinia_sclerotiorum_infection_(ZZ_and_CK),Transcriptome_sequencing_of_two_rapeseed_isolate_(ZZ_and_CK)_upon_Sclerotinia_sclerotiorum_infection
PRJNA601293,SRR10896603,Seeds,CK,Sclerotinia_sclerotiorum_infection_(ZZ_and_CK),Transcriptome_sequencing_of_two_rapeseed_isolate_(ZZ_and_CK)_upon_Sclerotinia_sclerotiorum_infection
PRJNA601293,SRR10896604,Seeds,CK,Sclerotinia_sclerotiorum_infection_(ZZ_and_CK),Transcriptome_sequencing_of_two_rapeseed_isolate_(ZZ_and_CK)_upon_Sclerotinia_sclerotiorum_infection
PRJNA601293,SRR10896605,Seeds,CK,Sclerotinia_sclerotiorum_infection_(ZZ_and_CK),Transcriptome_sequencing_of_two_rapeseed_isolate_(ZZ_and_CK)_upon_Sclerotinia_sclerotiorum_infection
PRJNA564005,SRR10070441,Roots,R_12_hpi,Plasmodiophora_brassicae_infection_(Two_line_at_12,_24,_60,_and_96_h),The_comparative_transcriptome_analysis_on_two_rapeseed_accessions_of_R__(resistant)_and_S__(susceptible)_line._The_12,_24,_60,_and_96_h_post_inoculation_of_P._brassicae_as_the_sampling_time_points_were_selected
PRJNA564005,SRR10070440,Roots,R_12_hpi,Plasmodiophora_brassicae_infection_(Two_line_at_12,_24,_60,_and_96_h),The_comparative_transcriptome_analysis_on_two_rapeseed_accessions_of_R__(resistant)_and_S__(susceptible)_line._The_12,_24,_60,_and_96_h_post_inoculation_of_P._brassicae_as_the_sampling_time_points_were_selected
PRJNA564005,SRR10070429,Roots,R_12_hpi,Plasmodiophora_brassicae_infection_(Two_line_at_12,_24,_60,_and_96_h),The_comparative_transcriptome_analysis_on_two_rapeseed_accessions_of_R__(resistant)_and_S__(susceptible)_line._The_12,_24,_60,_and_96_h_post_inoculation_of_P._brassicae_as_the_sampling_time_points_were_selected
PRJNA564005,SRR10070418,Roots,R_12_hpi_C,Plasmodiophora_brassicae_infection_(Two_line_at_12,_24,_60,_and_96_h),The_comparative_transcriptome_analysis_on_two_rapeseed_accessions_of_R__(resistant)_and_S__(susceptible)_line._The_12,_24,_60,_and_96_h_post_inoculation_of_P._brassicae_as_the_sampling_time_points_were_selected
PRJNA564005,SRR10070415,Roots,R_24_hpi,Plasmodiophora_brassicae_infection_(Two_line_at_12,_24,_60,_and_96_h),The_comparative_transcriptome_analysis_on_two_rapeseed_accessions_of_R__(resistant)_and_S__(susceptible)_line._The_12,_24,_60,_and_96_h_post_inoculation_of_P._brassicae_as_the_sampling_time_points_were_selected
PRJNA564005,SRR10070414,Roots,R_24_hpi,Plasmodiophora_brassicae_infection_(Two_line_at_12,_24,_60,_and_96_h),The_comparative_transcriptome_analysis_on_two_rapeseed_accessions_of_R__(resistant)_and_S__(susceptible)_line._The_12,_24,_60,_and_96_h_post_inoculation_of_P._brassicae_as_the_sampling_time_points_were_selected
PRJNA564005,SRR10070413,Roots,R_24_hpi,Plasmodiophora_brassicae_infection_(Two_line_at_12,_24,_60,_and_96_h),The_comparative_transcriptome_analysis_on_two_rapeseed_accessions_of_R__(resistant)_and_S__(susceptible)_line._The_12,_24,_60,_and_96_h_post_inoculation_of_P._brassicae_as_the_sampling_time_points_were_selected
PRJNA564005,SRR10070412,Roots,R_24_hpi_C,Plasmodiophora_brassicae_infection_(Two_line_at_12,_24,_60,_and_96_h),The_comparative_transcriptome_analysis_on_two_rapeseed_accessions_of_R__(resistant)_and_S__(susceptible)_line._The_12,_24,_60,_and_96_h_post_inoculation_of_P._brassicae_as_the_sampling_time_points_were_selected
PRJNA564005,SRR10070411,Roots,R_60_hpi,Plasmodiophora_brassicae_infection_(Two_line_at_12,_24,_60,_and_96_h),The_comparative_transcriptome_analysis_on_two_rapeseed_accessions_of_R__(resistant)_and_S__(susceptible)_line._The_12,_24,_60,_and_96_h_post_inoculation_of_P._brassicae_as_the_sampling_time_points_were_selected
PRJNA564005,SRR10070410,Roots,R_60_hpi,Plasmodiophora_brassicae_infection_(Two_line_at_12,_24,_60,_and_96_h),The_comparative_transcriptome_analysis_on_two_rapeseed_accessions_of_R__(resistant)_and_S__(susceptible)_line._The_12,_24,_60,_and_96_h_post_inoculation_of_P._brassicae_as_the_sampling_time_points_were_selected
PRJNA564005,SRR10070439,Roots,R_60_hpi,Plasmodiophora_brassicae_infection_(Two_line_at_12,_24,_60,_and_96_h),The_comparative_transcriptome_analysis_on_two_rapeseed_accessions_of_R__(resistant)_and_S__(susceptible)_line._The_12,_24,_60,_and_96_h_post_inoculation_of_P._brassicae_as_the_sampling_time_points_were_selected
PRJNA564005,SRR10070438,Roots,R_60_hpi_C,Plasmodiophora_brassicae_infection_(Two_line_at_12,_24,_60,_and_96_h),The_comparative_transcriptome_analysis_on_two_rapeseed_accessions_of_R__(resistant)_and_S__(susceptible)_line._The_12,_24,_60,_and_96_h_post_inoculation_of_P._brassicae_as_the_sampling_time_points_were_selected
PRJNA564005,SRR10070437,Roots,R_96_hpi,Plasmodiophora_brassicae_infection_(Two_line_at_12,_24,_60,_and_96_h),The_comparative_transcriptome_analysis_on_two_rapeseed_accessions_of_R__(resistant)_and_S__(susceptible)_line._The_12,_24,_60,_and_96_h_post_inoculation_of_P._brassicae_as_the_sampling_time_points_were_selected
PRJNA564005,SRR10070436,Roots,R_96_hpi,Plasmodiophora_brassicae_infection_(Two_line_at_12,_24,_60,_and_96_h),The_comparative_transcriptome_analysis_on_two_rapeseed_accessions_of_R__(resistant)_and_S__(susceptible)_line._The_12,_24,_60,_and_96_h_post_inoculation_of_P._brassicae_as_the_sampling_time_points_were_selected
PRJNA564005,SRR10070435,Roots,R_96_hpi,Plasmodiophora_brassicae_infection_(Two_line_at_12,_24,_60,_and_96_h),The_comparative_transcriptome_analysis_on_two_rapeseed_accessions_of_R__(resistant)_and_S__(susceptible)_line._The_12,_24,_60,_and_96_h_post_inoculation_of_P._brassicae_as_the_sampling_time_points_were_selected
PRJNA564005,SRR10070434,Roots,R_96_hpi_C,Plasmodiophora_brassicae_infection_(Two_line_at_12,_24,_60,_and_96_h),The_comparative_transcriptome_analysis_on_two_rapeseed_accessions_of_R__(resistant)_and_S__(susceptible)_line._The_12,_24,_60,_and_96_h_post_inoculation_of_P._brassicae_as_the_sampling_time_points_were_selected
PRJNA564005,SRR10070433,Roots,S_12_hpi,Plasmodiophora_brassicae_infection_(Two_line_at_12,_24,_60,_and_96_h),The_comparative_transcriptome_analysis_on_two_rapeseed_accessions_of_R__(resistant)_and_S__(susceptible)_line._The_12,_24,_60,_and_96_h_post_inoculation_of_P._brassicae_as_the_sampling_time_points_were_selected
PRJNA564005,SRR10070432,Roots,S_12_hpi,Plasmodiophora_brassicae_infection_(Two_line_at_12,_24,_60,_and_96_h),The_comparative_transcriptome_analysis_on_two_rapeseed_accessions_of_R__(resistant)_and_S__(susceptible)_line._The_12,_24,_60,_and_96_h_post_inoculation_of_P._brassicae_as_the_sampling_time_points_were_selected
PRJNA564005,SRR10070431,Roots,S_12_hpi,Plasmodiophora_brassicae_infection_(Two_line_at_12,_24,_60,_and_96_h),The_comparative_transcriptome_analysis_on_two_rapeseed_accessions_of_R__(resistant)_and_S__(susceptible)_line._The_12,_24,_60,_and_96_h_post_inoculation_of_P._brassicae_as_the_sampling_time_points_were_selected
PRJNA564005,SRR10070430,Roots,S_12_hpi_C,Plasmodiophora_brassicae_infection_(Two_line_at_12,_24,_60,_and_96_h),The_comparative_transcriptome_analysis_on_two_rapeseed_accessions_of_R__(resistant)_and_S__(susceptible)_line._The_12,_24,_60,_and_96_h_post_inoculation_of_P._brassicae_as_the_sampling_time_points_were_selected
PRJNA564005,SRR10070428,Roots,S_24_hpi,Plasmodiophora_brassicae_infection_(Two_line_at_12,_24,_60,_and_96_h),The_comparative_transcriptome_analysis_on_two_rapeseed_accessions_of_R__(resistant)_and_S__(susceptible)_line._The_12,_24,_60,_and_96_h_post_inoculation_of_P._brassicae_as_the_sampling_time_points_were_selected
PRJNA564005,SRR10070427,Roots,S_24_hpi,Plasmodiophora_brassicae_infection_(Two_line_at_12,_24,_60,_and_96_h),The_comparative_transcriptome_analysis_on_two_rapeseed_accessions_of_R__(resistant)_and_S__(susceptible)_line._The_12,_24,_60,_and_96_h_post_inoculation_of_P._brassicae_as_the_sampling_time_points_were_selected
PRJNA564005,SRR10070426,Roots,S_24_hpi,Plasmodiophora_brassicae_infection_(Two_line_at_12,_24,_60,_and_96_h),The_comparative_transcriptome_analysis_on_two_rapeseed_accessions_of_R__(resistant)_and_S__(susceptible)_line._The_12,_24,_60,_and_96_h_post_inoculation_of_P._brassicae_as_the_sampling_time_points_were_selected
PRJNA564005,SRR10070425,Roots,S_24_hpi_C,Plasmodiophora_brassicae_infection_(Two_line_at_12,_24,_60,_and_96_h),The_comparative_transcriptome_analysis_on_two_rapeseed_accessions_of_R__(resistant)_and_S__(susceptible)_line._The_12,_24,_60,_and_96_h_post_inoculation_of_P._brassicae_as_the_sampling_time_points_were_selected
PRJNA564005,SRR10070424,Roots,S_60_hpi,Plasmodiophora_brassicae_infection_(Two_line_at_12,_24,_60,_and_96_h),The_comparative_transcriptome_analysis_on_two_rapeseed_accessions_of_R__(resistant)_and_S__(susceptible)_line._The_12,_24,_60,_and_96_h_post_inoculation_of_P._brassicae_as_the_sampling_time_points_were_selected
PRJNA564005,SRR10070423,Roots,S_60_hpi,Plasmodiophora_brassicae_infection_(Two_line_at_12,_24,_60,_and_96_h),The_comparative_transcriptome_analysis_on_two_rapeseed_accessions_of_R__(resistant)_and_S__(susceptible)_line._The_12,_24,_60,_and_96_h_post_inoculation_of_P._brassicae_as_the_sampling_time_points_were_selected
PRJNA564005,SRR10070422,Roots,S_60_hpi,Plasmodiophora_brassicae_infection_(Two_line_at_12,_24,_60,_and_96_h),The_comparative_transcriptome_analysis_on_two_rapeseed_accessions_of_R__(resistant)_and_S__(susceptible)_line._The_12,_24,_60,_and_96_h_post_inoculation_of_P._brassicae_as_the_sampling_time_points_were_selected
PRJNA564005,SRR10070421,Roots,S_60_hpi_C,Plasmodiophora_brassicae_infection_(Two_line_at_12,_24,_60,_and_96_h),The_comparative_transcriptome_analysis_on_two_rapeseed_accessions_of_R__(resistant)_and_S__(susceptible)_line._The_12,_24,_60,_and_96_h_post_inoculation_of_P._brassicae_as_the_sampling_time_points_were_selected
PRJNA564005,SRR10070420,Roots,S_96_hpi,Plasmodiophora_brassicae_infection_(Two_line_at_12,_24,_60,_and_96_h),The_comparative_transcriptome_analysis_on_two_rapeseed_accessions_of_R__(resistant)_and_S__(susceptible)_line._The_12,_24,_60,_and_96_h_post_inoculation_of_P._brassicae_as_the_sampling_time_points_were_selected
PRJNA564005,SRR10070419,Roots,S_96_hpi,Plasmodiophora_brassicae_infection_(Two_line_at_12,_24,_60,_and_96_h),The_comparative_transcriptome_analysis_on_two_rapeseed_accessions_of_R__(resistant)_and_S__(susceptible)_line._The_12,_24,_60,_and_96_h_post_inoculation_of_P._brassicae_as_the_sampling_time_points_were_selected
PRJNA564005,SRR10070417,Roots,S_96_hpi,Plasmodiophora_brassicae_infection_(Two_line_at_12,_24,_60,_and_96_h),The_comparative_transcriptome_analysis_on_two_rapeseed_accessions_of_R__(resistant)_and_S__(susceptible)_line._The_12,_24,_60,_and_96_h_post_inoculation_of_P._brassicae_as_the_sampling_time_points_were_selected
PRJNA564005,SRR10070416,Roots,S_96_hpi_C,Plasmodiophora_brassicae_infection_(Two_line_at_12,_24,_60,_and_96_h),The_comparative_transcriptome_analysis_on_two_rapeseed_accessions_of_R__(resistant)_and_S__(susceptible)_line._The_12,_24,_60,_and_96_h_post_inoculation_of_P._brassicae_as_the_sampling_time_points_were_selected